#0 building with "default" instance using docker driver

#1 [internal] load build definition from Dockerfile
#1 transferring dockerfile: 7.51kB done
#1 DONE 0.0s

#2 [internal] load metadata for docker.io/library/archlinux:latest
#2 DONE 1.6s

#3 [internal] load .dockerignore
#3 transferring context: 2B done
#3 DONE 0.0s

#4 [ 1/12] FROM docker.io/library/archlinux:latest@sha256:287bf95d97e4f952a94a1f4a83008c6a547405bacc44173bda151231a3c843aa
#4 DONE 0.0s

#5 [ 4/12] RUN git clone     --branch llvmorg-20.1.8     --depth=1     https://github.com/llvm/llvm-project.git
#5 CACHED

#6 [10/12] RUN cd /1.4.328.1 && chmod +x ./vulkansdk && chmod +x ./setup-env.sh && export CC="$(which clang)" && export CXX="$(which clang++)" && export CXXFLAGS="        -fsanitize=memory         -fsanitize-memory-track-origins         -fsanitize-ignorelist=/msan/ignorelist_all_sources         -fno-omit-frame-pointer         -g         -std=c++23         -nostdinc++         -isystem /libcxx_msan/include/c++/v1/"&& export CFLAGS="        -fsanitize=memory         -fsanitize-memory-track-origins         -fno-omit-frame-pointer         -g" && export LDFLAGS="    -fsanitize=memory     -fsanitize-memory-track-origins     -fsanitize-ignorelist=/msan/ignorelist_all_sources     -g     -std=c++23     -L/msan/lib -Wl,-rpath,/msan/lib     -L/libcxx_msan/lib -Wl,-rpath,/libcxx_msan/lib     -lc++     -lc++abi" && ./vulkansdk     --debug     --numjobs `nproc`     vulkan-loader
#6 CACHED

#7 [ 5/12] RUN cd llvm-project/ && cmake     -S ./runtimes     -B ./build-lsan     -G Ninja     -D CMAKE_LINKER_TYPE="MOLD"     -D CMAKE_BUILD_TYPE=Release     -D CMAKE_INSTALL_PREFIX=/libcxx_lsan     -D CMAKE_C_COMPILER=$(which clang)     -D CMAKE_CXX_COMPILER=$(which clang++)     -D LLVM_ENABLE_PROJECTS="clang;compiler-rt"     -D LLVM_ENABLE_RUNTIMES="libcxx;libcxxabi"     -D LLVM_ENABLE_PIC=ON     -D LIBCXX_INSTALL_MODULES=ON     -D LIBCXXABI_USE_LLVM_UNWINDER=OFF     -D LLVM_USE_SANITIZER=Leaks && cd ./build-lsan/ && ninja cxx cxxabi && ninja install-cxx install-cxxabi && cd ../ && cmake     -S ./runtimes     -B ./build-msan     -G Ninja     -D CMAKE_LINKER_TYPE="MOLD"     -D CMAKE_BUILD_TYPE=Release     -D CMAKE_INSTALL_PREFIX=/libcxx_msan     -D CMAKE_C_COMPILER=$(which clang)     -D CMAKE_CXX_COMPILER=$(which clang++)     -D LLVM_ENABLE_PROJECTS="clang;compiler-rt"     -D LLVM_ENABLE_RUNTIMES="libcxx;libcxxabi"     -D LLVM_ENABLE_PIC=ON     -D LIBCXX_INSTALL_MODULES=ON     -D LIBCXXABI_USE_LLVM_UNWINDER=OFF     -D LLVM_USE_SANITIZER=MemoryWithOrigins && cd ./build-msan/ && ninja cxx cxxabi && ninja install-cxx install-cxxabi && cd ../ && cd ../ && rm -rf llvm-project
#7 CACHED

#8 [ 9/12] RUN tar xf vulkansdk-linux-x86_64-1.4.328.1.tar.xz
#8 CACHED

#9 [ 2/12] RUN mkdir /msan && echo 'src:*' > /msan/ignorelist_all_sources && sed -i 's/^#ParallelDownloads = .*/ParallelDownloads = 8/' /etc/pacman.conf && echo 'NoExtract = usr/share/{man,doc,info}/*' >> /etc/pacman.conf
#9 CACHED

#10 [ 3/12] RUN pacman -Syyu --noconfirm --needed --disable-download-timeout     afl++     afl-utils     base-devel     bash     cbindgen     clang     cmake     curl     debuginfod     directx-headers     elfutils     expat     gcc     gcc-libs     gdb     git     glibc     glm     glslang     libc++     libclc     libdrm     libelf     libglvnd     libinput     libpciaccess     libpng     libunwind     libva     libx11     libxcb     libxdamage     libxext     libxfixes     libxi     libxinerama     libxml2     libxpresent     libxrandr     libxshmfence     libxxf86vm     lm_sensors     llvm     lz4     meson     mold     ninja     python     python-distlib     python-distutils-extra     python-jsonschema     python-mako     python-packaging     python-ply     python-pyaml     qt5-base     qt6-base     rust     rust-bindgen     spirv-llvm-translator     spirv-tools     systemd-libs     valgrind     vulkan-headers     vulkan-icd-loader     vulkan-tools     vulkan-validation-layers     wayland     wayland-protocols     wget     xcb-proto     xcb-util     xcb-util-cursor     xcb-util-keysyms     xcb-util-wm     xorg-server-xvfb     xorg-util-macros     xorgproto     xtrans     zlib     zstd && pacman -Scc --noconfirm
#10 CACHED

#11 [ 7/12] RUN wget https://x.org/releases/individual/lib/libX11-1.8.12.tar.xz  && tar xf libX11-1.8.12.tar.xz  && cd libX11-1.8.12  && export CC=clang && export CFLAGS=" -fsanitize=memory -fsanitize-memory-track-origins -fsanitize-ignorelist=/msan/ignorelist_all_sources -fno-omit-frame-pointer -g -fPIC" && export LDFLAGS=" -fsanitize=memory -fsanitize-memory-track-origins -fsanitize-ignorelist=/msan/ignorelist_all_sources -fno-omit-frame-pointer -g -fPIC" && export PKG_CONFIG_PATH=/msan/lib/pkgconfig:$PKG_CONFIG_PATH && ./configure     --prefix=/msan     --disable-static && make && make install && cd .. && rm -rf libX11-1.8.12 libX11-1.8.12.tar.xz
#11 CACHED

#12 [ 8/12] RUN wget 'https://sdk.lunarg.com/sdk/download/1.4.328.1/linux/vulkansdk-linux-x86_64-1.4.328.1.tar.xz'
#12 CACHED

#13 [ 6/12] RUN wget https://x.org/releases/individual/lib/libxcb-1.17.0.tar.xz  && tar xf libxcb-1.17.0.tar.xz  && cd libxcb-1.17.0  && export CC=clang && export CFLAGS="     -fsanitize=memory     -fsanitize-memory-track-origins     -fsanitize-ignorelist=/msan/ignorelist_all_sources     -fno-omit-frame-pointer     -g     -fPIC" && export LDFLAGS="     -fsanitize=memory     -fsanitize-memory-track-origins     -fsanitize-ignorelist=/msan/ignorelist_all_sources     -fno-omit-frame-pointer     -g     -fPIC" && ./configure     --prefix=/msan     --disable-static     --without-doxygen && make && make install && cd .. && rm -rf libxcb-1.17.0 libxcb-1.17.0.tar.xz
#13 CACHED

#14 [11/12] RUN git clone     --branch='25.2'    --depth=1     https://gitlab.freedesktop.org/mesa/mesa.git
#14 CACHED

#15 [12/12] RUN cd mesa/ && mkdir _build && export CXX=$(which clang++) && export CC=$(which clang) && export CXXFLAGS="        -fsanitize=memory         -fsanitize-memory-track-origins         -fno-omit-frame-pointer         -g         -std=c++23         -nostdinc++         -isystem /libcxx_msan/include/c++/v1/"&& export CFLAGS="        -fsanitize=memory         -fsanitize-memory-track-origins         -fno-omit-frame-pointer         -g" && export LDFLAGS="    -fsanitize=memory     -fsanitize-memory-track-origins     -g     -L/msan/lib -Wl,-rpath,/msan/lib     -L/libcxx_msan/lib -Wl,-rpath,/libcxx_msan/lib     -lc++     -lc++abi" && meson setup ./ _build      -D android-libbacktrace=disabled     -D split-debug=disabled     -D b_ndebug=true     -D b_lto=false     -D egl=enabled     -D gallium-drivers=r300,r600,radeonsi,nouveau,virgl,svga,softpipe,llvmpipe,i915,iris,crocus,zink     -D gallium-extra-hud=true     -D gallium-rusticl=true     -D gallium-va=enabled     -D gbm=enabled     -D gles1=disabled     -D gles2=enabled     -D glvnd=enabled     -D glx=dri     -D libunwind=enabled     -D llvm=enabled     -D lmsensors=disabled     -D microsoft-clc=disabled     -D platforms=x11,wayland     -D valgrind=disabled     -D video-codecs=all     -D vulkan-drivers=amd,intel,intel_hasvk,swrast,virtio,nouveau     -D vulkan-layers=device-select,intel-nullhw,overlay     -D tools=[]     -D zstd=enabled     -D buildtype=plain     -D prefix=/usr     -D sysconfdir=/etc     -D legacy-x11=dri2     --wrap-mode=nofallback     --force-fallback-for=syn,paste,rustc-hash ; cat /mesa/_build/meson-logs/meson-log.txt && exit 1 && meson configure --no-pager _build && ninja -C _build
#15 9.004 The Meson build system
#15 9.004 Version: 1.9.1
#15 9.004 Source dir: /mesa
#15 9.004 Build dir: /mesa/_build
#15 9.004 Build type: native build
#15 9.004 DEPRECATION: Option "legacy-x11" is deprecated
#15 9.004 Project name: mesa
#15 9.004 Project version: 25.2.4
#15 9.004 C compiler for the host machine: /usr/sbin/clang (clang 20.1.8 "clang version 20.1.8")
#15 9.004 C linker for the host machine: /usr/sbin/clang ld.bfd 2.45.0
#15 9.004 C++ compiler for the host machine: /usr/sbin/clang++ (clang 20.1.8 "clang version 20.1.8")
#15 9.004 C++ linker for the host machine: /usr/sbin/clang++ ld.bfd 2.45.0
#15 9.004 Host machine cpu family: x86_64
#15 9.004 Host machine cpu: x86_64
#15 9.004 Checking for size of "void*" : 8 
#15 9.004 Checking if "-mtls-dialect=gnu2" runs: YES
#15 9.004 Checking if "split TLSDESC" links: YES 
#15 9.004 Found pkg-config: YES (/usr/sbin/pkg-config) 2.5.1
#15 9.004 Run-time dependency libglvnd found: YES 1.7.0
#15 9.004 Found CMake: /usr/sbin/cmake (4.1.2)
#15 9.004 Run-time dependency vdpau found: NO (tried pkgconfig and cmake)
#15 9.004 Program glslangValidator found: YES (/usr/sbin/glslangValidator)
#15 9.004 Run-time dependency libva found: YES 1.22.0
#15 9.004 Header "va/va.h" has symbol "VASurfaceAttribDRMFormatModifiers" with dependency libva: YES 
#15 9.004 meson.build:768: WARNING: add_languages is missing native:, assuming languages are wanted for both host and build.
#15 9.004 Rust compiler for the host machine: rustc -C linker=/usr/sbin/clang (rustc 1.90.0 "1.90.0")
#15 9.004 Rust linker for the host machine: rustc -C linker=/usr/sbin/clang ld.bfd 2.45.0
#15 9.004 Program bindgen found: YES (/usr/sbin/bindgen)
#15 9.004 Run-time dependency libclc found: YES 0.2.0
#15 9.004 Program python3 found: YES 3.13.7 3.13.7 (/usr/sbin/python3)
#15 9.004 Fetching value of define "ETIME" : 62 
#15 9.004 Compiler for C supports arguments -gsplit-dwarf: YES 
#15 9.004 Compiler for C supports link arguments -Wl,--gdb-index: NO 
#15 9.004 Checking for function "bswap32" : YES 
#15 9.004 Checking for function "bswap64" : YES 
#15 9.004 Checking for function "clz" : YES 
#15 9.004 Checking for function "clzll" : YES 
#15 9.004 Checking for function "ctz" : YES 
#15 9.004 Checking for function "expect" : YES 
#15 9.004 Checking for function "ffs" : YES 
#15 9.004 Checking for function "ffsll" : YES 
#15 9.004 Checking for function "popcount" : YES 
#15 9.004 Checking for function "popcountll" : YES 
#15 9.004 Checking for function "unreachable" : YES 
#15 9.004 Checking for function "types_compatible_p" : YES 
#15 9.004 Compiler for C supports function attribute const: YES 
#15 9.004 Compiler for C supports function attribute flatten: YES 
#15 9.004 Compiler for C supports function attribute malloc: YES 
#15 9.004 Compiler for C supports function attribute pure: YES 
#15 9.004 Compiler for C supports function attribute unused: YES 
#15 9.004 Compiler for C supports function attribute warn_unused_result: YES 
#15 9.004 Compiler for C supports function attribute weak: YES 
#15 9.004 Compiler for C supports function attribute format: YES 
#15 9.004 Compiler for C supports function attribute packed: YES 
#15 9.004 Compiler for C supports function attribute returns_nonnull: YES 
#15 9.004 Compiler for C supports function attribute alias: YES 
#15 9.004 Compiler for C supports function attribute noreturn: YES 
#15 9.004 Compiler for C supports function attribute optimize: NO 
#15 9.004 Compiler for C supports function attribute visibility:hidden: YES 
#15 9.004 Checking if "__uint128_t" compiles: YES 
#15 9.004 Checking for function "reallocarray" : YES 
#15 9.004 Checking for function "fmemopen" : YES 
#15 9.004 Checking if "gc-sections" links: YES 
#15 9.004 Compiler for C supports arguments -Werror=implicit-function-declaration: YES 
#15 9.004 Compiler for C supports arguments -Werror=missing-prototypes: YES 
#15 9.004 Compiler for C supports arguments -Werror=return-type: YES 
#15 9.004 Compiler for C supports arguments -Werror=empty-body: YES 
#15 9.004 Compiler for C supports arguments -Werror=incompatible-pointer-types: YES 
#15 9.004 Compiler for C supports arguments -Werror=int-conversion: YES 
#15 9.004 Compiler for C supports arguments -Wimplicit-fallthrough: YES 
#15 9.004 Compiler for C supports arguments -Wmisleading-indentation: YES 
#15 9.004 Compiler for C supports arguments -Wno-missing-field-initializers: YES 
#15 9.004 Compiler for C supports arguments -Wno-format-truncation: YES 
#15 9.004 Compiler for C supports arguments -Wno-nonnull-compare: NO 
#15 9.004 Compiler for C supports arguments -fno-math-errno: YES 
#15 9.004 Compiler for C supports arguments -fno-trapping-math: YES 
#15 9.004 Compiler for C supports arguments -Qunused-arguments: YES 
#15 9.004 Compiler for C supports arguments -fno-common: YES 
#15 9.004 Compiler for C supports arguments -Wno-unknown-pragmas: YES 
#15 9.004 Compiler for C supports arguments -Wno-microsoft-enum-value: YES 
#15 9.004 Compiler for C supports arguments -Wno-unused-function: YES 
#15 9.004 Compiler for C supports arguments -Werror=format: YES 
#15 9.004 Compiler for C supports arguments -Wformat-security: YES 
#15 9.004 Compiler for C supports arguments -Werror=thread-safety: YES 
#15 9.004 Compiler for C supports arguments -ffunction-sections: YES 
#15 9.004 Compiler for C supports arguments -fdata-sections: YES 
#15 9.004 Compiler for C supports arguments -Wno-unused-variable: YES 
#15 9.004 Compiler for C supports arguments -Wno-unused-but-set-variable: YES 
#15 9.004 Compiler for C supports arguments /wd4189: NO 
#15 9.004 Compiler for C++ supports arguments -Werror=return-type: YES 
#15 9.004 Compiler for C++ supports arguments -Werror=empty-body: YES 
#15 9.004 Compiler for C++ supports arguments -Wmisleading-indentation: YES 
#15 9.004 Compiler for C++ supports arguments -Wno-non-virtual-dtor: YES 
#15 9.004 Compiler for C++ supports arguments -Wno-missing-field-initializers: YES 
#15 9.004 Compiler for C++ supports arguments -Wno-format-truncation: YES 
#15 9.004 Compiler for C++ supports arguments -fno-math-errno: YES 
#15 9.004 Compiler for C++ supports arguments -fno-trapping-math: YES 
#15 9.004 Compiler for C++ supports arguments -Qunused-arguments: YES 
#15 9.004 Compiler for C++ supports arguments -flifetime-dse=1: NO 
#15 9.004 Compiler for C++ supports arguments -Wno-unknown-pragmas: YES 
#15 9.004 Compiler for C++ supports arguments -Wno-microsoft-enum-value: YES 
#15 9.004 Compiler for C++ supports arguments -Werror=format: YES 
#15 9.004 Compiler for C++ supports arguments -Wformat-security: YES 
#15 9.004 Compiler for C++ supports arguments -ffunction-sections: YES 
#15 9.004 Compiler for C++ supports arguments -fdata-sections: YES 
#15 9.004 Compiler for C++ supports arguments -Wno-unused-variable: YES 
#15 9.004 Compiler for C++ supports arguments -Wno-unused-but-set-variable: YES 
#15 9.004 Compiler for C++ supports arguments /wd4189: NO 
#15 9.004 Compiler for C supports arguments -Wno-override-init: YES 
#15 9.004 Compiler for C supports arguments -Wno-initializer-overrides: YES 
#15 9.004 Compiler for C supports arguments -Werror=pointer-arith: YES 
#15 9.004 Compiler for C supports arguments -Werror=vla: YES 
#15 9.004 Compiler for C supports arguments -Werror=gnu-empty-initializer: YES 
#15 9.004 Compiler for C++ supports arguments -Werror=pointer-arith: YES 
#15 9.004 Compiler for C++ supports arguments -Werror=vla: YES 
#15 9.004 Compiler for C++ supports arguments -Werror=gnu-empty-initializer: YES 
#15 9.004 Checking for function "__builtin_ia32_clflushopt" : YES 
#15 9.004 Checking if "GCC atomic builtins" compiles: YES 
#15 9.004 Checking if "GCC atomic builtins required -latomic" links: YES 
#15 9.004 Checking if "GCC 64bit atomics" with dependency  links: YES 
#15 9.004 Library ws2_32 found: NO
#15 9.004 Header "sys/sysmacros.h" has symbol "major" : YES 
#15 9.004 Header "sys/sysmacros.h" has symbol "minor" : YES 
#15 9.004 Header "sys/sysmacros.h" has symbol "makedev" : YES 
#15 9.004 Header "sys/mkdev.h" has symbol "major" : NO 
#15 9.004 Check usable header "sched.h" : YES 
#15 9.004 Checking for function "sched_getaffinity" : YES 
#15 9.004 Check usable header "xlocale.h" : NO 
#15 9.004 Check usable header "linux/futex.h" : YES 
#15 9.004 Check usable header "endian.h" : YES 
#15 9.004 Check usable header "dlfcn.h" : YES 
#15 9.004 Check usable header "sys/shm.h" : YES 
#15 9.004 Check usable header "cet.h" : YES 
#15 9.004 Check usable header "pthread_np.h" : NO 
#15 9.004 Check usable header "sys/inotify.h" : YES 
#15 9.004 Check usable header "linux/udmabuf.h" : YES 
#15 9.004 Checking for function "strtof" : YES 
#15 9.004 Checking for function "mkostemp" : YES 
#15 9.004 Checking for function "memfd_create" : YES 
#15 9.004 Checking for function "random_r" : YES 
#15 9.004 Checking for function "flock" : YES 
#15 9.004 Checking for function "strtok_r" : YES 
#15 9.004 Checking for function "getrandom" : YES 
#15 9.004 Checking for function "qsort_s" : NO 
#15 9.004 Checking for function "posix_fallocate" : YES 
#15 9.004 Checking for function "secure_getenv" : YES 
#15 9.004 Checking if "GNU qsort_r" links: YES 
#15 9.004 Header "time.h" has symbol "struct timespec" : YES 
#15 9.004 Checking for function "thrd_create" : YES 
#15 9.004 Header "errno.h" has symbol "program_invocation_name" : YES 
#15 9.004 Header "math.h" has symbol "issignaling" : YES 
#15 9.004 Checking for function "posix_memalign" : YES 
#15 9.004 Checking whether type "struct dirent" has member "d_type" : YES 
#15 9.004 Checking if "strtod has locale support" links: YES 
#15 9.004 Checking if "Bsymbolic" links: YES 
#15 9.004 Checking if "version-script" links: NO 
#15 12.94 Checking if "dynamic-list" links: YES 
#15 12.94 Compiler for C supports link arguments -Wl,--build-id=sha1: YES 
#15 12.94 Checking for function "dlopen" : YES 
#15 12.94 Checking for function "dladdr" with dependency : YES 
#15 12.94 Checking for function "dl_iterate_phdr" : YES 
#15 12.94 Checking for function "clock_gettime" : YES 
#15 12.94 Run-time dependency zlib found: YES 1.3.1
#15 12.94 Run-time dependency libzstd found: YES 1.5.7
#15 12.94 Run-time dependency threads found: YES
#15 12.94 Checking for function "pthread_setaffinity_np" with dependency threads: YES 
#15 12.94 Run-time dependency expat found: YES 2.7.3
#15 12.94 Library m found: YES
#15 12.94 Message: libdrm 2.4.121 needed because amdgpu has the highest requirement
#15 12.94 Run-time dependency libdrm_intel found: YES 2.4.126
#15 12.94 Run-time dependency libdrm_amdgpu found: YES 2.4.126
#15 12.94 Run-time dependency libdrm found: YES 2.4.126
#15 12.94 Run-time dependency libudev found: YES 258
#15 12.94 llvm-config found: YES (/usr/sbin/llvm-config) 20.1.8
#15 12.94 Run-time dependency LLVM (modules: amdgpu, asmparser, bitreader, bitwriter, core, coverage, engine, executionengine, instcombine, ipo, irreader, libdriver, linker, lto, mcdisassembler, mcjit, native, option, scalaropts, target, transformutils, all-targets, coroutines, frontenddriver, frontendhlsl, lto, windowsdriver) found: YES 20.1.8
#15 12.94 Run-time dependency llvmspirvlib found: YES 20.1.0.0
#15 12.94 Run-time dependency spirv-tools found: YES 2025.4.1
#15 12.94 Library clang-cpp found: YES
#15 12.94 Run-time dependency lua54 found: NO (tried pkgconfig and cmake)
#15 12.94 Run-time dependency lua5.4 found: NO (tried pkgconfig and cmake)
#15 12.94 Run-time dependency lua-5.4 found: NO (tried pkgconfig and cmake)
#15 12.94 Run-time dependency lua53 found: NO (tried pkgconfig and cmake)
#15 12.94 Run-time dependency lua5.3 found: NO (tried pkgconfig and cmake)
#15 12.94 Run-time dependency lua-5.3 found: NO (tried pkgconfig and cmake)
#15 12.94 Run-time dependency lua found: NO (tried pkgconfig)
#15 12.94 Run-time dependency libelf found: YES 0.193
#15 12.94 Dependency valgrind skipped: feature valgrind disabled
#15 12.94 Program bison found: YES (/usr/sbin/bison)
#15 12.94 Program bison found: YES 3.8.2 3.8.2 (/usr/sbin/bison)
#15 12.94 Program flex found: YES (/usr/sbin/flex)
#15 12.94 Run-time dependency libunwind found: YES 1.8.2
#15 12.94 Build-time dependency wayland-scanner found: YES 1.24.0
#15 12.94 Program /usr/bin/wayland-scanner found: YES (/usr/bin/wayland-scanner)
#15 12.94 Run-time dependency wayland-protocols found: YES 1.45
#15 12.94 Run-time dependency wayland-client found: YES 1.24.0
#15 12.94 Run-time dependency wayland-server found: YES 1.24.0
#15 12.94 Run-time dependency wayland-egl-backend found: YES 3
#15 12.94 Checking for function "wl_display_dispatch_queue_timeout" with dependency wayland-client: YES 
#15 12.94 Checking for function "wl_display_create_queue_with_name" with dependency wayland-client: YES 
#15 12.94 Run-time dependency xcb found: YES 1.17.0
#15 12.94 Run-time dependency xcb-randr found: YES 1.17.0
#15 12.94 Run-time dependency x11 found: YES 1.8.12
#15 12.94 Run-time dependency xext found: YES 1.3.6
#15 12.94 Run-time dependency xcb-glx found: YES 1.17.0
#15 12.94 Run-time dependency xcb-shm found: YES 1.17.0
#15 12.94 Dependency xcb found: YES 1.17.0 (cached)
#15 12.94 Run-time dependency xcb-keysyms found: YES 0.4.1
#15 12.94 Run-time dependency x11-xcb found: YES 1.8.12
#15 12.94 Run-time dependency xcb-dri3 found: YES 1.17.0
#15 12.94 Run-time dependency xcb-present found: YES 1.17.0
#15 12.94 Dependency xcb-shm found: YES 1.17.0 (cached)
#15 12.94 Run-time dependency xcb-sync found: YES 1.17.0
#15 12.94 Run-time dependency xshmfence found: YES 1.3.3
#15 12.94 Run-time dependency glproto found: YES 1.4.17
#15 12.94 Run-time dependency xxf86vm found: YES 1.1.6
#15 12.94 Run-time dependency xcb-xfixes found: YES 1.17.0
#15 12.94 Dependency xcb-dri3 found: YES 1.17.0 (cached)
#15 12.94 Dependency xcb-present found: YES 1.17.0 (cached)
#15 12.94 Dependency xcb-shm found: YES 1.17.0 (cached)
#15 12.94 Dependency xshmfence found: YES 1.3.3 (cached)
#15 12.94 Dependency xcb-randr found: YES 1.17.0 (cached)
#15 12.94 Run-time dependency xrandr found: YES 1.5.4
#15 12.94 Library sensors skipped: feature lmsensors disabled
#15 12.94 Program nm found: YES (/usr/sbin/nm)
#15 12.94 Program symbols-check.py found: YES (/usr/bin/python /mesa/bin/symbols-check.py)
#15 12.94 Program install_megadrivers.py found: YES (/usr/bin/python /mesa/bin/install_megadrivers.py)
#15 12.94 Checking for size of "void *" : 8 
#15 12.94 Checking for function "mmap" : YES 
#15 12.94 Checking whether type "spvtools::LinkerOptions" has member "SetAllowPtrTypeMismatch(true)" with dependency SPIRV-Tools: YES 
#15 12.94 Compiler for C supports link arguments -fPIC: YES 
#15 12.94 Program decode.py found: YES (/mesa/src/compiler/isaspec/decode.py)
#15 12.94 Program encode.py found: YES (/mesa/src/compiler/isaspec/encode.py)
#15 12.94 Program bindgen found: YES (/usr/sbin/bindgen)
#15 12.94 Looking for a fallback subproject for the dependency syn because:
#15 12.94 Use of fallback dependencies is forced.
#15 12.94 Downloading syn source from https://crates.io/api/v1/crates/syn/2.0.87/download
#15 14.38 
#15 14.38 Executing subproject syn 
#15 14.38 
#15 14.38 syn| Project name: syn
#15 14.38 syn| Project version: 2.0.87
#15 14.38 syn| Rust compiler for the host machine: rustc -C linker=/usr/sbin/clang (rustc 1.90.0 "1.90.0")
#15 14.38 syn| Rust linker for the host machine: rustc -C linker=/usr/sbin/clang ld.bfd 2.45.0
#15 14.38 syn| Downloading unicode-ident source from https://crates.io/api/v1/crates/unicode-ident/1.0.12/download
#15 15.52 
#15 15.52 Executing subproject syn:unicode-ident
#15 15.52 
#15 15.52 unicode-ident| Project name: unicode-ident
#15 15.52 unicode-ident| Project version: 1.0.12
#15 15.52 unicode-ident| Rust compiler for the host machine: rustc -C linker=/usr/sbin/clang (rustc 1.90.0 "1.90.0")
#15 15.52 unicode-ident| Rust linker for the host machine: rustc -C linker=/usr/sbin/clang ld.bfd 2.45.0
#15 15.52 unicode-ident| subprojects/unicode-ident-1.0.12/meson.build:8: WARNING: Project does not target a minimum version but uses feature introduced in '1.3.0': rust_abi arg in static_library.
#15 15.52 unicode-ident| Build targets in project: 104
#15 15.52 unicode-ident| WARNING: Project specifies no minimum version but uses features which were added in versions:
#15 15.52 unicode-ident| * 1.3.0: {'rust_abi arg in static_library'}
#15 15.52 unicode-ident| Subproject unicode-ident finished.
#15 15.52 
#15 15.52 syn| Downloading quote source from https://crates.io/api/v1/crates/quote/1.0.35/download
#15 16.59 
#15 16.59 Executing subproject syn:quote
#15 16.59 
#15 16.59 quote| Project name: quote
#15 16.59 quote| Project version: 1.0.35
#15 16.59 quote| Rust compiler for the host machine: rustc -C linker=/usr/sbin/clang (rustc 1.90.0 "1.90.0")
#15 16.59 quote| Rust linker for the host machine: rustc -C linker=/usr/sbin/clang ld.bfd 2.45.0
#15 16.59 quote| Downloading proc-macro2 source from https://crates.io/api/v1/crates/proc-macro2/1.0.86/download
#15 19.02 
#15 19.02 Executing subproject syn:quote:proc-macro2
#15 19.02 
#15 19.02 proc-macro2| Project name: proc-macro2
#15 19.02 proc-macro2| Project version: 1.0.86
#15 19.02 proc-macro2| Rust compiler for the host machine: rustc -C linker=/usr/sbin/clang (rustc 1.90.0 "1.90.0")
#15 19.02 proc-macro2| Rust linker for the host machine: rustc -C linker=/usr/sbin/clang ld.bfd 2.45.0
#15 19.02 proc-macro2| subprojects/proc-macro2-1.0.86/meson.build:56: WARNING: Project does not target a minimum version but uses feature introduced in '1.3.0': rust_abi arg in static_library.
#15 19.02 proc-macro2| Build targets in project: 105
#15 19.02 proc-macro2| WARNING: Project specifies no minimum version but uses features which were added in versions:
#15 19.02 proc-macro2| * 1.3.0: {'rust_abi arg in static_library'}
#15 19.02 proc-macro2| Subproject proc-macro2 finished.
#15 19.02 
#15 19.02 quote| subprojects/quote-1.0.35/meson.build:24: WARNING: Project does not target a minimum version but uses feature introduced in '1.3.0': rust_abi arg in static_library.
#15 19.02 quote| Build targets in project: 106
#15 19.02 quote| WARNING: Project specifies no minimum version but uses features which were added in versions:
#15 19.02 quote| * 1.3.0: {'rust_abi arg in static_library'}
#15 19.02 quote| Subproject quote finished.
#15 19.02 
#15 19.02 syn| subprojects/syn-2.0.87/meson.build:40: WARNING: Project does not target a minimum version but uses feature introduced in '1.3.0': rust_abi arg in static_library.
#15 19.02 syn| Build targets in project: 107
#15 19.02 syn| WARNING: Project specifies no minimum version but uses features which were added in versions:
#15 19.02 syn| * 1.3.0: {'rust_abi arg in static_library'}
#15 19.02 syn| Subproject syn finished.
#15 19.02 
#15 19.02 Dependency syn from subproject subprojects/syn-2.0.87 found: YES 2.0.87
#15 19.02 Compiler for C supports link arguments -Wl,-Bsymbolic-functions: YES 
#15 19.02 Compiler for C supports link arguments -Wl,-z,relro: YES 
#15 19.02 Configuring VkLayer_MESA_overlay.json using configuration
#15 19.02 Configuring VkLayer_MESA_overlay.json.in_dev.json using configuration
#15 19.02 Compiler for C supports link arguments -Wl,-Bsymbolic-functions: YES (cached)
#15 19.02 Compiler for C supports link arguments -Wl,-z,relro: YES (cached)
#15 19.02 Configuring VkLayer_MESA_device_select.json using configuration
#15 19.02 Configuring VkLayer_MESA_device_select.json.in_dev.json using configuration
#15 19.02 Compiler for C supports link arguments -Wl,-Bsymbolic-functions: YES (cached)
#15 19.02 Compiler for C supports link arguments -Wl,-z,relro: YES (cached)
#15 19.02 Configuring VkLayer_INTEL_nullhw.json using configuration
#15 19.02 Configuring VkLayer_INTEL_nullhw.json.in_dev.json using configuration
#15 19.02 Compiler for C supports arguments -Werror=switch: YES 
#15 19.02 Compiler for C++ supports arguments -Wno-unused-variable: YES (cached)
#15 19.02 Compiler for C++ supports arguments -Wno-unused-local-typedefs: YES 
#15 19.02 Compiler for C++ supports arguments -Wno-unused-but-set-variable: YES (cached)
#15 19.02 Compiler for C++ supports arguments -Wno-maybe-uninitialized: NO 
#15 19.02 Compiler for C++ supports arguments -Wno-self-assign: YES 
#15 19.02 Compiler for C++ supports arguments /wd4189: NO (cached)
#15 19.02 Compiler for C++ supports arguments -Wno-uninitialized: YES 
#15 19.02 Compiler for C++ supports arguments -fno-exceptions: YES 
#15 19.02 Compiler for C++ supports arguments -fno-rtti: YES 
#15 19.02 Compiler for C++ supports arguments -Wimplicit-fallthrough: YES 
#15 19.02 Compiler for C++ supports arguments -Wshadow: YES 
#15 19.02 Compiler for C supports arguments -Wimplicit-fallthrough: YES (cached)
#15 19.02 Compiler for C supports arguments -Wshadow: YES 
#15 19.02 Compiler for C supports arguments -Wall: YES 
#15 19.02 Compiler for C supports arguments -Wextra: YES 
#15 19.02 Compiler for C supports arguments -Wno-unused: YES 
#15 19.02 Compiler for C supports arguments -Wno-unused-parameter: YES 
#15 19.02 Compiler for C supports arguments -Wno-unused-command-line-argument: YES 
#15 19.02 Compiler for C supports arguments -Wno-ignored-qualifiers: YES 
#15 19.02 Compiler for C supports arguments -Wno-missing-field-initializers: YES (cached)
#15 19.02 Compiler for C supports arguments -Wno-self-assign: YES 
#15 19.02 Compiler for C supports arguments -Wno-implicit-fallthrough: YES 
#15 19.02 Compiler for C supports arguments -Werror=comment: YES 
#15 19.02 Compiler for C supports arguments -Werror=missing-braces: YES 
#15 19.02 Compiler for C supports arguments -Werror=override-init: YES 
#15 19.02 Compiler for C supports arguments -Werror=enum-conversion: YES 
#15 19.02 Compiler for C supports arguments -Werror=enum-compare: YES 
#15 19.02 Compiler for C supports arguments -Werror=maybe-uninitialized: NO 
#15 19.02 Compiler for C supports arguments -Werror=parentheses: YES 
#15 19.02 Compiler for C supports arguments -Wall: YES (cached)
#15 19.02 Compiler for C supports arguments -Wextra: YES (cached)
#15 19.02 Compiler for C supports arguments -Wno-unused: YES (cached)
#15 19.02 Compiler for C supports arguments -Wno-unused-parameter: YES (cached)
#15 19.02 Compiler for C supports arguments -Wno-unused-command-line-argument: YES (cached)
#15 19.02 Compiler for C supports arguments -Wno-ignored-qualifiers: YES (cached)
#15 19.02 Compiler for C supports arguments -Wno-missing-field-initializers: YES (cached)
#15 19.02 Compiler for C supports arguments -Wno-self-assign: YES (cached)
#15 19.02 Compiler for C supports arguments -Wno-implicit-fallthrough: YES (cached)
#15 19.02 Compiler for C supports arguments -Werror=comment: YES (cached)
#15 19.02 Compiler for C supports arguments -Werror=missing-braces: YES (cached)
#15 19.02 Compiler for C supports arguments -Werror=override-init: YES (cached)
#15 19.02 Compiler for C supports arguments -Werror=enum-conversion: YES (cached)
#15 19.02 Compiler for C supports arguments -Werror=enum-compare: YES (cached)
#15 19.02 Compiler for C supports arguments -Werror=maybe-uninitialized: NO (cached)
#15 19.02 Compiler for C supports arguments -Wall: YES (cached)
#15 19.02 Compiler for C supports arguments -Wextra: YES (cached)
#15 19.02 Compiler for C supports arguments -Wno-unused: YES (cached)
#15 19.02 Compiler for C supports arguments -Wno-unused-parameter: YES (cached)
#15 19.02 Compiler for C supports arguments -Wno-unused-command-line-argument: YES (cached)
#15 19.02 Compiler for C supports arguments -Wno-ignored-qualifiers: YES (cached)
#15 19.02 Compiler for C supports arguments -Wno-missing-field-initializers: YES (cached)
#15 19.02 Compiler for C supports arguments -Wno-self-assign: YES (cached)
#15 19.02 Compiler for C supports arguments -Wno-implicit-fallthrough: YES (cached)
#15 19.02 Compiler for C supports arguments -Werror=comment: YES (cached)
#15 19.02 Compiler for C supports arguments -Werror=missing-braces: YES (cached)
#15 19.02 Compiler for C supports arguments -Werror=override-init: YES (cached)
#15 19.02 Compiler for C supports arguments -Werror=enum-conversion: YES (cached)
#15 19.02 Compiler for C supports arguments -Werror=enum-compare: YES (cached)
#15 19.02 Compiler for C supports arguments -Werror=maybe-uninitialized: NO (cached)
#15 19.02 Compiler for C supports arguments -Wno-gnu-variable-sized-type-not-at-end: YES 
#15 19.02 Program cbindgen found: YES 0.29.0 0.29.0 (/usr/sbin/cbindgen)
#15 19.02 Looking for a fallback subproject for the dependency paste because:
#15 19.02 Use of fallback dependencies is forced.
#15 19.02 Downloading paste source from https://crates.io/api/v1/crates/paste/1.0.14/download
#15 20.10 
#15 20.10 Executing subproject paste 
#15 20.10 
#15 20.10 paste| Project name: paste
#15 20.10 paste| Project version: 1.0.14
#15 20.10 paste| Rust compiler for the host machine: rustc -C linker=/usr/sbin/clang (rustc 1.90.0 "1.90.0")
#15 20.10 paste| Rust linker for the host machine: rustc -C linker=/usr/sbin/clang ld.bfd 2.45.0
#15 20.10 paste| subprojects/paste-1.0.14/meson.build:10: WARNING: Project does not target a minimum version but uses feature introduced in '1.3.0': rust.proc_macro.
#15 20.10 paste| Build targets in project: 455
#15 20.10 paste| WARNING: Project specifies no minimum version but uses features which were added in versions:
#15 20.10 paste| * 1.3.0: {'rust.proc_macro'}
#15 20.10 paste| Subproject paste finished.
#15 20.10 
#15 20.10 Dependency paste from subproject subprojects/paste-1.0.14 found: YES 1.0.14
#15 20.10 Dependency paste found: YES 1.0.14 (cached)
#15 20.10 Looking for a fallback subproject for the dependency rustc-hash because:
#15 20.10 Use of fallback dependencies is forced.
#15 20.10 Downloading rustc-hash source from https://crates.io/api/v1/crates/rustc-hash/2.1.1/download
#15 21.35 
#15 21.35 Executing subproject rustc-hash 
#15 21.35 
#15 21.35 rustc-hash| Project name: rustc_hash
#15 21.35 rustc-hash| Project version: 2.1.1
#15 21.35 rustc-hash| Rust compiler for the host machine: rustc -C linker=/usr/sbin/clang (rustc 1.90.0 "1.90.0")
#15 21.35 rustc-hash| Rust linker for the host machine: rustc -C linker=/usr/sbin/clang ld.bfd 2.45.0
#15 21.35 rustc-hash| subprojects/rustc-hash-2.1.1/meson.build:12: WARNING: Project does not target a minimum version but uses feature introduced in '1.3.0': rust_abi arg in static_library.
#15 21.35 rustc-hash| Build targets in project: 462
#15 21.35 rustc-hash| WARNING: Project specifies no minimum version but uses features which were added in versions:
#15 21.35 rustc-hash| * 1.3.0: {'rust_abi arg in static_library'}
#15 21.35 rustc-hash| Subproject rustc-hash finished.
#15 21.35 
#15 21.35 Dependency rustc-hash from subproject subprojects/rustc-hash-2.1.1 found: YES 2.1.1
#15 21.35 Checking for type "std::pmr::monotonic_buffer_resource" : YES 
#15 21.35 Compiler for C supports arguments -Wno-gnu-variable-sized-type-not-at-end: YES (cached)
#15 21.35 Compiler for C supports arguments -Wno-missing-prototypes: YES 
#15 21.35 Configuring rusticl.icd using configuration
#15 21.35 Compiler for C supports link arguments -Wl,--default-symver: YES 
#15 21.35 Configuring dri.sym using configuration
#15 21.35 Checking for function "mincore" : YES 
#15 21.35 Configuring 50_mesa.json using configuration
#15 21.35 Configuring devenv_glvnd_egl.json using configuration
#15 21.35 Configuring dri.sym using configuration
#15 21.35 Program ln found: YES (/usr/sbin/ln)
#15 21.35 Program sphinx-build skipped: feature html-docs disabled
#15 21.35 Build targets in project: 595
#15 21.35 
#15 21.35 mesa 25.2.4
#15 21.35 
#15 21.35   Directories
#15 21.35     prefix              : /usr
#15 21.35     libdir              : lib
#15 21.35     includedir          : include
#15 21.35 
#15 21.35   Common C and C++ arguments
#15 21.35     c_cpp_args          : -mtls-dialect=gnu2
#15 21.35 
#15 21.35   OpenGL
#15 21.35     OpenGL              : YES
#15 21.35     ES1                 : NO
#15 21.35     ES2                 : YES
#15 21.35     GLVND               : YES
#15 21.35 
#15 21.35   DRI
#15 21.35     Platform            : drm
#15 21.35     Driver dir          : /usr/lib/dri
#15 21.35 
#15 21.35   GLX
#15 21.35     Enabled             : YES
#15 21.35     Provider            : dri
#15 21.35 
#15 21.35   EGL
#15 21.35     Enabled             : YES
#15 21.35     Drivers             : builtin:egl_dri2 builtin:egl_dri3
#15 21.35     Platforms           : x11 wayland surfaceless drm xcb
#15 21.35 
#15 21.35   GBM
#15 21.35     Enabled             : YES
#15 21.35     External libgbm     : NO
#15 21.35     Backends path       : /usr/lib/gbm
#15 21.35 
#15 21.35   Vulkan
#15 21.35     Drivers             : amd intel intel_hasvk swrast virtio nouveau
#15 21.35     Platforms           : x11 wayland surfaceless drm xcb
#15 21.35     ICD dir             : share/vulkan/icd.d
#15 21.35     Layers              : device-select intel-nullhw overlay
#15 21.35     Intel Ray tracing   : YES
#15 21.35 
#15 21.35   Video
#15 21.35     Codecs              : vc1dec h264dec h264enc h265dec h265enc av1dec av1enc
#15 21.35                           vp9dec
#15 21.35     APIs                : va vulkan
#15 21.35 
#15 21.35   LLVM
#15 21.35     Required            : enabled
#15 21.35     Version             : 20.1.8
#15 21.35 
#15 21.35   Gallium
#15 21.35     Enabled             : YES
#15 21.35     Drivers             : r300 r600 radeonsi nouveau virgl svga softpipe
#15 21.35                           llvmpipe i915 iris crocus zink
#15 21.35     Platforms           : x11 wayland surfaceless drm xcb
#15 21.35     Frontends           : mesa va rusticl
#15 21.35     HUD lm-sensors      : NO
#15 21.35 
#15 21.35   Perfetto
#15 21.35     Enabled             : NO
#15 21.35 
#15 21.35   Teflon (TensorFlow Lite delegate)
#15 21.35     Enabled             : NO
#15 21.35 
#15 21.35   Subprojects
#15 21.35     paste               : YES 2 warnings
#15 21.35     proc-macro2         : YES 2 warnings (from syn => quote)
#15 21.35     quote               : YES 2 warnings (from syn)
#15 21.35     rustc-hash          : YES 2 warnings
#15 21.35     syn                 : YES 2 warnings
#15 21.35     unicode-ident       : YES 2 warnings (from syn)
#15 21.35 
#15 21.35   User defined options
#15 21.35     android-libbacktrace: disabled
#15 21.35     b_lto               : false
#15 21.35     b_ndebug            : true
#15 21.35     buildtype           : plain
#15 21.35     egl                 : enabled
#15 21.35     force_fallback_for  : syn,paste,rustc-hash
#15 21.35     gallium-drivers     : r300,r600,radeonsi,nouveau,virgl,svga,softpipe,llvmpipe,i915,iris,crocus,zink
#15 21.35     gallium-extra-hud   : true
#15 21.35     gallium-rusticl     : true
#15 21.35     gallium-va          : enabled
#15 21.35     gbm                 : enabled
#15 21.35     gles1               : disabled
#15 21.35     gles2               : enabled
#15 21.35     glvnd               : enabled
#15 21.35     glx                 : dri
#15 21.35     legacy-x11          : dri2
#15 21.35     libunwind           : enabled
#15 21.35     llvm                : enabled
#15 21.35     lmsensors           : disabled
#15 21.35     microsoft-clc       : disabled
#15 21.35     platforms           : x11,wayland
#15 21.35     prefix              : /usr
#15 21.35     split-debug         : disabled
#15 21.35     sysconfdir          : /etc
#15 21.35     tools               : []
#15 21.35     valgrind            : disabled
#15 21.35     video-codecs        : all
#15 21.35     vulkan-drivers      : amd,intel,intel_hasvk,swrast,virtio,nouveau
#15 21.35     vulkan-layers       : device-select,intel-nullhw,overlay
#15 21.35     wrap_mode           : nofallback
#15 21.35     zstd                : enabled
#15 21.35 
#15 21.35 Found ninja-1.12.1 at /usr/sbin/ninja
#15 21.35 Generating targets:   0%|          | 0/595 eta ?Generating targets:  12%|█▏        | 72/595 eta 00:01Generating targets:  25%|██▍       | 147/595 eta 00:00Generating targets:  38%|███▊      | 225/595 eta 00:00Generating targets:  49%|████▉     | 293/595 eta 00:00Generating targets:  74%|███████▍  | 440/595 eta 00:00Generating targets:  89%|████████▉ | 530/595 eta 00:00Generating targets: 100%|█████████▉| 593/595 eta 00:00                                                      Writing build.ninja:   0%|          | 0/3645 eta ?Writing build.ninja:  32%|███▏      | 1184/3645 eta 00:00Writing build.ninja:  65%|██████▍   | 2367/3645 eta 00:00Writing build.ninja:  95%|█████████▌| 3473/3645 eta 00:00                                                         Build started at 2025-10-11T10:54:10.062537
#15 23.92 Main binary: /usr/bin/python
#15 23.92 Build Options: -Dandroid-libbacktrace=disabled -Dsplit-debug=disabled -Db_ndebug=true -Db_lto=false -Degl=enabled -Dgallium-drivers=r300,r600,radeonsi,nouveau,virgl,svga,softpipe,llvmpipe,i915,iris,crocus,zink -Dgallium-extra-hud=true -Dgallium-rusticl=true -Dgallium-va=enabled -Dgbm=enabled -Dgles1=disabled -Dgles2=enabled -Dglvnd=enabled -Dglx=dri -Dlibunwind=enabled -Dllvm=enabled -Dlmsensors=disabled -Dmicrosoft-clc=disabled -Dplatforms=x11,wayland -Dvalgrind=disabled -Dvideo-codecs=all -Dvulkan-drivers=amd,intel,intel_hasvk,swrast,virtio,nouveau -Dvulkan-layers=device-select,intel-nullhw,overlay '-Dtools=[]' -Dzstd=enabled -Dbuildtype=plain -Dprefix=/usr -Dsysconfdir=/etc -Dlegacy-x11=dri2 -Dwrap_mode=nofallback -Dforce_fallback_for=syn,paste,rustc-hash
#15 23.92 Python system: Linux
#15 23.92 The Meson build system
#15 23.92 Version: 1.9.1
#15 23.92 Source dir: /mesa
#15 23.92 Build dir: /mesa/_build
#15 23.92 Build type: native build
#15 23.92 DEPRECATION: Option "legacy-x11" is deprecated
#15 23.92 Project name: mesa
#15 23.92 Project version: 25.2.4
#15 23.92 -----------
#15 23.92 Detecting compiler via: `/usr/sbin/clang --version` -> 0
#15 23.92 stdout:
#15 23.92 clang version 20.1.8
#15 23.92 Target: x86_64-pc-linux-gnu
#15 23.92 Thread model: posix
#15 23.92 InstalledDir: /usr/bin
#15 23.92 -----------
#15 23.92 Running command: -x c -E -dM -
#15 23.92 -----
#15 23.92 -----------
#15 23.92 Detecting linker via: `/usr/sbin/clang -Wl,--version -fsanitize=memory -fsanitize-memory-track-origins -g -L/msan/lib -Wl,-rpath,/msan/lib -L/libcxx_msan/lib -Wl,-rpath,/libcxx_msan/lib -lc++ -lc++abi -fsanitize=memory -fsanitize-memory-track-origins -fno-omit-frame-pointer -g` -> 0
#15 23.92 stdout:
#15 23.92 GNU ld (GNU Binutils) 2.45.0
#15 23.92 Copyright (C) 2025 Free Software Foundation, Inc.
#15 23.92 This program is free software; you may redistribute it under the terms of
#15 23.92 the GNU General Public License version 3 or (at your option) a later version.
#15 23.92 This program has absolutely no warranty.
#15 23.92 -----------
#15 23.92 Sanity testing C compiler: /usr/sbin/clang
#15 23.92 Is cross compiler: False.
#15 23.92 Sanity check compiler command line: /usr/sbin/clang sanitycheckc.c -o sanitycheckc.exe -fsanitize=memory -fsanitize-memory-track-origins -fno-omit-frame-pointer -g -D_FILE_OFFSET_BITS=64 -L/msan/lib -Wl,-rpath,/msan/lib -L/libcxx_msan/lib -Wl,-rpath,/libcxx_msan/lib -lc++ -lc++abi
#15 23.92 Sanity check compile stdout:
#15 23.92 
#15 23.92 -----
#15 23.92 Sanity check compile stderr:
#15 23.92 
#15 23.92 -----
#15 23.92 Running test binary command:  /mesa/_build/meson-private/sanitycheckc.exe
#15 23.92 -----------
#15 23.92 Sanity check: `/mesa/_build/meson-private/sanitycheckc.exe` -> 0
#15 23.92 C compiler for the host machine: /usr/sbin/clang (clang 20.1.8 "clang version 20.1.8")
#15 23.92 C linker for the host machine: /usr/sbin/clang ld.bfd 2.45.0
#15 23.92 -----------
#15 23.92 Detecting archiver via: `llvm-ar-20 --version` -> [Errno 2] No such file or directory: 'llvm-ar-20'
#15 23.92 -----------
#15 23.92 Detecting archiver via: `llvm-ar --version` -> 0
#15 23.92 stdout:
#15 23.92 LLVM (http://llvm.org/):
#15 23.92   LLVM version 20.1.8
#15 23.92   Optimized build.
#15 23.92 -----------
#15 23.92 -----------
#15 23.92 Detecting compiler via: `/usr/sbin/clang++ --version` -> 0
#15 23.92 stdout:
#15 23.92 clang version 20.1.8
#15 23.92 Target: x86_64-pc-linux-gnu
#15 23.92 Thread model: posix
#15 23.92 InstalledDir: /usr/bin
#15 23.92 -----------
#15 23.92 Running command: -x c++ -E -dM -
#15 23.92 -----
#15 23.92 -----------
#15 23.92 Detecting linker via: `/usr/sbin/clang++ -Wl,--version -fsanitize=memory -fsanitize-memory-track-origins -g -L/msan/lib -Wl,-rpath,/msan/lib -L/libcxx_msan/lib -Wl,-rpath,/libcxx_msan/lib -lc++ -lc++abi -fsanitize=memory -fsanitize-memory-track-origins -fno-omit-frame-pointer -g -std=c++23 -nostdinc++ -isystem /libcxx_msan/include/c++/v1/` -> 0
#15 23.92 stdout:
#15 23.92 GNU ld (GNU Binutils) 2.45.0
#15 23.92 Copyright (C) 2025 Free Software Foundation, Inc.
#15 23.92 This program is free software; you may redistribute it under the terms of
#15 23.92 the GNU General Public License version 3 or (at your option) a later version.
#15 23.92 This program has absolutely no warranty.
#15 23.92 -----------
#15 23.92 Sanity testing C++ compiler: /usr/sbin/clang++
#15 23.92 Is cross compiler: False.
#15 23.92 Sanity check compiler command line: /usr/sbin/clang++ sanitycheckcpp.cc -o sanitycheckcpp.exe -fsanitize=memory -fsanitize-memory-track-origins -fno-omit-frame-pointer -g -std=c++23 -nostdinc++ -isystem /libcxx_msan/include/c++/v1/ -D_FILE_OFFSET_BITS=64 -L/msan/lib -Wl,-rpath,/msan/lib -L/libcxx_msan/lib -Wl,-rpath,/libcxx_msan/lib -lc++ -lc++abi
#15 23.92 Sanity check compile stdout:
#15 23.92 
#15 23.92 -----
#15 23.92 Sanity check compile stderr:
#15 23.92 
#15 23.92 -----
#15 23.92 Running test binary command:  /mesa/_build/meson-private/sanitycheckcpp.exe
#15 23.92 -----------
#15 23.92 Sanity check: `/mesa/_build/meson-private/sanitycheckcpp.exe` -> 0
#15 23.92 C++ compiler for the host machine: /usr/sbin/clang++ (clang 20.1.8 "clang version 20.1.8")
#15 23.92 C++ linker for the host machine: /usr/sbin/clang++ ld.bfd 2.45.0
#15 23.92 -----------
#15 23.92 Detecting compiler via: `/usr/sbin/clang --version` -> 0
#15 23.92 stdout:
#15 23.92 clang version 20.1.8
#15 23.92 Target: x86_64-pc-linux-gnu
#15 23.92 Thread model: posix
#15 23.92 InstalledDir: /usr/bin
#15 23.92 -----------
#15 23.92 Running command: -x c -E -dM -
#15 23.92 -----
#15 23.92 -----------
#15 23.92 Detecting linker via: `/usr/sbin/clang -Wl,--version -fsanitize=memory -fsanitize-memory-track-origins -g -L/msan/lib -Wl,-rpath,/msan/lib -L/libcxx_msan/lib -Wl,-rpath,/libcxx_msan/lib -lc++ -lc++abi -fsanitize=memory -fsanitize-memory-track-origins -fno-omit-frame-pointer -g` -> 0
#15 23.92 stdout:
#15 23.92 GNU ld (GNU Binutils) 2.45.0
#15 23.92 Copyright (C) 2025 Free Software Foundation, Inc.
#15 23.92 This program is free software; you may redistribute it under the terms of
#15 23.92 the GNU General Public License version 3 or (at your option) a later version.
#15 23.92 This program has absolutely no warranty.
#15 23.92 -----------
#15 23.92 Sanity testing C compiler: /usr/sbin/clang
#15 23.92 Is cross compiler: False.
#15 23.92 Sanity check compiler command line: /usr/sbin/clang sanitycheckc.c -o sanitycheckc.exe -fsanitize=memory -fsanitize-memory-track-origins -fno-omit-frame-pointer -g -D_FILE_OFFSET_BITS=64 -L/msan/lib -Wl,-rpath,/msan/lib -L/libcxx_msan/lib -Wl,-rpath,/libcxx_msan/lib -lc++ -lc++abi
#15 23.92 Sanity check compile stdout:
#15 23.92 
#15 23.92 -----
#15 23.92 Sanity check compile stderr:
#15 23.92 
#15 23.92 -----
#15 23.92 Running test binary command:  /mesa/_build/meson-private/sanitycheckc.exe
#15 23.92 -----------
#15 23.92 Sanity check: `/mesa/_build/meson-private/sanitycheckc.exe` -> 0
#15 23.92 C compiler for the build machine: /usr/sbin/clang (clang 20.1.8 "clang version 20.1.8")
#15 23.92 C linker for the build machine: /usr/sbin/clang ld.bfd 2.45.0
#15 23.92 -----------
#15 23.92 Detecting archiver via: `llvm-ar-20 --version` -> [Errno 2] No such file or directory: 'llvm-ar-20'
#15 23.92 -----------
#15 23.92 Detecting archiver via: `llvm-ar --version` -> 0
#15 23.92 stdout:
#15 23.92 LLVM (http://llvm.org/):
#15 23.92   LLVM version 20.1.8
#15 23.92   Optimized build.
#15 23.92 -----------
#15 23.92 -----------
#15 23.92 Detecting compiler via: `/usr/sbin/clang++ --version` -> 0
#15 23.92 stdout:
#15 23.92 clang version 20.1.8
#15 23.92 Target: x86_64-pc-linux-gnu
#15 23.92 Thread model: posix
#15 23.92 InstalledDir: /usr/bin
#15 23.92 -----------
#15 23.92 Running command: -x c++ -E -dM -
#15 23.92 -----
#15 23.92 -----------
#15 23.92 Detecting linker via: `/usr/sbin/clang++ -Wl,--version -fsanitize=memory -fsanitize-memory-track-origins -g -L/msan/lib -Wl,-rpath,/msan/lib -L/libcxx_msan/lib -Wl,-rpath,/libcxx_msan/lib -lc++ -lc++abi -fsanitize=memory -fsanitize-memory-track-origins -fno-omit-frame-pointer -g -std=c++23 -nostdinc++ -isystem /libcxx_msan/include/c++/v1/` -> 0
#15 23.92 stdout:
#15 23.92 GNU ld (GNU Binutils) 2.45.0
#15 23.92 Copyright (C) 2025 Free Software Foundation, Inc.
#15 23.92 This program is free software; you may redistribute it under the terms of
#15 23.92 the GNU General Public License version 3 or (at your option) a later version.
#15 23.92 This program has absolutely no warranty.
#15 23.92 -----------
#15 23.92 Sanity testing C++ compiler: /usr/sbin/clang++
#15 23.92 Is cross compiler: False.
#15 23.92 Sanity check compiler command line: /usr/sbin/clang++ sanitycheckcpp.cc -o sanitycheckcpp.exe -fsanitize=memory -fsanitize-memory-track-origins -fno-omit-frame-pointer -g -std=c++23 -nostdinc++ -isystem /libcxx_msan/include/c++/v1/ -D_FILE_OFFSET_BITS=64 -L/msan/lib -Wl,-rpath,/msan/lib -L/libcxx_msan/lib -Wl,-rpath,/libcxx_msan/lib -lc++ -lc++abi
#15 23.92 Sanity check compile stdout:
#15 23.92 
#15 23.92 -----
#15 23.92 Sanity check compile stderr:
#15 23.92 
#15 23.92 -----
#15 23.92 Running test binary command:  /mesa/_build/meson-private/sanitycheckcpp.exe
#15 23.92 -----------
#15 23.92 Sanity check: `/mesa/_build/meson-private/sanitycheckcpp.exe` -> 0
#15 23.92 C++ compiler for the build machine: /usr/sbin/clang++ (clang 20.1.8 "clang version 20.1.8")
#15 23.92 C++ linker for the build machine: /usr/sbin/clang++ ld.bfd 2.45.0
#15 23.92 Build machine cpu family: x86_64
#15 23.92 Build machine cpu: x86_64
#15 23.92 Host machine cpu family: x86_64
#15 23.92 Host machine cpu: x86_64
#15 23.92 Target machine cpu family: x86_64
#15 23.92 Target machine cpu: x86_64
#15 23.92 Running compile:
#15 23.92 Working directory:  /mesa/_build/meson-private/tmpx9ycgxlw
#15 23.92 Code:
#15 23.92 
#15 23.92         #include<stddef.h>
#15 23.92         #include<stdio.h>
#15 23.92         int main(void) {
#15 23.92             printf("%ld\n", (long)(sizeof(void*)));
#15 23.92             return 0;
#15 23.92         }
#15 23.92 -----------
#15 23.92 Command line: `/usr/sbin/clang -L/msan/lib -L/libcxx_msan/lib /mesa/_build/meson-private/tmpx9ycgxlw/testfile.c -o /mesa/_build/meson-private/tmpx9ycgxlw/output.exe -fsanitize=memory -fsanitize-memory-track-origins -fno-omit-frame-pointer -g -D_FILE_OFFSET_BITS=64 -O0 -Werror=implicit-function-declaration -std=c11 -Wl,-rpath,/msan/lib -Wl,-rpath,/libcxx_msan/lib -Wl,--start-group -lc++ -lc++abi -Wl,--end-group` -> 0
#15 23.92 Program stdout:
#15 23.92 
#15 23.92 8
#15 23.92 
#15 23.92 Program stderr:
#15 23.92 
#15 23.92 
#15 23.92 Checking for size of "void*" : 8 
#15 23.92 Running compile:
#15 23.92 Working directory:  /mesa/_build/meson-private/tmpzy2khx_7
#15 23.92 Code:
#15 23.92 int __thread x; int main() { return x; }
#15 23.92 -----------
#15 23.92 Command line: `/usr/sbin/clang -L/msan/lib -L/libcxx_msan/lib /mesa/_build/meson-private/tmpzy2khx_7/testfile.c -o /mesa/_build/meson-private/tmpzy2khx_7/output.exe -fsanitize=memory -fsanitize-memory-track-origins -fno-omit-frame-pointer -g -D_FILE_OFFSET_BITS=64 -O0 -Werror=implicit-function-declaration -std=c11 -mtls-dialect=gnu2 -fpic -Wl,-rpath,/msan/lib -Wl,-rpath,/libcxx_msan/lib -Wl,--start-group -lc++ -lc++abi -Wl,--end-group` -> 0
#15 23.92 Program stdout:
#15 23.92 
#15 23.92 
#15 23.92 Program stderr:
#15 23.92 
#15 23.92 
#15 23.92 Checking if "-mtls-dialect=gnu2" runs: YES
#15 23.92 Running compile:
#15 23.92 Working directory:  /mesa/_build/meson-private/tmpa28i2w5c
#15 23.92 Code:
#15 23.92 int __thread x; int y; int main() { __asm__(
#15 23.92                   "leaq x@TLSDESC(%rip), %rax\n"
#15 23.92                   "movq y@GOTPCREL(%rip), %rdx\n"
#15 23.92                   "call *x@TLSCALL(%rax)\n"); }
#15 23.92 -----------
#15 23.92 Command line: `/usr/sbin/clang -L/msan/lib -L/libcxx_msan/lib /mesa/_build/meson-private/tmpa28i2w5c/testfile.c -o /mesa/_build/meson-private/tmpa28i2w5c/output.exe -fsanitize=memory -fsanitize-memory-track-origins -fno-omit-frame-pointer -g -D_FILE_OFFSET_BITS=64 -O0 -Werror=implicit-function-declaration -std=c11 -Wl,-rpath,/msan/lib -Wl,-rpath,/libcxx_msan/lib -Wl,--start-group -lc++ -lc++abi -Wl,--end-group` -> 0
#15 23.92 Checking if "split TLSDESC" links: YES 
#15 23.92 Pkg-config binary missing from cross or native file, or env var undefined.
#15 23.92 Trying a default Pkg-config fallback at pkg-config
#15 23.92 Found pkg-config: YES (/usr/sbin/pkg-config) 2.5.1
#15 23.92 Determining dependency 'libglvnd' with pkg-config executable '/usr/sbin/pkg-config'
#15 23.92 env[PKG_CONFIG_PATH]: 
#15 23.92 env[PKG_CONFIG]: /usr/sbin/pkg-config
#15 23.92 -----------
#15 23.92 Called: `/usr/sbin/pkg-config --modversion libglvnd` -> 0
#15 23.92 stdout:
#15 23.92 1.7.0
#15 23.92 -----------
#15 23.92 env[PKG_CONFIG_PATH]: 
#15 23.92 env[PKG_CONFIG]: /usr/sbin/pkg-config
#15 23.92 -----------
#15 23.92 Called: `/usr/sbin/pkg-config --cflags libglvnd` -> 0
#15 23.92 env[PKG_CONFIG_ALLOW_SYSTEM_LIBS]: 1
#15 23.92 env[PKG_CONFIG_PATH]: 
#15 23.92 env[PKG_CONFIG]: /usr/sbin/pkg-config
#15 23.92 -----------
#15 23.92 Called: `/usr/sbin/pkg-config --libs libglvnd` -> 0
#15 23.92 env[PKG_CONFIG_PATH]: 
#15 23.92 env[PKG_CONFIG]: /usr/sbin/pkg-config
#15 23.92 -----------
#15 23.92 Called: `/usr/sbin/pkg-config --libs libglvnd` -> 0
#15 23.92 Run-time dependency libglvnd found: YES 1.7.0
#15 23.92 Determining dependency 'vdpau' with pkg-config executable '/usr/sbin/pkg-config'
#15 23.92 env[PKG_CONFIG_PATH]: 
#15 23.92 env[PKG_CONFIG]: /usr/sbin/pkg-config
#15 23.92 -----------
#15 23.92 Called: `/usr/sbin/pkg-config --modversion vdpau` -> 1
#15 23.92 stderr:
#15 23.92 Package vdpau was not found in the pkg-config search path.
#15 23.92 Perhaps you should add the directory containing `vdpau.pc'
#15 23.92 to the PKG_CONFIG_PATH environment variable
#15 23.92 Package 'vdpau' not found
#15 23.92 -----------
#15 23.92 CMake binary for host machine is not cached
#15 23.92 CMake binary missing from cross or native file, or env var undefined.
#15 23.92 Trying a default CMake fallback at cmake
#15 23.92 Found CMake: /usr/sbin/cmake (4.1.2)
#15 23.92 Extracting basic cmake information
#15 23.92 CMake Toolchain: Calling CMake once to generate the compiler state
#15 23.92 Calling CMake (['/usr/sbin/cmake']) in /mesa/_build/meson-private/__CMake_compiler_info__ with:
#15 23.92   - "--trace-expand"
#15 23.92   - "--trace-format=json-v1"
#15 23.92   - "--no-warn-unused-cli"
#15 23.92   - "--trace-redirect=cmake_trace.txt"
#15 23.92   - "-G"
#15 23.92   - "Ninja"
#15 23.92   - "-DCMAKE_TOOLCHAIN_FILE=/mesa/_build/meson-private/__CMake_compiler_info__/CMakeMesonTempToolchainFile.cmake"
#15 23.92   - "."
#15 23.92 CMake trace warning: add_executable() non imported executables are not supported
#15 23.92 CMake TRACE: /mesa/_build/meson-private/__CMake_compiler_info__/CMakeFiles/CMakeScratch/TryCompile-UAwgA3/CMakeLists.txt:22 add_executable(['cmTC_36c6a'])
#15 23.92 CMake trace warning: target_link_libraries() TARGET cmTC_36c6a not found
#15 23.92 CMake TRACE: /mesa/_build/meson-private/__CMake_compiler_info__/CMakeFiles/CMakeScratch/TryCompile-UAwgA3/CMakeLists.txt:28 target_link_libraries(['cmTC_36c6a', ''])
#15 23.92 CMake trace warning: add_executable() non imported executables are not supported
#15 23.92 CMake TRACE: /mesa/_build/meson-private/__CMake_compiler_info__/CMakeFiles/CMakeScratch/TryCompile-CexQfU/CMakeLists.txt:22 add_executable(['cmTC_8b82f'])
#15 23.92 CMake trace warning: target_link_libraries() TARGET cmTC_8b82f not found
#15 23.92 CMake TRACE: /mesa/_build/meson-private/__CMake_compiler_info__/CMakeFiles/CMakeScratch/TryCompile-CexQfU/CMakeLists.txt:28 target_link_libraries(['cmTC_8b82f', ''])
#15 23.92 Try CMake generator: auto
#15 23.92 Calling CMake (['/usr/sbin/cmake']) in /mesa/_build/meson-private/cmake_vdpau with:
#15 23.92   - "--trace-expand"
#15 23.92   - "--trace-format=json-v1"
#15 23.92   - "--no-warn-unused-cli"
#15 23.92   - "--trace-redirect=cmake_trace.txt"
#15 23.92   - "-DCMAKE_TOOLCHAIN_FILE=/mesa/_build/meson-private/cmake_vdpau/CMakeMesonToolchainFile.cmake"
#15 23.92   - "."
#15 23.92   -- Module search paths:    ['/', '/opt', '/usr', '/usr/local']
#15 23.92   -- CMake root:             /usr/share/cmake
#15 23.92   -- CMake architectures:    []
#15 23.92   -- CMake lib search paths: ['lib', 'lib32', 'lib64', 'libx32', 'share', '']
#15 23.92 Preliminary CMake check failed. Aborting.
#15 23.92 Run-time dependency vdpau found: NO (tried pkgconfig and cmake)
#15 23.92 Program glslangValidator found: YES (/usr/sbin/glslangValidator)
#15 23.92 Running command: /usr/sbin/glslangValidator --version
#15 23.92 --- stdout ---
#15 23.92 Glslang Version: 11:16.0.0
#15 23.92 ESSL Version: OpenGL ES GLSL 3.20 glslang Khronos. 16.0.0
#15 23.92 GLSL Version: 4.60 glslang Khronos. 16.0.0
#15 23.92 SPIR-V Version 0x00010600, Revision 1
#15 23.92 GLSL.std.450 Version 100, Revision 1
#15 23.92 Khronos Tool ID 8
#15 23.92 SPIR-V Generator Version 11
#15 23.92 GL_KHR_vulkan_glsl version 100
#15 23.92 ARB_GL_gl_spirv version 100
#15 23.92 
#15 23.92 --- stderr ---
#15 23.92 
#15 23.92 
#15 23.92 Running command: /usr/sbin/glslangValidator --quiet --version
#15 23.92 --- stdout ---
#15 23.92 Glslang Version: 11:16.0.0
#15 23.92 ESSL Version: OpenGL ES GLSL 3.20 glslang Khronos. 16.0.0
#15 23.92 GLSL Version: 4.60 glslang Khronos. 16.0.0
#15 23.92 SPIR-V Version 0x00010600, Revision 1
#15 23.92 GLSL.std.450 Version 100, Revision 1
#15 23.92 Khronos Tool ID 8
#15 23.92 SPIR-V Generator Version 11
#15 23.92 GL_KHR_vulkan_glsl version 100
#15 23.92 ARB_GL_gl_spirv version 100
#15 23.92 
#15 23.92 --- stderr ---
#15 23.92 
#15 23.92 
#15 23.92 Determining dependency 'libva' with pkg-config executable '/usr/sbin/pkg-config'
#15 23.92 env[PKG_CONFIG_PATH]: 
#15 23.92 env[PKG_CONFIG]: /usr/sbin/pkg-config
#15 23.92 -----------
#15 23.92 Called: `/usr/sbin/pkg-config --modversion libva` -> 0
#15 23.92 stdout:
#15 23.92 1.22.0
#15 23.92 -----------
#15 23.92 env[PKG_CONFIG_PATH]: 
#15 23.92 env[PKG_CONFIG]: /usr/sbin/pkg-config
#15 23.92 -----------
#15 23.92 Called: `/usr/sbin/pkg-config --cflags libva` -> 0
#15 23.92 env[PKG_CONFIG_ALLOW_SYSTEM_LIBS]: 1
#15 23.92 env[PKG_CONFIG_PATH]: 
#15 23.92 env[PKG_CONFIG]: /usr/sbin/pkg-config
#15 23.92 -----------
#15 23.92 Called: `/usr/sbin/pkg-config --libs libva` -> 0
#15 23.92 stdout:
#15 23.92 -L/usr/lib -lva
#15 23.92 -----------
#15 23.92 env[PKG_CONFIG_PATH]: 
#15 23.92 env[PKG_CONFIG]: /usr/sbin/pkg-config
#15 23.92 -----------
#15 23.92 Called: `/usr/sbin/pkg-config --libs libva` -> 0
#15 23.92 stdout:
#15 23.92 -lva
#15 23.92 -----------
#15 23.92 Running compile:
#15 23.92 Working directory:  /mesa/_build/meson-private/tmpvb2eraq8
#15 23.92 Code:
#15 23.92 
#15 23.92         #include<stddef.h>
#15 23.92         #include<stdio.h>
#15 23.92         int main(void) {
#15 23.92             printf("%ld\n", (long)(sizeof(void *)));
#15 23.92             return 0;
#15 23.92         }
#15 23.92 -----------
#15 23.92 Command line: `/usr/sbin/clang++ -L/msan/lib -L/libcxx_msan/lib /mesa/_build/meson-private/tmpvb2eraq8/testfile.cpp -o /mesa/_build/meson-private/tmpvb2eraq8/output.exe -fsanitize=memory -fsanitize-memory-track-origins -fno-omit-frame-pointer -g -std=c++23 -nostdinc++ -isystem /libcxx_msan/include/c++/v1/ -D_FILE_OFFSET_BITS=64 -O0 -fpermissive -Werror=implicit-function-declaration -Wl,-rpath,/msan/lib -Wl,-rpath,/libcxx_msan/lib -Wl,--start-group -lc++ -lc++abi -Wl,--end-group` -> 0
#15 23.92 Program stdout:
#15 23.92 
#15 23.92 8
#15 23.92 
#15 23.92 Program stderr:
#15 23.92 
#15 23.92 
#15 23.92 Running compile:
#15 23.92 Working directory:  /mesa/_build/meson-private/tmpwig5l326
#15 23.92 Code:
#15 23.92 
#15 23.92 -----------
#15 23.92 Command line: `/usr/sbin/clang++ /mesa/_build/meson-private/tmpwig5l326/testfile.cpp -o /mesa/_build/meson-private/tmpwig5l326/output.obj -c -fsanitize=memory -fsanitize-memory-track-origins -fno-omit-frame-pointer -g -std=c++23 -nostdinc++ -isystem /libcxx_msan/include/c++/v1/ -D_FILE_OFFSET_BITS=64 -O0 -fpermissive -Werror=implicit-function-declaration -Werror=unknown-warning-option -Werror=unused-command-line-argument -Werror=ignored-optimization-argument --print-search-dirs` -> 0
#15 23.92 stdout:
#15 23.92 programs: =/usr/bin:/usr/bin/../lib64/gcc/x86_64-pc-linux-gnu/15.2.1/../../../../x86_64-pc-linux-gnu/bin
#15 23.92 libraries: =/usr/lib/clang/20:/usr/bin/../lib64/gcc/x86_64-pc-linux-gnu/15.2.1:/usr/bin/../lib64/gcc/x86_64-pc-linux-gnu/15.2.1/../../../../lib64:/lib/../lib64:/usr/lib/../lib64:/lib:/usr/lib
#15 23.92 -----------
#15 23.92 Run-time dependency libva found: YES 1.22.0
#15 23.92 Running compile:
#15 23.92 Working directory:  /mesa/_build/meson-private/tmp975tzqf2
#15 23.92 Code:
#15 23.92 
#15 23.92         #include <va/va.h>
#15 23.92         int main(void) {
#15 23.92             /* If it's not defined as a macro, try to use as a symbol */
#15 23.92             #ifndef VASurfaceAttribDRMFormatModifiers
#15 23.92                 VASurfaceAttribDRMFormatModifiers;
#15 23.92             #endif
#15 23.92             return 0;
#15 23.92         }
#15 23.92 -----------
#15 23.92 Command line: `/usr/sbin/clang /mesa/_build/meson-private/tmp975tzqf2/testfile.c -o /mesa/_build/meson-private/tmp975tzqf2/output.obj -c -fsanitize=memory -fsanitize-memory-track-origins -fno-omit-frame-pointer -g -D_FILE_OFFSET_BITS=64 -O0 -Werror=implicit-function-declaration -Werror=unknown-warning-option -Werror=unused-command-line-argument -Werror=ignored-optimization-argument -std=c11` -> 0
#15 23.92 stderr:
#15 23.92 /mesa/_build/meson-private/tmp975tzqf2/testfile.c:6:17: warning: expression result unused [-Wunused-value]
#15 23.92     6 |                 VASurfaceAttribDRMFormatModifiers;
#15 23.92       |                 ^~~~~~~~~~~~~~~~~~~~~~~~~~~~~~~~~
#15 23.92 1 warning generated.
#15 23.92 -----------
#15 23.92 Header "va/va.h" has symbol "VASurfaceAttribDRMFormatModifiers" with dependency libva: YES 
#15 23.92 meson.build:768: WARNING: add_languages is missing native:, assuming languages are wanted for both host and build.
#15 23.92 -----------
#15 23.92 Detecting compiler via: `/usr/sbin/clang --version` -> 0
#15 23.92 stdout:
#15 23.92 clang version 20.1.8
#15 23.92 Target: x86_64-pc-linux-gnu
#15 23.92 Thread model: posix
#15 23.92 InstalledDir: /usr/bin
#15 23.92 -----------
#15 23.92 Running command: -x c -E -dM -
#15 23.92 -----
#15 23.92 -----------
#15 23.92 Detecting linker via: `/usr/sbin/clang -Wl,--version -fsanitize=memory -fsanitize-memory-track-origins -g -L/msan/lib -Wl,-rpath,/msan/lib -L/libcxx_msan/lib -Wl,-rpath,/libcxx_msan/lib -lc++ -lc++abi -fsanitize=memory -fsanitize-memory-track-origins -fno-omit-frame-pointer -g` -> 0
#15 23.92 stdout:
#15 23.92 GNU ld (GNU Binutils) 2.45.0
#15 23.92 Copyright (C) 2025 Free Software Foundation, Inc.
#15 23.92 This program is free software; you may redistribute it under the terms of
#15 23.92 the GNU General Public License version 3 or (at your option) a later version.
#15 23.92 This program has absolutely no warranty.
#15 23.92 -----------
#15 23.92 -----------
#15 23.92 Detecting compiler via: `rustc --version` -> 0
#15 23.92 stdout:
#15 23.92 rustc 1.90.0 (1159e78c4 2025-09-14) (Arch Linux rust 1:1.90.0-3)
#15 23.92 -----------
#15 23.92 -----------
#15 23.92 Called: `rustc -C linker=/usr/sbin/clang -o /mesa/_build/meson-private/rusttest.exe /mesa/_build/meson-private/sanity.rs` -> 0
#15 23.92 -----------
#15 23.92 Called: `rustc -C linker=/usr/sbin/clang --crate-type staticlib --print native-static-libs /mesa/_build/meson-private/sanity.rs` -> 0
#15 23.92 stderr:
#15 23.92 warning: function `main` is never used
#15 23.92  --> /mesa/_build/meson-private/sanity.rs:1:4
#15 23.92   |
#15 23.92 1 | fn main() {
#15 23.92   |    ^^^^
#15 23.92   |
#15 23.92   = note: `#[warn(dead_code)]` on by default
#15 23.92 
#15 23.92 note: Link against the following native artifacts when linking against this static library. The order and any duplication can be significant on some platforms.
#15 23.92 
#15 23.92 note: native-static-libs: -lgcc_s -lutil -lrt -lpthread -lm -ldl -lc
#15 23.92 
#15 23.92 warning: 1 warning emitted
#15 23.92 -----------
#15 23.92 Running test binary command:  /mesa/_build/meson-private/rusttest.exe
#15 23.92 -----------
#15 23.92 Sanity check: `/mesa/_build/meson-private/rusttest.exe` -> 0
#15 23.92 Rust compiler for the host machine: rustc -C linker=/usr/sbin/clang (rustc 1.90.0 "1.90.0")
#15 23.92 Rust linker for the host machine: rustc -C linker=/usr/sbin/clang ld.bfd 2.45.0
#15 23.92 -----------
#15 23.92 Detecting compiler via: `/usr/sbin/clang --version` -> 0
#15 23.92 stdout:
#15 23.92 clang version 20.1.8
#15 23.92 Target: x86_64-pc-linux-gnu
#15 23.92 Thread model: posix
#15 23.92 InstalledDir: /usr/bin
#15 23.92 -----------
#15 23.92 Running command: -x c -E -dM -
#15 23.92 -----
#15 23.92 -----------
#15 23.92 Detecting linker via: `/usr/sbin/clang -Wl,--version -fsanitize=memory -fsanitize-memory-track-origins -g -L/msan/lib -Wl,-rpath,/msan/lib -L/libcxx_msan/lib -Wl,-rpath,/libcxx_msan/lib -lc++ -lc++abi -fsanitize=memory -fsanitize-memory-track-origins -fno-omit-frame-pointer -g` -> 0
#15 23.92 stdout:
#15 23.92 GNU ld (GNU Binutils) 2.45.0
#15 23.92 Copyright (C) 2025 Free Software Foundation, Inc.
#15 23.92 This program is free software; you may redistribute it under the terms of
#15 23.92 the GNU General Public License version 3 or (at your option) a later version.
#15 23.92 This program has absolutely no warranty.
#15 23.92 -----------
#15 23.92 -----------
#15 23.92 Detecting compiler via: `rustc --version` -> 0
#15 23.92 stdout:
#15 23.92 rustc 1.90.0 (1159e78c4 2025-09-14) (Arch Linux rust 1:1.90.0-3)
#15 23.92 -----------
#15 23.92 -----------
#15 23.92 Called: `rustc -C linker=/usr/sbin/clang -o /mesa/_build/meson-private/rusttest.exe /mesa/_build/meson-private/sanity.rs` -> 0
#15 23.92 -----------
#15 23.92 Called: `rustc -C linker=/usr/sbin/clang --crate-type staticlib --print native-static-libs /mesa/_build/meson-private/sanity.rs` -> 0
#15 23.92 stderr:
#15 23.92 warning: function `main` is never used
#15 23.92  --> /mesa/_build/meson-private/sanity.rs:1:4
#15 23.92   |
#15 23.92 1 | fn main() {
#15 23.92   |    ^^^^
#15 23.92   |
#15 23.92   = note: `#[warn(dead_code)]` on by default
#15 23.92 
#15 23.92 note: Link against the following native artifacts when linking against this static library. The order and any duplication can be significant on some platforms.
#15 23.92 
#15 23.92 note: native-static-libs: -lgcc_s -lutil -lrt -lpthread -lm -ldl -lc
#15 23.92 
#15 23.92 warning: 1 warning emitted
#15 23.92 -----------
#15 23.92 Running test binary command:  /mesa/_build/meson-private/rusttest.exe
#15 23.92 -----------
#15 23.92 Sanity check: `/mesa/_build/meson-private/rusttest.exe` -> 0
#15 23.92 Rust compiler for the build machine: rustc -C linker=/usr/sbin/clang (rustc 1.90.0 "1.90.0")
#15 23.92 Rust linker for the build machine: rustc -C linker=/usr/sbin/clang ld.bfd 2.45.0
#15 23.92 Program bindgen found: YES (/usr/sbin/bindgen)
#15 23.92 Running command: /usr/sbin/bindgen --version
#15 23.92 --- stdout ---
#15 23.92 bindgen 0.72.0
#15 23.92 
#15 23.92 --- stderr ---
#15 23.92 
#15 23.92 
#15 23.92 Determining dependency 'libclc' with pkg-config executable '/usr/sbin/pkg-config'
#15 23.92 env[PKG_CONFIG_PATH]: 
#15 23.92 env[PKG_CONFIG]: /usr/sbin/pkg-config
#15 23.92 -----------
#15 23.92 Called: `/usr/sbin/pkg-config --modversion libclc` -> 0
#15 23.92 stdout:
#15 23.92 0.2.0
#15 23.92 -----------
#15 23.92 env[PKG_CONFIG_PATH]: 
#15 23.92 env[PKG_CONFIG]: /usr/sbin/pkg-config
#15 23.92 -----------
#15 23.92 Called: `/usr/sbin/pkg-config --cflags libclc` -> 0
#15 23.92 env[PKG_CONFIG_ALLOW_SYSTEM_LIBS]: 1
#15 23.92 env[PKG_CONFIG_PATH]: 
#15 23.92 env[PKG_CONFIG]: /usr/sbin/pkg-config
#15 23.92 -----------
#15 23.92 Called: `/usr/sbin/pkg-config --libs libclc` -> 0
#15 23.92 stdout:
#15 23.92 -L/usr/share/clc
#15 23.92 -----------
#15 23.92 env[PKG_CONFIG_PATH]: 
#15 23.92 env[PKG_CONFIG]: /usr/sbin/pkg-config
#15 23.92 -----------
#15 23.92 Called: `/usr/sbin/pkg-config --libs libclc` -> 0
#15 23.92 stdout:
#15 23.92 -L/usr/share/clc
#15 23.92 -----------
#15 23.92 Run-time dependency libclc found: YES 0.2.0
#15 23.92 Running command: /usr/sbin/python3 --version
#15 23.92 --- stdout ---
#15 23.92 Python 3.13.7
#15 23.92 
#15 23.92 --- stderr ---
#15 23.92 
#15 23.92 
#15 23.92 Program python3 found: YES 3.13.7 3.13.7 (/usr/sbin/python3)
#15 23.92 Running command: /usr/sbin/python3 -c '
#15 23.92 try:
#15 23.92   from packaging.version import Version
#15 23.92 except:
#15 23.92   from distutils.version import StrictVersion as Version
#15 23.92 import mako
#15 23.92 assert Version(mako.__version__) >= Version("0.8.0")
#15 23.92   '
#15 23.92 --- stdout ---
#15 23.92 
#15 23.92 --- stderr ---
#15 23.92 
#15 23.92 
#15 23.92 Running command: /usr/sbin/python3 -c '
#15 23.92 import yaml
#15 23.92   '
#15 23.92 --- stdout ---
#15 23.92 
#15 23.92 --- stderr ---
#15 23.92 
#15 23.92 
#15 23.92 Running compile:
#15 23.92 Working directory:  /tmp/tmpyfgvephy
#15 23.92 Code:
#15 23.92 
#15 23.92         #include <errno.h>
#15 23.92         #ifndef ETIME
#15 23.92         # define ETIME "MESON_GET_DEFINE_UNDEFINED_SENTINEL"
#15 23.92         #endif
#15 23.92         "MESON_GET_DEFINE_DELIMITER_START"
#15 23.92 ETIME
#15 23.92 "MESON_GET_DEFINE_DELIMITER_END"
#15 23.92 -----------
#15 23.92 Command line: `/usr/sbin/clang /tmp/tmpyfgvephy/testfile.c -E -P -fsanitize=memory -fsanitize-memory-track-origins -fno-omit-frame-pointer -g -D_FILE_OFFSET_BITS=64 -P -O0 -Werror=implicit-function-declaration -std=c11` -> 0
#15 23.92 stdout:
#15 23.92 extern int *__errno_location (void) __attribute__ ((__nothrow__ )) __attribute__ ((__const__));
#15 23.92  "MESON_GET_DEFINE_DELIMITER_START"
#15 23.92 62
#15 23.92 "MESON_GET_DEFINE_DELIMITER_END"
#15 23.92 -----------
#15 23.92 Fetching value of define "ETIME" : 62 
#15 23.92 Running compile:
#15 23.92 Working directory:  /mesa/_build/meson-private/tmpsw6trcga
#15 23.92 Code:
#15 23.92 extern int i;
#15 23.92 int i;
#15 23.92 
#15 23.92 -----------
#15 23.92 Command line: `/usr/sbin/clang /mesa/_build/meson-private/tmpsw6trcga/testfile.c -o /mesa/_build/meson-private/tmpsw6trcga/output.obj -c -fsanitize=memory -fsanitize-memory-track-origins -fno-omit-frame-pointer -g -D_FILE_OFFSET_BITS=64 -O0 -Werror=implicit-function-declaration -Werror=unknown-warning-option -Werror=unused-command-line-argument -Werror=ignored-optimization-argument -gsplit-dwarf` -> 0
#15 23.92 Compiler for C supports arguments -gsplit-dwarf: YES 
#15 23.92 Running compile:
#15 23.92 Working directory:  /mesa/_build/meson-private/tmpqbvzc586
#15 23.92 Code:
#15 23.92 int main(void) { return 0; }
#15 23.92 
#15 23.92 -----------
#15 23.92 Command line: `/usr/sbin/clang -L/msan/lib -L/libcxx_msan/lib /mesa/_build/meson-private/tmpqbvzc586/testfile.c -o /mesa/_build/meson-private/tmpqbvzc586/output.exe -fsanitize=memory -fsanitize-memory-track-origins -fno-omit-frame-pointer -g -D_FILE_OFFSET_BITS=64 -O0 -Werror=implicit-function-declaration -Wl,--fatal-warnings -Wl,--gdb-index -Wl,-rpath,/msan/lib -Wl,-rpath,/libcxx_msan/lib -Wl,--start-group -lc++ -lc++abi -Wl,--end-group` -> 1
#15 23.92 stderr:
#15 23.92 /usr/bin/ld: unrecognized option '--gdb-index'
#15 23.92 /usr/bin/ld: use the --help option for usage information
#15 23.92 clang: error: linker command failed with exit code 1 (use -v to see invocation)
#15 23.92 -----------
#15 23.92 Compiler for C supports link arguments -Wl,--gdb-index: NO 
#15 23.92 Running compile:
#15 23.92 Working directory:  /mesa/_build/meson-private/tmpnif32jgk
#15 23.92 Code:
#15 23.92 
#15 23.92         #define bswap32 meson_disable_define_of_bswap32
#15 23.92         
#15 23.92         #include <limits.h>
#15 23.92         #undef bswap32
#15 23.92         
#15 23.92         #ifdef __cplusplus
#15 23.92         extern "C"
#15 23.92         #endif
#15 23.92         char bswap32 (void);
#15 23.92         
#15 23.92         #if defined __stub_bswap32 || defined __stub___bswap32
#15 23.92         fail fail fail this function is not going to work
#15 23.92         #endif
#15 23.92         
#15 23.92         int main(void) {
#15 23.92           return bswap32 ();
#15 23.92         }
#15 23.92 -----------
#15 23.92 Command line: `/usr/sbin/clang -L/msan/lib -L/libcxx_msan/lib /mesa/_build/meson-private/tmpnif32jgk/testfile.c -o /mesa/_build/meson-private/tmpnif32jgk/output.exe -fsanitize=memory -fsanitize-memory-track-origins -fno-omit-frame-pointer -g -D_FILE_OFFSET_BITS=64 -O0 -Werror=implicit-function-declaration -std=c11 -Wl,-rpath,/msan/lib -Wl,-rpath,/libcxx_msan/lib -Wl,--start-group -lc++ -lc++abi -Wl,--end-group` -> 1
#15 23.92 stderr:
#15 23.92 /usr/bin/ld: /tmp/testfile-665af0.o: in function `main':
#15 23.92 /mesa/_build/meson-private/tmpnif32jgk/testfile.c:17:(.text+0x5d): undefined reference to `bswap32'
#15 23.92 clang: error: linker command failed with exit code 1 (use -v to see invocation)
#15 23.92 -----------
#15 23.92 Running compile:
#15 23.92 Working directory:  /mesa/_build/meson-private/tmpfi5vfbxy
#15 23.92 Code:
#15 23.92 
#15 23.92         int main(void) {
#15 23.92 
#15 23.92         /* With some toolchains (MSYS2/mingw for example) the compiler
#15 23.92          * provides various builtins which are not really implemented and
#15 23.92          * fall back to the stdlib where they aren't provided and fail at
#15 23.92          * build/link time. In case the user provides a header, including
#15 23.92          * the header didn't lead to the function being defined, and the
#15 23.92          * function we are checking isn't a builtin itself we assume the
#15 23.92          * builtin is not functional and we just error out. */
#15 23.92         #if !1 && !defined(bswap32) && !0
#15 23.92             #error "No definition for __builtin_bswap32 found in the prefix"
#15 23.92         #endif
#15 23.92 
#15 23.92         #ifdef __has_builtin
#15 23.92             #if !__has_builtin(__builtin_bswap32)
#15 23.92                 #error "__builtin_bswap32 not found"
#15 23.92             #endif
#15 23.92         #elif ! defined(bswap32)
#15 23.92             __builtin_bswap32;
#15 23.92         #endif
#15 23.92         return 0;
#15 23.92         }
#15 23.92 -----------
#15 23.92 Command line: `/usr/sbin/clang -L/msan/lib -L/libcxx_msan/lib /mesa/_build/meson-private/tmpfi5vfbxy/testfile.c -o /mesa/_build/meson-private/tmpfi5vfbxy/output.exe -fsanitize=memory -fsanitize-memory-track-origins -fno-omit-frame-pointer -g -D_FILE_OFFSET_BITS=64 -O0 -Werror=implicit-function-declaration -std=c11 -Wl,-rpath,/msan/lib -Wl,-rpath,/libcxx_msan/lib -Wl,--start-group -lc++ -lc++abi -Wl,--end-group` -> 0
#15 23.92 Checking for function "bswap32" : YES 
#15 23.92 Running compile:
#15 23.92 Working directory:  /mesa/_build/meson-private/tmp0obms55x
#15 23.92 Code:
#15 23.92 
#15 23.92         #define bswap64 meson_disable_define_of_bswap64
#15 23.92         
#15 23.92         #include <limits.h>
#15 23.92         #undef bswap64
#15 23.92         
#15 23.92         #ifdef __cplusplus
#15 23.92         extern "C"
#15 23.92         #endif
#15 23.92         char bswap64 (void);
#15 23.92         
#15 23.92         #if defined __stub_bswap64 || defined __stub___bswap64
#15 23.92         fail fail fail this function is not going to work
#15 23.92         #endif
#15 23.92         
#15 23.92         int main(void) {
#15 23.92           return bswap64 ();
#15 23.92         }
#15 23.92 -----------
#15 23.92 Command line: `/usr/sbin/clang -L/msan/lib -L/libcxx_msan/lib /mesa/_build/meson-private/tmp0obms55x/testfile.c -o /mesa/_build/meson-private/tmp0obms55x/output.exe -fsanitize=memory -fsanitize-memory-track-origins -fno-omit-frame-pointer -g -D_FILE_OFFSET_BITS=64 -O0 -Werror=implicit-function-declaration -std=c11 -Wl,-rpath,/msan/lib -Wl,-rpath,/libcxx_msan/lib -Wl,--start-group -lc++ -lc++abi -Wl,--end-group` -> 1
#15 23.92 stderr:
#15 23.92 /usr/bin/ld: /tmp/testfile-e9a94e.o: in function `main':
#15 23.92 /mesa/_build/meson-private/tmp0obms55x/testfile.c:17:(.text+0x5d): undefined reference to `bswap64'
#15 23.92 clang: error: linker command failed with exit code 1 (use -v to see invocation)
#15 23.92 -----------
#15 23.92 Running compile:
#15 23.92 Working directory:  /mesa/_build/meson-private/tmp7q93t3qr
#15 23.92 Code:
#15 23.92 
#15 23.92         int main(void) {
#15 23.92 
#15 23.92         /* With some toolchains (MSYS2/mingw for example) the compiler
#15 23.92          * provides various builtins which are not really implemented and
#15 23.92          * fall back to the stdlib where they aren't provided and fail at
#15 23.92          * build/link time. In case the user provides a header, including
#15 23.92          * the header didn't lead to the function being defined, and the
#15 23.92          * function we are checking isn't a builtin itself we assume the
#15 23.92          * builtin is not functional and we just error out. */
#15 23.92         #if !1 && !defined(bswap64) && !0
#15 23.92             #error "No definition for __builtin_bswap64 found in the prefix"
#15 23.92         #endif
#15 23.92 
#15 23.92         #ifdef __has_builtin
#15 23.92             #if !__has_builtin(__builtin_bswap64)
#15 23.92                 #error "__builtin_bswap64 not found"
#15 23.92             #endif
#15 23.92         #elif ! defined(bswap64)
#15 23.92             __builtin_bswap64;
#15 23.92         #endif
#15 23.92         return 0;
#15 23.92         }
#15 23.92 -----------
#15 23.92 Command line: `/usr/sbin/clang -L/msan/lib -L/libcxx_msan/lib /mesa/_build/meson-private/tmp7q93t3qr/testfile.c -o /mesa/_build/meson-private/tmp7q93t3qr/output.exe -fsanitize=memory -fsanitize-memory-track-origins -fno-omit-frame-pointer -g -D_FILE_OFFSET_BITS=64 -O0 -Werror=implicit-function-declaration -std=c11 -Wl,-rpath,/msan/lib -Wl,-rpath,/libcxx_msan/lib -Wl,--start-group -lc++ -lc++abi -Wl,--end-group` -> 0
#15 23.92 Checking for function "bswap64" : YES 
#15 23.92 Running compile:
#15 23.92 Working directory:  /mesa/_build/meson-private/tmpme9p1bpl
#15 23.92 Code:
#15 23.92 
#15 23.92         #define clz meson_disable_define_of_clz
#15 23.92         
#15 23.92         #include <limits.h>
#15 23.92         #undef clz
#15 23.92         
#15 23.92         #ifdef __cplusplus
#15 23.92         extern "C"
#15 23.92         #endif
#15 23.92         char clz (void);
#15 23.92         
#15 23.92         #if defined __stub_clz || defined __stub___clz
#15 23.92         fail fail fail this function is not going to work
#15 23.92         #endif
#15 23.92         
#15 23.92         int main(void) {
#15 23.92           return clz ();
#15 23.92         }
#15 23.92 -----------
#15 23.92 Command line: `/usr/sbin/clang -L/msan/lib -L/libcxx_msan/lib /mesa/_build/meson-private/tmpme9p1bpl/testfile.c -o /mesa/_build/meson-private/tmpme9p1bpl/output.exe -fsanitize=memory -fsanitize-memory-track-origins -fno-omit-frame-pointer -g -D_FILE_OFFSET_BITS=64 -O0 -Werror=implicit-function-declaration -std=c11 -Wl,-rpath,/msan/lib -Wl,-rpath,/libcxx_msan/lib -Wl,--start-group -lc++ -lc++abi -Wl,--end-group` -> 1
#15 23.92 stderr:
#15 23.92 /usr/bin/ld: /tmp/testfile-5c1491.o: in function `main':
#15 23.92 /mesa/_build/meson-private/tmpme9p1bpl/testfile.c:17:(.text+0x5d): undefined reference to `clz'
#15 23.92 clang: error: linker command failed with exit code 1 (use -v to see invocation)
#15 23.92 -----------
#15 23.92 Running compile:
#15 23.92 Working directory:  /mesa/_build/meson-private/tmpwlb132of
#15 23.92 Code:
#15 23.92 
#15 23.92         int main(void) {
#15 23.92 
#15 23.92         /* With some toolchains (MSYS2/mingw for example) the compiler
#15 23.92          * provides various builtins which are not really implemented and
#15 23.92          * fall back to the stdlib where they aren't provided and fail at
#15 23.92          * build/link time. In case the user provides a header, including
#15 23.92          * the header didn't lead to the function being defined, and the
#15 23.92          * function we are checking isn't a builtin itself we assume the
#15 23.92          * builtin is not functional and we just error out. */
#15 23.92         #if !1 && !defined(clz) && !0
#15 23.92             #error "No definition for __builtin_clz found in the prefix"
#15 23.92         #endif
#15 23.92 
#15 23.92         #ifdef __has_builtin
#15 23.92             #if !__has_builtin(__builtin_clz)
#15 23.92                 #error "__builtin_clz not found"
#15 23.92             #endif
#15 23.92         #elif ! defined(clz)
#15 23.92             __builtin_clz;
#15 23.92         #endif
#15 23.92         return 0;
#15 23.92         }
#15 23.92 -----------
#15 23.92 Command line: `/usr/sbin/clang -L/msan/lib -L/libcxx_msan/lib /mesa/_build/meson-private/tmpwlb132of/testfile.c -o /mesa/_build/meson-private/tmpwlb132of/output.exe -fsanitize=memory -fsanitize-memory-track-origins -fno-omit-frame-pointer -g -D_FILE_OFFSET_BITS=64 -O0 -Werror=implicit-function-declaration -std=c11 -Wl,-rpath,/msan/lib -Wl,-rpath,/libcxx_msan/lib -Wl,--start-group -lc++ -lc++abi -Wl,--end-group` -> 0
#15 23.92 Checking for function "clz" : YES 
#15 23.92 Running compile:
#15 23.92 Working directory:  /mesa/_build/meson-private/tmpj10610qh
#15 23.92 Code:
#15 23.92 
#15 23.92         #define clzll meson_disable_define_of_clzll
#15 23.92         
#15 23.92         #include <limits.h>
#15 23.92         #undef clzll
#15 23.92         
#15 23.92         #ifdef __cplusplus
#15 23.92         extern "C"
#15 23.92         #endif
#15 23.92         char clzll (void);
#15 23.92         
#15 23.92         #if defined __stub_clzll || defined __stub___clzll
#15 23.92         fail fail fail this function is not going to work
#15 23.92         #endif
#15 23.92         
#15 23.92         int main(void) {
#15 23.92           return clzll ();
#15 23.92         }
#15 23.92 -----------
#15 23.92 Command line: `/usr/sbin/clang -L/msan/lib -L/libcxx_msan/lib /mesa/_build/meson-private/tmpj10610qh/testfile.c -o /mesa/_build/meson-private/tmpj10610qh/output.exe -fsanitize=memory -fsanitize-memory-track-origins -fno-omit-frame-pointer -g -D_FILE_OFFSET_BITS=64 -O0 -Werror=implicit-function-declaration -std=c11 -Wl,-rpath,/msan/lib -Wl,-rpath,/libcxx_msan/lib -Wl,--start-group -lc++ -lc++abi -Wl,--end-group` -> 1
#15 23.92 stderr:
#15 23.92 /usr/bin/ld: /tmp/testfile-65dd80.o: in function `main':
#15 23.92 /mesa/_build/meson-private/tmpj10610qh/testfile.c:17:(.text+0x5d): undefined reference to `clzll'
#15 23.92 clang: error: linker command failed with exit code 1 (use -v to see invocation)
#15 23.92 -----------
#15 23.92 Running compile:
#15 23.92 Working directory:  /mesa/_build/meson-private/tmpc_y97jxo
#15 23.92 Code:
#15 23.92 
#15 23.92         int main(void) {
#15 23.92 
#15 23.92         /* With some toolchains (MSYS2/mingw for example) the compiler
#15 23.92          * provides various builtins which are not really implemented and
#15 23.92          * fall back to the stdlib where they aren't provided and fail at
#15 23.92          * build/link time. In case the user provides a header, including
#15 23.92          * the header didn't lead to the function being defined, and the
#15 23.92          * function we are checking isn't a builtin itself we assume the
#15 23.92          * builtin is not functional and we just error out. */
#15 23.92         #if !1 && !defined(clzll) && !0
#15 23.92             #error "No definition for __builtin_clzll found in the prefix"
#15 23.92         #endif
#15 23.92 
#15 23.92         #ifdef __has_builtin
#15 23.92             #if !__has_builtin(__builtin_clzll)
#15 23.92                 #error "__builtin_clzll not found"
#15 23.92             #endif
#15 23.92         #elif ! defined(clzll)
#15 23.92             __builtin_clzll;
#15 23.92         #endif
#15 23.92         return 0;
#15 23.92         }
#15 23.92 -----------
#15 23.92 Command line: `/usr/sbin/clang -L/msan/lib -L/libcxx_msan/lib /mesa/_build/meson-private/tmpc_y97jxo/testfile.c -o /mesa/_build/meson-private/tmpc_y97jxo/output.exe -fsanitize=memory -fsanitize-memory-track-origins -fno-omit-frame-pointer -g -D_FILE_OFFSET_BITS=64 -O0 -Werror=implicit-function-declaration -std=c11 -Wl,-rpath,/msan/lib -Wl,-rpath,/libcxx_msan/lib -Wl,--start-group -lc++ -lc++abi -Wl,--end-group` -> 0
#15 23.92 Checking for function "clzll" : YES 
#15 23.92 Running compile:
#15 23.92 Working directory:  /mesa/_build/meson-private/tmpwvz234wr
#15 23.92 Code:
#15 23.92 
#15 23.92         #define ctz meson_disable_define_of_ctz
#15 23.92         
#15 23.92         #include <limits.h>
#15 23.92         #undef ctz
#15 23.92         
#15 23.92         #ifdef __cplusplus
#15 23.92         extern "C"
#15 23.92         #endif
#15 23.92         char ctz (void);
#15 23.92         
#15 23.92         #if defined __stub_ctz || defined __stub___ctz
#15 23.92         fail fail fail this function is not going to work
#15 23.92         #endif
#15 23.92         
#15 23.92         int main(void) {
#15 23.92           return ctz ();
#15 23.92         }
#15 23.92 -----------
#15 23.92 Command line: `/usr/sbin/clang -L/msan/lib -L/libcxx_msan/lib /mesa/_build/meson-private/tmpwvz234wr/testfile.c -o /mesa/_build/meson-private/tmpwvz234wr/output.exe -fsanitize=memory -fsanitize-memory-track-origins -fno-omit-frame-pointer -g -D_FILE_OFFSET_BITS=64 -O0 -Werror=implicit-function-declaration -std=c11 -Wl,-rpath,/msan/lib -Wl,-rpath,/libcxx_msan/lib -Wl,--start-group -lc++ -lc++abi -Wl,--end-group` -> 1
#15 23.92 stderr:
#15 23.92 /usr/bin/ld: /tmp/testfile-d94f3e.o: in function `main':
#15 23.92 /mesa/_build/meson-private/tmpwvz234wr/testfile.c:17:(.text+0x5d): undefined reference to `ctz'
#15 23.92 clang: error: linker command failed with exit code 1 (use -v to see invocation)
#15 23.92 -----------
#15 23.92 Running compile:
#15 23.92 Working directory:  /mesa/_build/meson-private/tmpbciepc7d
#15 23.92 Code:
#15 23.92 
#15 23.92         int main(void) {
#15 23.92 
#15 23.92         /* With some toolchains (MSYS2/mingw for example) the compiler
#15 23.92          * provides various builtins which are not really implemented and
#15 23.92          * fall back to the stdlib where they aren't provided and fail at
#15 23.92          * build/link time. In case the user provides a header, including
#15 23.92          * the header didn't lead to the function being defined, and the
#15 23.92          * function we are checking isn't a builtin itself we assume the
#15 23.92          * builtin is not functional and we just error out. */
#15 23.92         #if !1 && !defined(ctz) && !0
#15 23.92             #error "No definition for __builtin_ctz found in the prefix"
#15 23.92         #endif
#15 23.92 
#15 23.92         #ifdef __has_builtin
#15 23.92             #if !__has_builtin(__builtin_ctz)
#15 23.92                 #error "__builtin_ctz not found"
#15 23.92             #endif
#15 23.92         #elif ! defined(ctz)
#15 23.92             __builtin_ctz;
#15 23.92         #endif
#15 23.92         return 0;
#15 23.92         }
#15 23.92 -----------
#15 23.92 Command line: `/usr/sbin/clang -L/msan/lib -L/libcxx_msan/lib /mesa/_build/meson-private/tmpbciepc7d/testfile.c -o /mesa/_build/meson-private/tmpbciepc7d/output.exe -fsanitize=memory -fsanitize-memory-track-origins -fno-omit-frame-pointer -g -D_FILE_OFFSET_BITS=64 -O0 -Werror=implicit-function-declaration -std=c11 -Wl,-rpath,/msan/lib -Wl,-rpath,/libcxx_msan/lib -Wl,--start-group -lc++ -lc++abi -Wl,--end-group` -> 0
#15 23.92 Checking for function "ctz" : YES 
#15 23.92 Running compile:
#15 23.92 Working directory:  /mesa/_build/meson-private/tmpc77hmjxc
#15 23.92 Code:
#15 23.92 
#15 23.92         #define expect meson_disable_define_of_expect
#15 23.92         
#15 23.92         #include <limits.h>
#15 23.92         #undef expect
#15 23.92         
#15 23.92         #ifdef __cplusplus
#15 23.92         extern "C"
#15 23.92         #endif
#15 23.92         char expect (void);
#15 23.92         
#15 23.92         #if defined __stub_expect || defined __stub___expect
#15 23.92         fail fail fail this function is not going to work
#15 23.92         #endif
#15 23.92         
#15 23.92         int main(void) {
#15 23.92           return expect ();
#15 23.92         }
#15 23.92 -----------
#15 23.92 Command line: `/usr/sbin/clang -L/msan/lib -L/libcxx_msan/lib /mesa/_build/meson-private/tmpc77hmjxc/testfile.c -o /mesa/_build/meson-private/tmpc77hmjxc/output.exe -fsanitize=memory -fsanitize-memory-track-origins -fno-omit-frame-pointer -g -D_FILE_OFFSET_BITS=64 -O0 -Werror=implicit-function-declaration -std=c11 -Wl,-rpath,/msan/lib -Wl,-rpath,/libcxx_msan/lib -Wl,--start-group -lc++ -lc++abi -Wl,--end-group` -> 1
#15 23.92 stderr:
#15 23.92 /usr/bin/ld: /tmp/testfile-79faa6.o: in function `main':
#15 23.92 /mesa/_build/meson-private/tmpc77hmjxc/testfile.c:17:(.text+0x5d): undefined reference to `expect'
#15 23.92 clang: error: linker command failed with exit code 1 (use -v to see invocation)
#15 23.92 -----------
#15 23.92 Running compile:
#15 23.92 Working directory:  /mesa/_build/meson-private/tmpe0t5vca_
#15 23.92 Code:
#15 23.92 
#15 23.92         int main(void) {
#15 23.92 
#15 23.92         /* With some toolchains (MSYS2/mingw for example) the compiler
#15 23.92          * provides various builtins which are not really implemented and
#15 23.92          * fall back to the stdlib where they aren't provided and fail at
#15 23.92          * build/link time. In case the user provides a header, including
#15 23.92          * the header didn't lead to the function being defined, and the
#15 23.92          * function we are checking isn't a builtin itself we assume the
#15 23.92          * builtin is not functional and we just error out. */
#15 23.92         #if !1 && !defined(expect) && !0
#15 23.92             #error "No definition for __builtin_expect found in the prefix"
#15 23.92         #endif
#15 23.92 
#15 23.92         #ifdef __has_builtin
#15 23.92             #if !__has_builtin(__builtin_expect)
#15 23.92                 #error "__builtin_expect not found"
#15 23.92             #endif
#15 23.92         #elif ! defined(expect)
#15 23.92             __builtin_expect;
#15 23.92         #endif
#15 23.92         return 0;
#15 23.92         }
#15 23.92 -----------
#15 23.92 Command line: `/usr/sbin/clang -L/msan/lib -L/libcxx_msan/lib /mesa/_build/meson-private/tmpe0t5vca_/testfile.c -o /mesa/_build/meson-private/tmpe0t5vca_/output.exe -fsanitize=memory -fsanitize-memory-track-origins -fno-omit-frame-pointer -g -D_FILE_OFFSET_BITS=64 -O0 -Werror=implicit-function-declaration -std=c11 -Wl,-rpath,/msan/lib -Wl,-rpath,/libcxx_msan/lib -Wl,--start-group -lc++ -lc++abi -Wl,--end-group` -> 0
#15 23.92 Checking for function "expect" : YES 
#15 23.92 Running compile:
#15 23.92 Working directory:  /mesa/_build/meson-private/tmpn29kdq49
#15 23.92 Code:
#15 23.92 
#15 23.92         #define ffs meson_disable_define_of_ffs
#15 23.92         
#15 23.92         #include <limits.h>
#15 23.92         #undef ffs
#15 23.92         
#15 23.92         #ifdef __cplusplus
#15 23.92         extern "C"
#15 23.92         #endif
#15 23.92         char ffs (void);
#15 23.92         
#15 23.92         #if defined __stub_ffs || defined __stub___ffs
#15 23.92         fail fail fail this function is not going to work
#15 23.92         #endif
#15 23.92         
#15 23.92         int main(void) {
#15 23.92           return ffs ();
#15 23.92         }
#15 23.92 -----------
#15 23.92 Command line: `/usr/sbin/clang -L/msan/lib -L/libcxx_msan/lib /mesa/_build/meson-private/tmpn29kdq49/testfile.c -o /mesa/_build/meson-private/tmpn29kdq49/output.exe -fsanitize=memory -fsanitize-memory-track-origins -fno-omit-frame-pointer -g -D_FILE_OFFSET_BITS=64 -O0 -Werror=implicit-function-declaration -std=c11 -Wl,-rpath,/msan/lib -Wl,-rpath,/libcxx_msan/lib -Wl,--start-group -lc++ -lc++abi -Wl,--end-group` -> 0
#15 23.92 Checking for function "ffs" : YES 
#15 23.92 Running compile:
#15 23.92 Working directory:  /mesa/_build/meson-private/tmprx7_629q
#15 23.92 Code:
#15 23.92 
#15 23.92         #define ffsll meson_disable_define_of_ffsll
#15 23.92         
#15 23.92         #include <limits.h>
#15 23.92         #undef ffsll
#15 23.92         
#15 23.92         #ifdef __cplusplus
#15 23.92         extern "C"
#15 23.92         #endif
#15 23.92         char ffsll (void);
#15 23.92         
#15 23.92         #if defined __stub_ffsll || defined __stub___ffsll
#15 23.92         fail fail fail this function is not going to work
#15 23.92         #endif
#15 23.92         
#15 23.92         int main(void) {
#15 23.92           return ffsll ();
#15 23.92         }
#15 23.92 -----------
#15 23.92 Command line: `/usr/sbin/clang -L/msan/lib -L/libcxx_msan/lib /mesa/_build/meson-private/tmprx7_629q/testfile.c -o /mesa/_build/meson-private/tmprx7_629q/output.exe -fsanitize=memory -fsanitize-memory-track-origins -fno-omit-frame-pointer -g -D_FILE_OFFSET_BITS=64 -O0 -Werror=implicit-function-declaration -std=c11 -Wl,-rpath,/msan/lib -Wl,-rpath,/libcxx_msan/lib -Wl,--start-group -lc++ -lc++abi -Wl,--end-group` -> 0
#15 23.92 Checking for function "ffsll" : YES 
#15 23.92 Running compile:
#15 23.92 Working directory:  /mesa/_build/meson-private/tmps2x6tbe5
#15 23.92 Code:
#15 23.92 
#15 23.92         #define popcount meson_disable_define_of_popcount
#15 23.92         
#15 23.92         #include <limits.h>
#15 23.92         #undef popcount
#15 23.92         
#15 23.92         #ifdef __cplusplus
#15 23.92         extern "C"
#15 23.92         #endif
#15 23.92         char popcount (void);
#15 23.92         
#15 23.92         #if defined __stub_popcount || defined __stub___popcount
#15 23.92         fail fail fail this function is not going to work
#15 23.92         #endif
#15 23.92         
#15 23.92         int main(void) {
#15 23.92           return popcount ();
#15 23.92         }
#15 23.92 -----------
#15 23.92 Command line: `/usr/sbin/clang -L/msan/lib -L/libcxx_msan/lib /mesa/_build/meson-private/tmps2x6tbe5/testfile.c -o /mesa/_build/meson-private/tmps2x6tbe5/output.exe -fsanitize=memory -fsanitize-memory-track-origins -fno-omit-frame-pointer -g -D_FILE_OFFSET_BITS=64 -O0 -Werror=implicit-function-declaration -std=c11 -Wl,-rpath,/msan/lib -Wl,-rpath,/libcxx_msan/lib -Wl,--start-group -lc++ -lc++abi -Wl,--end-group` -> 1
#15 23.92 stderr:
#15 23.92 /usr/bin/ld: /tmp/testfile-f22c76.o: in function `main':
#15 23.92 /mesa/_build/meson-private/tmps2x6tbe5/testfile.c:17:(.text+0x5d): undefined reference to `popcount'
#15 23.92 clang: error: linker command failed with exit code 1 (use -v to see invocation)
#15 23.92 -----------
#15 23.92 Running compile:
#15 23.92 Working directory:  /mesa/_build/meson-private/tmpxs_5ltu_
#15 23.92 Code:
#15 23.92 
#15 23.92         int main(void) {
#15 23.92 
#15 23.92         /* With some toolchains (MSYS2/mingw for example) the compiler
#15 23.92          * provides various builtins which are not really implemented and
#15 23.92          * fall back to the stdlib where they aren't provided and fail at
#15 23.92          * build/link time. In case the user provides a header, including
#15 23.92          * the header didn't lead to the function being defined, and the
#15 23.92          * function we are checking isn't a builtin itself we assume the
#15 23.92          * builtin is not functional and we just error out. */
#15 23.92         #if !1 && !defined(popcount) && !0
#15 23.92             #error "No definition for __builtin_popcount found in the prefix"
#15 23.92         #endif
#15 23.92 
#15 23.92         #ifdef __has_builtin
#15 23.92             #if !__has_builtin(__builtin_popcount)
#15 23.92                 #error "__builtin_popcount not found"
#15 23.92             #endif
#15 23.92         #elif ! defined(popcount)
#15 23.92             __builtin_popcount;
#15 23.92         #endif
#15 23.92         return 0;
#15 23.92         }
#15 23.92 -----------
#15 23.92 Command line: `/usr/sbin/clang -L/msan/lib -L/libcxx_msan/lib /mesa/_build/meson-private/tmpxs_5ltu_/testfile.c -o /mesa/_build/meson-private/tmpxs_5ltu_/output.exe -fsanitize=memory -fsanitize-memory-track-origins -fno-omit-frame-pointer -g -D_FILE_OFFSET_BITS=64 -O0 -Werror=implicit-function-declaration -std=c11 -Wl,-rpath,/msan/lib -Wl,-rpath,/libcxx_msan/lib -Wl,--start-group -lc++ -lc++abi -Wl,--end-group` -> 0
#15 23.92 Checking for function "popcount" : YES 
#15 23.92 Running compile:
#15 23.92 Working directory:  /mesa/_build/meson-private/tmplmgzhtwc
#15 23.92 Code:
#15 23.92 
#15 23.92         #define popcountll meson_disable_define_of_popcountll
#15 23.92         
#15 23.92         #include <limits.h>
#15 23.92         #undef popcountll
#15 23.92         
#15 23.92         #ifdef __cplusplus
#15 23.92         extern "C"
#15 23.92         #endif
#15 23.92         char popcountll (void);
#15 23.92         
#15 23.92         #if defined __stub_popcountll || defined __stub___popcountll
#15 23.92         fail fail fail this function is not going to work
#15 23.92         #endif
#15 23.92         
#15 23.92         int main(void) {
#15 23.92           return popcountll ();
#15 23.92         }
#15 23.92 -----------
#15 23.92 Command line: `/usr/sbin/clang -L/msan/lib -L/libcxx_msan/lib /mesa/_build/meson-private/tmplmgzhtwc/testfile.c -o /mesa/_build/meson-private/tmplmgzhtwc/output.exe -fsanitize=memory -fsanitize-memory-track-origins -fno-omit-frame-pointer -g -D_FILE_OFFSET_BITS=64 -O0 -Werror=implicit-function-declaration -std=c11 -Wl,-rpath,/msan/lib -Wl,-rpath,/libcxx_msan/lib -Wl,--start-group -lc++ -lc++abi -Wl,--end-group` -> 1
#15 23.92 stderr:
#15 23.92 /usr/bin/ld: /tmp/testfile-67d316.o: in function `main':
#15 23.92 /mesa/_build/meson-private/tmplmgzhtwc/testfile.c:17:(.text+0x5d): undefined reference to `popcountll'
#15 23.92 clang: error: linker command failed with exit code 1 (use -v to see invocation)
#15 23.92 -----------
#15 23.92 Running compile:
#15 23.92 Working directory:  /mesa/_build/meson-private/tmpjitzf5vs
#15 23.92 Code:
#15 23.92 
#15 23.92         int main(void) {
#15 23.92 
#15 23.92         /* With some toolchains (MSYS2/mingw for example) the compiler
#15 23.92          * provides various builtins which are not really implemented and
#15 23.92          * fall back to the stdlib where they aren't provided and fail at
#15 23.92          * build/link time. In case the user provides a header, including
#15 23.92          * the header didn't lead to the function being defined, and the
#15 23.92          * function we are checking isn't a builtin itself we assume the
#15 23.92          * builtin is not functional and we just error out. */
#15 23.92         #if !1 && !defined(popcountll) && !0
#15 23.92             #error "No definition for __builtin_popcountll found in the prefix"
#15 23.92         #endif
#15 23.92 
#15 23.92         #ifdef __has_builtin
#15 23.92             #if !__has_builtin(__builtin_popcountll)
#15 23.92                 #error "__builtin_popcountll not found"
#15 23.92             #endif
#15 23.92         #elif ! defined(popcountll)
#15 23.92             __builtin_popcountll;
#15 23.92         #endif
#15 23.92         return 0;
#15 23.92         }
#15 23.92 -----------
#15 23.92 Command line: `/usr/sbin/clang -L/msan/lib -L/libcxx_msan/lib /mesa/_build/meson-private/tmpjitzf5vs/testfile.c -o /mesa/_build/meson-private/tmpjitzf5vs/output.exe -fsanitize=memory -fsanitize-memory-track-origins -fno-omit-frame-pointer -g -D_FILE_OFFSET_BITS=64 -O0 -Werror=implicit-function-declaration -std=c11 -Wl,-rpath,/msan/lib -Wl,-rpath,/libcxx_msan/lib -Wl,--start-group -lc++ -lc++abi -Wl,--end-group` -> 0
#15 23.92 Checking for function "popcountll" : YES 
#15 23.92 Running compile:
#15 23.92 Working directory:  /mesa/_build/meson-private/tmpdn8h2er8
#15 23.92 Code:
#15 23.92 
#15 23.92         #define unreachable meson_disable_define_of_unreachable
#15 23.92         
#15 23.92         #include <limits.h>
#15 23.92         #undef unreachable
#15 23.92         
#15 23.92         #ifdef __cplusplus
#15 23.92         extern "C"
#15 23.92         #endif
#15 23.92         char unreachable (void);
#15 23.92         
#15 23.92         #if defined __stub_unreachable || defined __stub___unreachable
#15 23.92         fail fail fail this function is not going to work
#15 23.92         #endif
#15 23.92         
#15 23.92         int main(void) {
#15 23.92           return unreachable ();
#15 23.92         }
#15 23.92 -----------
#15 23.92 Command line: `/usr/sbin/clang -L/msan/lib -L/libcxx_msan/lib /mesa/_build/meson-private/tmpdn8h2er8/testfile.c -o /mesa/_build/meson-private/tmpdn8h2er8/output.exe -fsanitize=memory -fsanitize-memory-track-origins -fno-omit-frame-pointer -g -D_FILE_OFFSET_BITS=64 -O0 -Werror=implicit-function-declaration -std=c11 -Wl,-rpath,/msan/lib -Wl,-rpath,/libcxx_msan/lib -Wl,--start-group -lc++ -lc++abi -Wl,--end-group` -> 1
#15 23.92 stderr:
#15 23.92 /usr/bin/ld: /tmp/testfile-ea4616.o: in function `main':
#15 23.92 /mesa/_build/meson-private/tmpdn8h2er8/testfile.c:17:(.text+0x5d): undefined reference to `unreachable'
#15 23.92 clang: error: linker command failed with exit code 1 (use -v to see invocation)
#15 23.92 -----------
#15 23.92 Running compile:
#15 23.92 Working directory:  /mesa/_build/meson-private/tmpp0jzn5i5
#15 23.92 Code:
#15 23.92 
#15 23.92         int main(void) {
#15 23.92 
#15 23.92         /* With some toolchains (MSYS2/mingw for example) the compiler
#15 23.92          * provides various builtins which are not really implemented and
#15 23.92          * fall back to the stdlib where they aren't provided and fail at
#15 23.92          * build/link time. In case the user provides a header, including
#15 23.92          * the header didn't lead to the function being defined, and the
#15 23.92          * function we are checking isn't a builtin itself we assume the
#15 23.92          * builtin is not functional and we just error out. */
#15 23.92         #if !1 && !defined(unreachable) && !0
#15 23.92             #error "No definition for __builtin_unreachable found in the prefix"
#15 23.92         #endif
#15 23.92 
#15 23.92         #ifdef __has_builtin
#15 23.92             #if !__has_builtin(__builtin_unreachable)
#15 23.92                 #error "__builtin_unreachable not found"
#15 23.92             #endif
#15 23.92         #elif ! defined(unreachable)
#15 23.92             __builtin_unreachable;
#15 23.92         #endif
#15 23.92         return 0;
#15 23.92         }
#15 23.92 -----------
#15 23.92 Command line: `/usr/sbin/clang -L/msan/lib -L/libcxx_msan/lib /mesa/_build/meson-private/tmpp0jzn5i5/testfile.c -o /mesa/_build/meson-private/tmpp0jzn5i5/output.exe -fsanitize=memory -fsanitize-memory-track-origins -fno-omit-frame-pointer -g -D_FILE_OFFSET_BITS=64 -O0 -Werror=implicit-function-declaration -std=c11 -Wl,-rpath,/msan/lib -Wl,-rpath,/libcxx_msan/lib -Wl,--start-group -lc++ -lc++abi -Wl,--end-group` -> 0
#15 23.92 Checking for function "unreachable" : YES 
#15 23.92 Running compile:
#15 23.92 Working directory:  /mesa/_build/meson-private/tmpnoj58bwg
#15 23.92 Code:
#15 23.92 
#15 23.92         #define types_compatible_p meson_disable_define_of_types_compatible_p
#15 23.92         
#15 23.92         #include <limits.h>
#15 23.92         #undef types_compatible_p
#15 23.92         
#15 23.92         #ifdef __cplusplus
#15 23.92         extern "C"
#15 23.92         #endif
#15 23.92         char types_compatible_p (void);
#15 23.92         
#15 23.92         #if defined __stub_types_compatible_p || defined __stub___types_compatible_p
#15 23.92         fail fail fail this function is not going to work
#15 23.92         #endif
#15 23.92         
#15 23.92         int main(void) {
#15 23.92           return types_compatible_p ();
#15 23.92         }
#15 23.92 -----------
#15 23.92 Command line: `/usr/sbin/clang -L/msan/lib -L/libcxx_msan/lib /mesa/_build/meson-private/tmpnoj58bwg/testfile.c -o /mesa/_build/meson-private/tmpnoj58bwg/output.exe -fsanitize=memory -fsanitize-memory-track-origins -fno-omit-frame-pointer -g -D_FILE_OFFSET_BITS=64 -O0 -Werror=implicit-function-declaration -std=c11 -Wl,-rpath,/msan/lib -Wl,-rpath,/libcxx_msan/lib -Wl,--start-group -lc++ -lc++abi -Wl,--end-group` -> 1
#15 23.92 stderr:
#15 23.92 /usr/bin/ld: /tmp/testfile-525155.o: in function `main':
#15 23.92 /mesa/_build/meson-private/tmpnoj58bwg/testfile.c:17:(.text+0x5d): undefined reference to `types_compatible_p'
#15 23.92 clang: error: linker command failed with exit code 1 (use -v to see invocation)
#15 23.92 -----------
#15 23.92 Running compile:
#15 23.92 Working directory:  /mesa/_build/meson-private/tmp8xptrmnf
#15 23.92 Code:
#15 23.92 
#15 23.92         int main(void) {
#15 23.92 
#15 23.92         /* With some toolchains (MSYS2/mingw for example) the compiler
#15 23.92          * provides various builtins which are not really implemented and
#15 23.92          * fall back to the stdlib where they aren't provided and fail at
#15 23.92          * build/link time. In case the user provides a header, including
#15 23.92          * the header didn't lead to the function being defined, and the
#15 23.92          * function we are checking isn't a builtin itself we assume the
#15 23.92          * builtin is not functional and we just error out. */
#15 23.92         #if !1 && !defined(types_compatible_p) && !0
#15 23.92             #error "No definition for __builtin_types_compatible_p found in the prefix"
#15 23.92         #endif
#15 23.92 
#15 23.92         #ifdef __has_builtin
#15 23.92             #if !__has_builtin(__builtin_types_compatible_p)
#15 23.92                 #error "__builtin_types_compatible_p not found"
#15 23.92             #endif
#15 23.92         #elif ! defined(types_compatible_p)
#15 23.92             __builtin_types_compatible_p;
#15 23.92         #endif
#15 23.92         return 0;
#15 23.92         }
#15 23.92 -----------
#15 23.92 Command line: `/usr/sbin/clang -L/msan/lib -L/libcxx_msan/lib /mesa/_build/meson-private/tmp8xptrmnf/testfile.c -o /mesa/_build/meson-private/tmp8xptrmnf/output.exe -fsanitize=memory -fsanitize-memory-track-origins -fno-omit-frame-pointer -g -D_FILE_OFFSET_BITS=64 -O0 -Werror=implicit-function-declaration -std=c11 -Wl,-rpath,/msan/lib -Wl,-rpath,/libcxx_msan/lib -Wl,--start-group -lc++ -lc++abi -Wl,--end-group` -> 0
#15 23.92 Checking for function "types_compatible_p" : YES 
#15 23.92 Running compile:
#15 23.92 Working directory:  /mesa/_build/meson-private/tmp7t_9xoiq
#15 23.92 Code:
#15 23.92 int foo(void) __attribute__((const));
#15 23.92 -----------
#15 23.92 Command line: `/usr/sbin/clang /mesa/_build/meson-private/tmp7t_9xoiq/testfile.c -o /mesa/_build/meson-private/tmp7t_9xoiq/output.obj -c -fsanitize=memory -fsanitize-memory-track-origins -fno-omit-frame-pointer -g -D_FILE_OFFSET_BITS=64 -O0 -Werror=implicit-function-declaration -Werror=unknown-warning-option -Werror=unused-command-line-argument -Werror=ignored-optimization-argument -Werror=attributes` -> 0
#15 23.92 Compiler for C supports function attribute const: YES 
#15 23.92 Running compile:
#15 23.92 Working directory:  /mesa/_build/meson-private/tmpmrt0114y
#15 23.92 Code:
#15 23.92 int foo(void) __attribute__((flatten));
#15 23.92 -----------
#15 23.92 Command line: `/usr/sbin/clang /mesa/_build/meson-private/tmpmrt0114y/testfile.c -o /mesa/_build/meson-private/tmpmrt0114y/output.obj -c -fsanitize=memory -fsanitize-memory-track-origins -fno-omit-frame-pointer -g -D_FILE_OFFSET_BITS=64 -O0 -Werror=implicit-function-declaration -Werror=unknown-warning-option -Werror=unused-command-line-argument -Werror=ignored-optimization-argument -Werror=attributes` -> 0
#15 23.92 Compiler for C supports function attribute flatten: YES 
#15 23.92 Running compile:
#15 23.92 Working directory:  /mesa/_build/meson-private/tmp2zhkpjp0
#15 23.92 Code:
#15 23.92 int *foo(void) __attribute__((malloc));
#15 23.92 -----------
#15 23.92 Command line: `/usr/sbin/clang /mesa/_build/meson-private/tmp2zhkpjp0/testfile.c -o /mesa/_build/meson-private/tmp2zhkpjp0/output.obj -c -fsanitize=memory -fsanitize-memory-track-origins -fno-omit-frame-pointer -g -D_FILE_OFFSET_BITS=64 -O0 -Werror=implicit-function-declaration -Werror=unknown-warning-option -Werror=unused-command-line-argument -Werror=ignored-optimization-argument -Werror=attributes` -> 0
#15 23.92 Compiler for C supports function attribute malloc: YES 
#15 23.92 Running compile:
#15 23.92 Working directory:  /mesa/_build/meson-private/tmpmhyaeclt
#15 23.92 Code:
#15 23.92 int foo(void) __attribute__((pure));
#15 23.92 -----------
#15 23.92 Command line: `/usr/sbin/clang /mesa/_build/meson-private/tmpmhyaeclt/testfile.c -o /mesa/_build/meson-private/tmpmhyaeclt/output.obj -c -fsanitize=memory -fsanitize-memory-track-origins -fno-omit-frame-pointer -g -D_FILE_OFFSET_BITS=64 -O0 -Werror=implicit-function-declaration -Werror=unknown-warning-option -Werror=unused-command-line-argument -Werror=ignored-optimization-argument -Werror=attributes` -> 0
#15 23.92 Compiler for C supports function attribute pure: YES 
#15 23.92 Running compile:
#15 23.92 Working directory:  /mesa/_build/meson-private/tmpn2o0fdgy
#15 23.92 Code:
#15 23.92 int foo(void) __attribute__((unused));
#15 23.92 -----------
#15 23.92 Command line: `/usr/sbin/clang /mesa/_build/meson-private/tmpn2o0fdgy/testfile.c -o /mesa/_build/meson-private/tmpn2o0fdgy/output.obj -c -fsanitize=memory -fsanitize-memory-track-origins -fno-omit-frame-pointer -g -D_FILE_OFFSET_BITS=64 -O0 -Werror=implicit-function-declaration -Werror=unknown-warning-option -Werror=unused-command-line-argument -Werror=ignored-optimization-argument -Werror=attributes` -> 0
#15 23.92 Compiler for C supports function attribute unused: YES 
#15 23.92 Running compile:
#15 23.92 Working directory:  /mesa/_build/meson-private/tmpwnlfo47b
#15 23.92 Code:
#15 23.92 int foo(void) __attribute__((warn_unused_result));
#15 23.92 -----------
#15 23.92 Command line: `/usr/sbin/clang /mesa/_build/meson-private/tmpwnlfo47b/testfile.c -o /mesa/_build/meson-private/tmpwnlfo47b/output.obj -c -fsanitize=memory -fsanitize-memory-track-origins -fno-omit-frame-pointer -g -D_FILE_OFFSET_BITS=64 -O0 -Werror=implicit-function-declaration -Werror=unknown-warning-option -Werror=unused-command-line-argument -Werror=ignored-optimization-argument -Werror=attributes` -> 0
#15 23.92 Compiler for C supports function attribute warn_unused_result: YES 
#15 23.92 Running compile:
#15 23.92 Working directory:  /mesa/_build/meson-private/tmp8j_qsxha
#15 23.92 Code:
#15 23.92 int foo(void) __attribute__((weak));
#15 23.92 -----------
#15 23.92 Command line: `/usr/sbin/clang /mesa/_build/meson-private/tmp8j_qsxha/testfile.c -o /mesa/_build/meson-private/tmp8j_qsxha/output.obj -c -fsanitize=memory -fsanitize-memory-track-origins -fno-omit-frame-pointer -g -D_FILE_OFFSET_BITS=64 -O0 -Werror=implicit-function-declaration -Werror=unknown-warning-option -Werror=unused-command-line-argument -Werror=ignored-optimization-argument -Werror=attributes` -> 0
#15 23.92 Compiler for C supports function attribute weak: YES 
#15 23.92 Running compile:
#15 23.92 Working directory:  /mesa/_build/meson-private/tmp_ia9tphw
#15 23.92 Code:
#15 23.92 int foo(const char * p, ...) __attribute__((format(printf, 1, 2)));
#15 23.92 -----------
#15 23.92 Command line: `/usr/sbin/clang /mesa/_build/meson-private/tmp_ia9tphw/testfile.c -o /mesa/_build/meson-private/tmp_ia9tphw/output.obj -c -fsanitize=memory -fsanitize-memory-track-origins -fno-omit-frame-pointer -g -D_FILE_OFFSET_BITS=64 -O0 -Werror=implicit-function-declaration -Werror=unknown-warning-option -Werror=unused-command-line-argument -Werror=ignored-optimization-argument -Werror=attributes` -> 0
#15 23.92 Compiler for C supports function attribute format: YES 
#15 23.92 Running compile:
#15 23.92 Working directory:  /mesa/_build/meson-private/tmp3_nqzkci
#15 23.92 Code:
#15 23.92 struct __attribute__((packed)) foo { int bar; };
#15 23.92 -----------
#15 23.92 Command line: `/usr/sbin/clang /mesa/_build/meson-private/tmp3_nqzkci/testfile.c -o /mesa/_build/meson-private/tmp3_nqzkci/output.obj -c -fsanitize=memory -fsanitize-memory-track-origins -fno-omit-frame-pointer -g -D_FILE_OFFSET_BITS=64 -O0 -Werror=implicit-function-declaration -Werror=unknown-warning-option -Werror=unused-command-line-argument -Werror=ignored-optimization-argument -Werror=attributes` -> 0
#15 23.92 Compiler for C supports function attribute packed: YES 
#15 23.92 Running compile:
#15 23.92 Working directory:  /mesa/_build/meson-private/tmp9i8cdy34
#15 23.92 Code:
#15 23.92 int *foo(void) __attribute__((returns_nonnull));
#15 23.92 -----------
#15 23.92 Command line: `/usr/sbin/clang /mesa/_build/meson-private/tmp9i8cdy34/testfile.c -o /mesa/_build/meson-private/tmp9i8cdy34/output.obj -c -fsanitize=memory -fsanitize-memory-track-origins -fno-omit-frame-pointer -g -D_FILE_OFFSET_BITS=64 -O0 -Werror=implicit-function-declaration -Werror=unknown-warning-option -Werror=unused-command-line-argument -Werror=ignored-optimization-argument -Werror=attributes` -> 0
#15 23.92 Compiler for C supports function attribute returns_nonnull: YES 
#15 23.92 Running compile:
#15 23.92 Working directory:  /mesa/_build/meson-private/tmpc9bjiwka
#15 23.92 Code:
#15 23.92 
#15 23.92         int foo(void) { return 0; }
#15 23.92         int bar(void) __attribute__((alias("foo")));
#15 23.92 -----------
#15 23.92 Command line: `/usr/sbin/clang /mesa/_build/meson-private/tmpc9bjiwka/testfile.c -o /mesa/_build/meson-private/tmpc9bjiwka/output.obj -c -fsanitize=memory -fsanitize-memory-track-origins -fno-omit-frame-pointer -g -D_FILE_OFFSET_BITS=64 -O0 -Werror=implicit-function-declaration -Werror=unknown-warning-option -Werror=unused-command-line-argument -Werror=ignored-optimization-argument -Werror=attributes` -> 0
#15 23.92 Compiler for C supports function attribute alias: YES 
#15 23.92 Running compile:
#15 23.92 Working directory:  /mesa/_build/meson-private/tmpaix8c28m
#15 23.92 Code:
#15 23.92 int foo(void) __attribute__((noreturn));
#15 23.92 -----------
#15 23.92 Command line: `/usr/sbin/clang /mesa/_build/meson-private/tmpaix8c28m/testfile.c -o /mesa/_build/meson-private/tmpaix8c28m/output.obj -c -fsanitize=memory -fsanitize-memory-track-origins -fno-omit-frame-pointer -g -D_FILE_OFFSET_BITS=64 -O0 -Werror=implicit-function-declaration -Werror=unknown-warning-option -Werror=unused-command-line-argument -Werror=ignored-optimization-argument -Werror=attributes` -> 0
#15 23.92 Compiler for C supports function attribute noreturn: YES 
#15 23.92 Running compile:
#15 23.92 Working directory:  /mesa/_build/meson-private/tmpyvciuenc
#15 23.92 Code:
#15 23.92 __attribute__((optimize(3))) int foo(void) { return 0; }
#15 23.92 -----------
#15 23.92 Command line: `/usr/sbin/clang /mesa/_build/meson-private/tmpyvciuenc/testfile.c -o /mesa/_build/meson-private/tmpyvciuenc/output.obj -c -fsanitize=memory -fsanitize-memory-track-origins -fno-omit-frame-pointer -g -D_FILE_OFFSET_BITS=64 -O0 -Werror=implicit-function-declaration -Werror=unknown-warning-option -Werror=unused-command-line-argument -Werror=ignored-optimization-argument -Werror=attributes` -> 1
#15 23.92 stderr:
#15 23.92 /mesa/_build/meson-private/tmpyvciuenc/testfile.c:1:16: error: unknown attribute 'optimize' ignored [-Werror,-Wunknown-attributes]
#15 23.92     1 | __attribute__((optimize(3))) int foo(void) { return 0; }
#15 23.92       |                ^~~~~~~~~~~
#15 23.92 1 error generated.
#15 23.92 -----------
#15 23.92 Compiler for C supports function attribute optimize: NO 
#15 23.92 Running compile:
#15 23.92 Working directory:  /mesa/_build/meson-private/tmpc4tizkx_
#15 23.92 Code:
#15 23.92 int foo(void) __attribute__((visibility("hidden"))); int foo(void) { return 0; }
#15 23.92 -----------
#15 23.92 Command line: `/usr/sbin/clang /mesa/_build/meson-private/tmpc4tizkx_/testfile.c -o /mesa/_build/meson-private/tmpc4tizkx_/output.obj -c -fsanitize=memory -fsanitize-memory-track-origins -fno-omit-frame-pointer -g -D_FILE_OFFSET_BITS=64 -O0 -Werror=implicit-function-declaration -Werror=unknown-warning-option -Werror=unused-command-line-argument -Werror=ignored-optimization-argument -Werror=attributes` -> 0
#15 23.92 Compiler for C supports function attribute visibility:hidden: YES 
#15 23.92 Running compile:
#15 23.92 Working directory:  /mesa/_build/meson-private/tmp5b25ydph
#15 23.92 Code:
#15 23.92 __uint128_t foo(void) { return 0; }
#15 23.92 -----------
#15 23.92 Command line: `/usr/sbin/clang /mesa/_build/meson-private/tmp5b25ydph/testfile.c -o /mesa/_build/meson-private/tmp5b25ydph/output.obj -c -fsanitize=memory -fsanitize-memory-track-origins -fno-omit-frame-pointer -g -D_FILE_OFFSET_BITS=64 -O0 -Werror=implicit-function-declaration -Werror=unknown-warning-option -Werror=unused-command-line-argument -Werror=ignored-optimization-argument -std=c11` -> 0
#15 23.92 Checking if "__uint128_t" compiles: YES 
#15 23.92 Running compile:
#15 23.92 Working directory:  /mesa/_build/meson-private/tmpeh142g1_
#15 23.92 Code:
#15 23.92 
#15 23.92         #define reallocarray meson_disable_define_of_reallocarray
#15 23.92         
#15 23.92         #include <limits.h>
#15 23.92         #undef reallocarray
#15 23.92         
#15 23.92         #ifdef __cplusplus
#15 23.92         extern "C"
#15 23.92         #endif
#15 23.92         char reallocarray (void);
#15 23.92         
#15 23.92         #if defined __stub_reallocarray || defined __stub___reallocarray
#15 23.92         fail fail fail this function is not going to work
#15 23.92         #endif
#15 23.92         
#15 23.92         int main(void) {
#15 23.92           return reallocarray ();
#15 23.92         }
#15 23.92 -----------
#15 23.92 Command line: `/usr/sbin/clang -L/msan/lib -L/libcxx_msan/lib /mesa/_build/meson-private/tmpeh142g1_/testfile.c -o /mesa/_build/meson-private/tmpeh142g1_/output.exe -fsanitize=memory -fsanitize-memory-track-origins -fno-omit-frame-pointer -g -D_FILE_OFFSET_BITS=64 -O0 -Werror=implicit-function-declaration -std=c11 -Wl,-rpath,/msan/lib -Wl,-rpath,/libcxx_msan/lib -Wl,--start-group -lc++ -lc++abi -Wl,--end-group` -> 0
#15 23.92 Checking for function "reallocarray" : YES 
#15 23.92 Running compile:
#15 23.92 Working directory:  /mesa/_build/meson-private/tmp0zrr69j6
#15 23.92 Code:
#15 23.92 
#15 23.92         #define fmemopen meson_disable_define_of_fmemopen
#15 23.92         
#15 23.92         #include <limits.h>
#15 23.92         #undef fmemopen
#15 23.92         
#15 23.92         #ifdef __cplusplus
#15 23.92         extern "C"
#15 23.92         #endif
#15 23.92         char fmemopen (void);
#15 23.92         
#15 23.92         #if defined __stub_fmemopen || defined __stub___fmemopen
#15 23.92         fail fail fail this function is not going to work
#15 23.92         #endif
#15 23.92         
#15 23.92         int main(void) {
#15 23.92           return fmemopen ();
#15 23.92         }
#15 23.92 -----------
#15 23.92 Command line: `/usr/sbin/clang -L/msan/lib -L/libcxx_msan/lib /mesa/_build/meson-private/tmp0zrr69j6/testfile.c -o /mesa/_build/meson-private/tmp0zrr69j6/output.exe -fsanitize=memory -fsanitize-memory-track-origins -fno-omit-frame-pointer -g -D_FILE_OFFSET_BITS=64 -O0 -Werror=implicit-function-declaration -std=c11 -Wl,-rpath,/msan/lib -Wl,-rpath,/libcxx_msan/lib -Wl,--start-group -lc++ -lc++abi -Wl,--end-group` -> 0
#15 23.92 Checking for function "fmemopen" : YES 
#15 23.92 Running compile:
#15 23.92 Working directory:  /mesa/_build/meson-private/tmpdxc8t3er
#15 23.92 Code:
#15 23.92 static char unused() { return 5; } int main() { return 0; }
#15 23.92 -----------
#15 23.92 Command line: `/usr/sbin/clang -L/msan/lib -L/libcxx_msan/lib /mesa/_build/meson-private/tmpdxc8t3er/testfile.c -o /mesa/_build/meson-private/tmpdxc8t3er/output.exe -fsanitize=memory -fsanitize-memory-track-origins -fno-omit-frame-pointer -g -D_FILE_OFFSET_BITS=64 -O0 -Werror=implicit-function-declaration -std=c11 -Wl,--gc-sections -Wl,-rpath,/msan/lib -Wl,-rpath,/libcxx_msan/lib -Wl,--start-group -lc++ -lc++abi -Wl,--end-group` -> 0
#15 23.92 Checking if "gc-sections" links: YES 
#15 23.92 Running compile:
#15 23.92 Working directory:  /mesa/_build/meson-private/tmpday6k08l
#15 23.92 Code:
#15 23.92 extern int i;
#15 23.92 int i;
#15 23.92 
#15 23.92 -----------
#15 23.92 Command line: `/usr/sbin/clang /mesa/_build/meson-private/tmpday6k08l/testfile.c -o /mesa/_build/meson-private/tmpday6k08l/output.obj -c -fsanitize=memory -fsanitize-memory-track-origins -fno-omit-frame-pointer -g -D_FILE_OFFSET_BITS=64 -O0 -Werror=implicit-function-declaration -Werror=unknown-warning-option -Werror=unused-command-line-argument -Werror=ignored-optimization-argument -Werror=implicit-function-declaration` -> 0
#15 23.92 Compiler for C supports arguments -Werror=implicit-function-declaration: YES 
#15 23.92 Running compile:
#15 23.92 Working directory:  /mesa/_build/meson-private/tmp3stsb8ch
#15 23.92 Code:
#15 23.92 extern int i;
#15 23.92 int i;
#15 23.92 
#15 23.92 -----------
#15 23.92 Command line: `/usr/sbin/clang /mesa/_build/meson-private/tmp3stsb8ch/testfile.c -o /mesa/_build/meson-private/tmp3stsb8ch/output.obj -c -fsanitize=memory -fsanitize-memory-track-origins -fno-omit-frame-pointer -g -D_FILE_OFFSET_BITS=64 -O0 -Werror=implicit-function-declaration -Werror=unknown-warning-option -Werror=unused-command-line-argument -Werror=ignored-optimization-argument -Werror=missing-prototypes` -> 0
#15 23.92 Compiler for C supports arguments -Werror=missing-prototypes: YES 
#15 23.92 Running compile:
#15 23.92 Working directory:  /mesa/_build/meson-private/tmpeqa5rdg3
#15 23.92 Code:
#15 23.92 extern int i;
#15 23.92 int i;
#15 23.92 
#15 23.92 -----------
#15 23.92 Command line: `/usr/sbin/clang /mesa/_build/meson-private/tmpeqa5rdg3/testfile.c -o /mesa/_build/meson-private/tmpeqa5rdg3/output.obj -c -fsanitize=memory -fsanitize-memory-track-origins -fno-omit-frame-pointer -g -D_FILE_OFFSET_BITS=64 -O0 -Werror=implicit-function-declaration -Werror=unknown-warning-option -Werror=unused-command-line-argument -Werror=ignored-optimization-argument -Werror=return-type` -> 0
#15 23.92 Compiler for C supports arguments -Werror=return-type: YES 
#15 23.92 Running compile:
#15 23.92 Working directory:  /mesa/_build/meson-private/tmpkbclb1wt
#15 23.92 Code:
#15 23.92 extern int i;
#15 23.92 int i;
#15 23.92 
#15 23.92 -----------
#15 23.92 Command line: `/usr/sbin/clang /mesa/_build/meson-private/tmpkbclb1wt/testfile.c -o /mesa/_build/meson-private/tmpkbclb1wt/output.obj -c -fsanitize=memory -fsanitize-memory-track-origins -fno-omit-frame-pointer -g -D_FILE_OFFSET_BITS=64 -O0 -Werror=implicit-function-declaration -Werror=unknown-warning-option -Werror=unused-command-line-argument -Werror=ignored-optimization-argument -Werror=empty-body` -> 0
#15 23.92 Compiler for C supports arguments -Werror=empty-body: YES 
#15 23.92 Running compile:
#15 23.92 Working directory:  /mesa/_build/meson-private/tmp23_i191e
#15 23.92 Code:
#15 23.92 extern int i;
#15 23.92 int i;
#15 23.92 
#15 23.92 -----------
#15 23.92 Command line: `/usr/sbin/clang /mesa/_build/meson-private/tmp23_i191e/testfile.c -o /mesa/_build/meson-private/tmp23_i191e/output.obj -c -fsanitize=memory -fsanitize-memory-track-origins -fno-omit-frame-pointer -g -D_FILE_OFFSET_BITS=64 -O0 -Werror=implicit-function-declaration -Werror=unknown-warning-option -Werror=unused-command-line-argument -Werror=ignored-optimization-argument -Werror=incompatible-pointer-types` -> 0
#15 23.92 Compiler for C supports arguments -Werror=incompatible-pointer-types: YES 
#15 23.92 Running compile:
#15 23.92 Working directory:  /mesa/_build/meson-private/tmpzh05n0lr
#15 23.92 Code:
#15 23.92 extern int i;
#15 23.92 int i;
#15 23.92 
#15 23.92 -----------
#15 23.92 Command line: `/usr/sbin/clang /mesa/_build/meson-private/tmpzh05n0lr/testfile.c -o /mesa/_build/meson-private/tmpzh05n0lr/output.obj -c -fsanitize=memory -fsanitize-memory-track-origins -fno-omit-frame-pointer -g -D_FILE_OFFSET_BITS=64 -O0 -Werror=implicit-function-declaration -Werror=unknown-warning-option -Werror=unused-command-line-argument -Werror=ignored-optimization-argument -Werror=int-conversion` -> 0
#15 23.92 Compiler for C supports arguments -Werror=int-conversion: YES 
#15 23.92 Running compile:
#15 23.92 Working directory:  /mesa/_build/meson-private/tmpeo3vz4le
#15 23.92 Code:
#15 23.92 extern int i;
#15 23.92 int i;
#15 23.92 
#15 23.92 -----------
#15 23.92 Command line: `/usr/sbin/clang /mesa/_build/meson-private/tmpeo3vz4le/testfile.c -o /mesa/_build/meson-private/tmpeo3vz4le/output.obj -c -fsanitize=memory -fsanitize-memory-track-origins -fno-omit-frame-pointer -g -D_FILE_OFFSET_BITS=64 -O0 -Werror=implicit-function-declaration -Werror=unknown-warning-option -Werror=unused-command-line-argument -Werror=ignored-optimization-argument -Wimplicit-fallthrough` -> 0
#15 23.92 Compiler for C supports arguments -Wimplicit-fallthrough: YES 
#15 23.92 Running compile:
#15 23.92 Working directory:  /mesa/_build/meson-private/tmpa17xhg8v
#15 23.92 Code:
#15 23.92 extern int i;
#15 23.92 int i;
#15 23.92 
#15 23.92 -----------
#15 23.92 Command line: `/usr/sbin/clang /mesa/_build/meson-private/tmpa17xhg8v/testfile.c -o /mesa/_build/meson-private/tmpa17xhg8v/output.obj -c -fsanitize=memory -fsanitize-memory-track-origins -fno-omit-frame-pointer -g -D_FILE_OFFSET_BITS=64 -O0 -Werror=implicit-function-declaration -Werror=unknown-warning-option -Werror=unused-command-line-argument -Werror=ignored-optimization-argument -Wmisleading-indentation` -> 0
#15 23.92 Compiler for C supports arguments -Wmisleading-indentation: YES 
#15 23.92 Running compile:
#15 23.92 Working directory:  /mesa/_build/meson-private/tmpt3h_bab2
#15 23.92 Code:
#15 23.92 extern int i;
#15 23.92 int i;
#15 23.92 
#15 23.92 -----------
#15 23.92 Command line: `/usr/sbin/clang /mesa/_build/meson-private/tmpt3h_bab2/testfile.c -o /mesa/_build/meson-private/tmpt3h_bab2/output.obj -c -fsanitize=memory -fsanitize-memory-track-origins -fno-omit-frame-pointer -g -D_FILE_OFFSET_BITS=64 -O0 -Werror=implicit-function-declaration -Werror=unknown-warning-option -Werror=unused-command-line-argument -Werror=ignored-optimization-argument -Wmissing-field-initializers -Wno-missing-field-initializers` -> 0
#15 23.92 Compiler for C supports arguments -Wno-missing-field-initializers: YES 
#15 23.92 Running compile:
#15 23.92 Working directory:  /mesa/_build/meson-private/tmp35ubx3p1
#15 23.92 Code:
#15 23.92 extern int i;
#15 23.92 int i;
#15 23.92 
#15 23.92 -----------
#15 23.92 Command line: `/usr/sbin/clang /mesa/_build/meson-private/tmp35ubx3p1/testfile.c -o /mesa/_build/meson-private/tmp35ubx3p1/output.obj -c -fsanitize=memory -fsanitize-memory-track-origins -fno-omit-frame-pointer -g -D_FILE_OFFSET_BITS=64 -O0 -Werror=implicit-function-declaration -Werror=unknown-warning-option -Werror=unused-command-line-argument -Werror=ignored-optimization-argument -Wformat-truncation -Wno-format-truncation` -> 0
#15 23.92 Compiler for C supports arguments -Wno-format-truncation: YES 
#15 23.92 Running compile:
#15 23.92 Working directory:  /mesa/_build/meson-private/tmpr2gz0dak
#15 23.92 Code:
#15 23.92 extern int i;
#15 23.92 int i;
#15 23.92 
#15 23.92 -----------
#15 23.92 Command line: `/usr/sbin/clang /mesa/_build/meson-private/tmpr2gz0dak/testfile.c -o /mesa/_build/meson-private/tmpr2gz0dak/output.obj -c -fsanitize=memory -fsanitize-memory-track-origins -fno-omit-frame-pointer -g -D_FILE_OFFSET_BITS=64 -O0 -Werror=implicit-function-declaration -Werror=unknown-warning-option -Werror=unused-command-line-argument -Werror=ignored-optimization-argument -Wnonnull-compare -Wno-nonnull-compare` -> 1
#15 23.92 stderr:
#15 23.92 error: unknown warning option '-Wnonnull-compare' [-Werror,-Wunknown-warning-option]
#15 23.92 error: unknown warning option '-Wno-nonnull-compare' [-Werror,-Wunknown-warning-option]
#15 23.92 -----------
#15 23.92 Compiler for C supports arguments -Wno-nonnull-compare: NO 
#15 23.92 Running compile:
#15 23.92 Working directory:  /mesa/_build/meson-private/tmptl9darue
#15 23.92 Code:
#15 23.92 extern int i;
#15 23.92 int i;
#15 23.92 
#15 23.92 -----------
#15 23.92 Command line: `/usr/sbin/clang /mesa/_build/meson-private/tmptl9darue/testfile.c -o /mesa/_build/meson-private/tmptl9darue/output.obj -c -fsanitize=memory -fsanitize-memory-track-origins -fno-omit-frame-pointer -g -D_FILE_OFFSET_BITS=64 -O0 -Werror=implicit-function-declaration -Werror=unknown-warning-option -Werror=unused-command-line-argument -Werror=ignored-optimization-argument -fno-math-errno` -> 0
#15 23.92 Compiler for C supports arguments -fno-math-errno: YES 
#15 23.92 Running compile:
#15 23.92 Working directory:  /mesa/_build/meson-private/tmp7ouec1zk
#15 23.92 Code:
#15 23.92 extern int i;
#15 23.92 int i;
#15 23.92 
#15 23.92 -----------
#15 23.92 Command line: `/usr/sbin/clang /mesa/_build/meson-private/tmp7ouec1zk/testfile.c -o /mesa/_build/meson-private/tmp7ouec1zk/output.obj -c -fsanitize=memory -fsanitize-memory-track-origins -fno-omit-frame-pointer -g -D_FILE_OFFSET_BITS=64 -O0 -Werror=implicit-function-declaration -Werror=unknown-warning-option -Werror=unused-command-line-argument -Werror=ignored-optimization-argument -fno-trapping-math` -> 0
#15 23.92 Compiler for C supports arguments -fno-trapping-math: YES 
#15 23.92 Running compile:
#15 23.92 Working directory:  /mesa/_build/meson-private/tmp91004lsn
#15 23.92 Code:
#15 23.92 extern int i;
#15 23.92 int i;
#15 23.92 
#15 23.92 -----------
#15 23.92 Command line: `/usr/sbin/clang /mesa/_build/meson-private/tmp91004lsn/testfile.c -o /mesa/_build/meson-private/tmp91004lsn/output.obj -c -fsanitize=memory -fsanitize-memory-track-origins -fno-omit-frame-pointer -g -D_FILE_OFFSET_BITS=64 -O0 -Werror=implicit-function-declaration -Werror=unknown-warning-option -Werror=unused-command-line-argument -Werror=ignored-optimization-argument -Qunused-arguments` -> 0
#15 23.92 Compiler for C supports arguments -Qunused-arguments: YES 
#15 23.92 Running compile:
#15 23.92 Working directory:  /mesa/_build/meson-private/tmpqzko3efj
#15 23.92 Code:
#15 23.92 extern int i;
#15 23.92 int i;
#15 23.92 
#15 23.92 -----------
#15 23.92 Command line: `/usr/sbin/clang /mesa/_build/meson-private/tmpqzko3efj/testfile.c -o /mesa/_build/meson-private/tmpqzko3efj/output.obj -c -fsanitize=memory -fsanitize-memory-track-origins -fno-omit-frame-pointer -g -D_FILE_OFFSET_BITS=64 -O0 -Werror=implicit-function-declaration -Werror=unknown-warning-option -Werror=unused-command-line-argument -Werror=ignored-optimization-argument -fno-common` -> 0
#15 23.92 Compiler for C supports arguments -fno-common: YES 
#15 23.92 Running compile:
#15 23.92 Working directory:  /mesa/_build/meson-private/tmpio4906mo
#15 23.92 Code:
#15 23.92 extern int i;
#15 23.92 int i;
#15 23.92 
#15 23.92 -----------
#15 23.92 Command line: `/usr/sbin/clang /mesa/_build/meson-private/tmpio4906mo/testfile.c -o /mesa/_build/meson-private/tmpio4906mo/output.obj -c -fsanitize=memory -fsanitize-memory-track-origins -fno-omit-frame-pointer -g -D_FILE_OFFSET_BITS=64 -O0 -Werror=implicit-function-declaration -Werror=unknown-warning-option -Werror=unused-command-line-argument -Werror=ignored-optimization-argument -Wunknown-pragmas -Wno-unknown-pragmas` -> 0
#15 23.92 Compiler for C supports arguments -Wno-unknown-pragmas: YES 
#15 23.92 Running compile:
#15 23.92 Working directory:  /mesa/_build/meson-private/tmph2dwt6xe
#15 23.92 Code:
#15 23.92 extern int i;
#15 23.92 int i;
#15 23.92 
#15 23.92 -----------
#15 23.92 Command line: `/usr/sbin/clang /mesa/_build/meson-private/tmph2dwt6xe/testfile.c -o /mesa/_build/meson-private/tmph2dwt6xe/output.obj -c -fsanitize=memory -fsanitize-memory-track-origins -fno-omit-frame-pointer -g -D_FILE_OFFSET_BITS=64 -O0 -Werror=implicit-function-declaration -Werror=unknown-warning-option -Werror=unused-command-line-argument -Werror=ignored-optimization-argument -Wmicrosoft-enum-value -Wno-microsoft-enum-value` -> 0
#15 23.92 Compiler for C supports arguments -Wno-microsoft-enum-value: YES 
#15 23.92 Running compile:
#15 23.92 Working directory:  /mesa/_build/meson-private/tmp6pfru2bk
#15 23.92 Code:
#15 23.92 extern int i;
#15 23.92 int i;
#15 23.92 
#15 23.92 -----------
#15 23.92 Command line: `/usr/sbin/clang /mesa/_build/meson-private/tmp6pfru2bk/testfile.c -o /mesa/_build/meson-private/tmp6pfru2bk/output.obj -c -fsanitize=memory -fsanitize-memory-track-origins -fno-omit-frame-pointer -g -D_FILE_OFFSET_BITS=64 -O0 -Werror=implicit-function-declaration -Werror=unknown-warning-option -Werror=unused-command-line-argument -Werror=ignored-optimization-argument -Wunused-function -Wno-unused-function` -> 0
#15 23.92 Compiler for C supports arguments -Wno-unused-function: YES 
#15 23.92 Running compile:
#15 23.92 Working directory:  /mesa/_build/meson-private/tmpg3qm2sw2
#15 23.92 Code:
#15 23.92 extern int i;
#15 23.92 int i;
#15 23.92 
#15 23.92 -----------
#15 23.92 Command line: `/usr/sbin/clang /mesa/_build/meson-private/tmpg3qm2sw2/testfile.c -o /mesa/_build/meson-private/tmpg3qm2sw2/output.obj -c -fsanitize=memory -fsanitize-memory-track-origins -fno-omit-frame-pointer -g -D_FILE_OFFSET_BITS=64 -O0 -Werror=implicit-function-declaration -Werror=unknown-warning-option -Werror=unused-command-line-argument -Werror=ignored-optimization-argument -Werror=format` -> 0
#15 23.92 Compiler for C supports arguments -Werror=format: YES 
#15 23.92 Running compile:
#15 23.92 Working directory:  /mesa/_build/meson-private/tmpq7okzbt2
#15 23.92 Code:
#15 23.92 extern int i;
#15 23.92 int i;
#15 23.92 
#15 23.92 -----------
#15 23.92 Command line: `/usr/sbin/clang /mesa/_build/meson-private/tmpq7okzbt2/testfile.c -o /mesa/_build/meson-private/tmpq7okzbt2/output.obj -c -fsanitize=memory -fsanitize-memory-track-origins -fno-omit-frame-pointer -g -D_FILE_OFFSET_BITS=64 -O0 -Werror=implicit-function-declaration -Werror=unknown-warning-option -Werror=unused-command-line-argument -Werror=ignored-optimization-argument -Wformat-security` -> 0
#15 23.92 Compiler for C supports arguments -Wformat-security: YES 
#15 23.92 Running compile:
#15 23.92 Working directory:  /mesa/_build/meson-private/tmphbllhdv7
#15 23.92 Code:
#15 23.92 extern int i;
#15 23.92 int i;
#15 23.92 
#15 23.92 -----------
#15 23.92 Command line: `/usr/sbin/clang /mesa/_build/meson-private/tmphbllhdv7/testfile.c -o /mesa/_build/meson-private/tmphbllhdv7/output.obj -c -fsanitize=memory -fsanitize-memory-track-origins -fno-omit-frame-pointer -g -D_FILE_OFFSET_BITS=64 -O0 -Werror=implicit-function-declaration -Werror=unknown-warning-option -Werror=unused-command-line-argument -Werror=ignored-optimization-argument -Werror=thread-safety` -> 0
#15 23.92 Compiler for C supports arguments -Werror=thread-safety: YES 
#15 23.92 Running compile:
#15 23.92 Working directory:  /mesa/_build/meson-private/tmpj4x7emjj
#15 23.92 Code:
#15 23.92 extern int i;
#15 23.92 int i;
#15 23.92 
#15 23.92 -----------
#15 23.92 Command line: `/usr/sbin/clang /mesa/_build/meson-private/tmpj4x7emjj/testfile.c -o /mesa/_build/meson-private/tmpj4x7emjj/output.obj -c -fsanitize=memory -fsanitize-memory-track-origins -fno-omit-frame-pointer -g -D_FILE_OFFSET_BITS=64 -O0 -Werror=implicit-function-declaration -Werror=unknown-warning-option -Werror=unused-command-line-argument -Werror=ignored-optimization-argument -ffunction-sections` -> 0
#15 23.92 Compiler for C supports arguments -ffunction-sections: YES 
#15 23.92 Running compile:
#15 23.92 Working directory:  /mesa/_build/meson-private/tmpz5p13d48
#15 23.92 Code:
#15 23.92 extern int i;
#15 23.92 int i;
#15 23.92 
#15 23.92 -----------
#15 23.92 Command line: `/usr/sbin/clang /mesa/_build/meson-private/tmpz5p13d48/testfile.c -o /mesa/_build/meson-private/tmpz5p13d48/output.obj -c -fsanitize=memory -fsanitize-memory-track-origins -fno-omit-frame-pointer -g -D_FILE_OFFSET_BITS=64 -O0 -Werror=implicit-function-declaration -Werror=unknown-warning-option -Werror=unused-command-line-argument -Werror=ignored-optimization-argument -fdata-sections` -> 0
#15 23.92 Compiler for C supports arguments -fdata-sections: YES 
#15 23.92 Running compile:
#15 23.92 Working directory:  /mesa/_build/meson-private/tmp3sraf4ko
#15 23.92 Code:
#15 23.92 extern int i;
#15 23.92 int i;
#15 23.92 
#15 23.92 -----------
#15 23.92 Command line: `/usr/sbin/clang /mesa/_build/meson-private/tmp3sraf4ko/testfile.c -o /mesa/_build/meson-private/tmp3sraf4ko/output.obj -c -fsanitize=memory -fsanitize-memory-track-origins -fno-omit-frame-pointer -g -D_FILE_OFFSET_BITS=64 -O0 -Werror=implicit-function-declaration -Werror=unknown-warning-option -Werror=unused-command-line-argument -Werror=ignored-optimization-argument -Wunused-variable -Wno-unused-variable` -> 0
#15 23.92 Compiler for C supports arguments -Wno-unused-variable: YES 
#15 23.92 Running compile:
#15 23.92 Working directory:  /mesa/_build/meson-private/tmppw0curtz
#15 23.92 Code:
#15 23.92 extern int i;
#15 23.92 int i;
#15 23.92 
#15 23.92 -----------
#15 23.92 Command line: `/usr/sbin/clang /mesa/_build/meson-private/tmppw0curtz/testfile.c -o /mesa/_build/meson-private/tmppw0curtz/output.obj -c -fsanitize=memory -fsanitize-memory-track-origins -fno-omit-frame-pointer -g -D_FILE_OFFSET_BITS=64 -O0 -Werror=implicit-function-declaration -Werror=unknown-warning-option -Werror=unused-command-line-argument -Werror=ignored-optimization-argument -Wunused-but-set-variable -Wno-unused-but-set-variable` -> 0
#15 23.92 Compiler for C supports arguments -Wno-unused-but-set-variable: YES 
#15 23.92 Running compile:
#15 23.92 Working directory:  /mesa/_build/meson-private/tmp0xamgwg2
#15 23.92 Code:
#15 23.92 extern int i;
#15 23.92 int i;
#15 23.92 
#15 23.92 -----------
#15 23.92 Command line: `/usr/sbin/clang /mesa/_build/meson-private/tmp0xamgwg2/testfile.c -o /mesa/_build/meson-private/tmp0xamgwg2/output.obj -c -fsanitize=memory -fsanitize-memory-track-origins -fno-omit-frame-pointer -g -D_FILE_OFFSET_BITS=64 -O0 -Werror=implicit-function-declaration -Werror=unknown-warning-option -Werror=unused-command-line-argument -Werror=ignored-optimization-argument /wd4189` -> 1
#15 23.92 stderr:
#15 23.92 clang: error: no such file or directory: '/wd4189'
#15 23.92 -----------
#15 23.92 Compiler for C supports arguments /wd4189: NO 
#15 23.92 Running compile:
#15 23.92 Working directory:  /mesa/_build/meson-private/tmpqyl4b4rw
#15 23.92 Code:
#15 23.92 extern int i;
#15 23.92 int i;
#15 23.92 
#15 23.92 -----------
#15 23.92 Command line: `/usr/sbin/clang++ /mesa/_build/meson-private/tmpqyl4b4rw/testfile.cpp -o /mesa/_build/meson-private/tmpqyl4b4rw/output.obj -c -fsanitize=memory -fsanitize-memory-track-origins -fno-omit-frame-pointer -g -std=c++23 -nostdinc++ -isystem /libcxx_msan/include/c++/v1/ -D_FILE_OFFSET_BITS=64 -O0 -fpermissive -Werror=implicit-function-declaration -Werror=unknown-warning-option -Werror=unused-command-line-argument -Werror=ignored-optimization-argument -Werror=return-type` -> 0
#15 23.92 Compiler for C++ supports arguments -Werror=return-type: YES 
#15 23.92 Running compile:
#15 23.92 Working directory:  /mesa/_build/meson-private/tmp8fe2g2t1
#15 23.92 Code:
#15 23.92 extern int i;
#15 23.92 int i;
#15 23.92 
#15 23.92 -----------
#15 23.92 Command line: `/usr/sbin/clang++ /mesa/_build/meson-private/tmp8fe2g2t1/testfile.cpp -o /mesa/_build/meson-private/tmp8fe2g2t1/output.obj -c -fsanitize=memory -fsanitize-memory-track-origins -fno-omit-frame-pointer -g -std=c++23 -nostdinc++ -isystem /libcxx_msan/include/c++/v1/ -D_FILE_OFFSET_BITS=64 -O0 -fpermissive -Werror=implicit-function-declaration -Werror=unknown-warning-option -Werror=unused-command-line-argument -Werror=ignored-optimization-argument -Werror=empty-body` -> 0
#15 23.92 Compiler for C++ supports arguments -Werror=empty-body: YES 
#15 23.92 Running compile:
#15 23.92 Working directory:  /mesa/_build/meson-private/tmpgx5qgp2x
#15 23.92 Code:
#15 23.92 extern int i;
#15 23.92 int i;
#15 23.92 
#15 23.92 -----------
#15 23.92 Command line: `/usr/sbin/clang++ /mesa/_build/meson-private/tmpgx5qgp2x/testfile.cpp -o /mesa/_build/meson-private/tmpgx5qgp2x/output.obj -c -fsanitize=memory -fsanitize-memory-track-origins -fno-omit-frame-pointer -g -std=c++23 -nostdinc++ -isystem /libcxx_msan/include/c++/v1/ -D_FILE_OFFSET_BITS=64 -O0 -fpermissive -Werror=implicit-function-declaration -Werror=unknown-warning-option -Werror=unused-command-line-argument -Werror=ignored-optimization-argument -Wmisleading-indentation` -> 0
#15 23.92 Compiler for C++ supports arguments -Wmisleading-indentation: YES 
#15 23.92 Running compile:
#15 23.92 Working directory:  /mesa/_build/meson-private/tmpk4ytrevj
#15 23.92 Code:
#15 23.92 extern int i;
#15 23.92 int i;
#15 23.92 
#15 23.92 -----------
#15 23.92 Command line: `/usr/sbin/clang++ /mesa/_build/meson-private/tmpk4ytrevj/testfile.cpp -o /mesa/_build/meson-private/tmpk4ytrevj/output.obj -c -fsanitize=memory -fsanitize-memory-track-origins -fno-omit-frame-pointer -g -std=c++23 -nostdinc++ -isystem /libcxx_msan/include/c++/v1/ -D_FILE_OFFSET_BITS=64 -O0 -fpermissive -Werror=implicit-function-declaration -Werror=unknown-warning-option -Werror=unused-command-line-argument -Werror=ignored-optimization-argument -Wnon-virtual-dtor -Wno-non-virtual-dtor` -> 0
#15 23.92 Compiler for C++ supports arguments -Wno-non-virtual-dtor: YES 
#15 23.92 Running compile:
#15 23.92 Working directory:  /mesa/_build/meson-private/tmpsj9_fdul
#15 23.92 Code:
#15 23.92 extern int i;
#15 23.92 int i;
#15 23.92 
#15 23.92 -----------
#15 23.92 Command line: `/usr/sbin/clang++ /mesa/_build/meson-private/tmpsj9_fdul/testfile.cpp -o /mesa/_build/meson-private/tmpsj9_fdul/output.obj -c -fsanitize=memory -fsanitize-memory-track-origins -fno-omit-frame-pointer -g -std=c++23 -nostdinc++ -isystem /libcxx_msan/include/c++/v1/ -D_FILE_OFFSET_BITS=64 -O0 -fpermissive -Werror=implicit-function-declaration -Werror=unknown-warning-option -Werror=unused-command-line-argument -Werror=ignored-optimization-argument -Wmissing-field-initializers -Wno-missing-field-initializers` -> 0
#15 23.92 Compiler for C++ supports arguments -Wno-missing-field-initializers: YES 
#15 23.92 Running compile:
#15 23.92 Working directory:  /mesa/_build/meson-private/tmpil_5t28j
#15 23.92 Code:
#15 23.92 extern int i;
#15 23.92 int i;
#15 23.92 
#15 23.92 -----------
#15 23.92 Command line: `/usr/sbin/clang++ /mesa/_build/meson-private/tmpil_5t28j/testfile.cpp -o /mesa/_build/meson-private/tmpil_5t28j/output.obj -c -fsanitize=memory -fsanitize-memory-track-origins -fno-omit-frame-pointer -g -std=c++23 -nostdinc++ -isystem /libcxx_msan/include/c++/v1/ -D_FILE_OFFSET_BITS=64 -O0 -fpermissive -Werror=implicit-function-declaration -Werror=unknown-warning-option -Werror=unused-command-line-argument -Werror=ignored-optimization-argument -Wformat-truncation -Wno-format-truncation` -> 0
#15 23.92 Compiler for C++ supports arguments -Wno-format-truncation: YES 
#15 23.92 Running compile:
#15 23.92 Working directory:  /mesa/_build/meson-private/tmpg7afpd4u
#15 23.92 Code:
#15 23.92 extern int i;
#15 23.92 int i;
#15 23.92 
#15 23.92 -----------
#15 23.92 Command line: `/usr/sbin/clang++ /mesa/_build/meson-private/tmpg7afpd4u/testfile.cpp -o /mesa/_build/meson-private/tmpg7afpd4u/output.obj -c -fsanitize=memory -fsanitize-memory-track-origins -fno-omit-frame-pointer -g -std=c++23 -nostdinc++ -isystem /libcxx_msan/include/c++/v1/ -D_FILE_OFFSET_BITS=64 -O0 -fpermissive -Werror=implicit-function-declaration -Werror=unknown-warning-option -Werror=unused-command-line-argument -Werror=ignored-optimization-argument -fno-math-errno` -> 0
#15 23.92 Compiler for C++ supports arguments -fno-math-errno: YES 
#15 23.92 Running compile:
#15 23.92 Working directory:  /mesa/_build/meson-private/tmppvlwjy97
#15 23.92 Code:
#15 23.92 extern int i;
#15 23.92 int i;
#15 23.92 
#15 23.92 -----------
#15 23.92 Command line: `/usr/sbin/clang++ /mesa/_build/meson-private/tmppvlwjy97/testfile.cpp -o /mesa/_build/meson-private/tmppvlwjy97/output.obj -c -fsanitize=memory -fsanitize-memory-track-origins -fno-omit-frame-pointer -g -std=c++23 -nostdinc++ -isystem /libcxx_msan/include/c++/v1/ -D_FILE_OFFSET_BITS=64 -O0 -fpermissive -Werror=implicit-function-declaration -Werror=unknown-warning-option -Werror=unused-command-line-argument -Werror=ignored-optimization-argument -fno-trapping-math` -> 0
#15 23.92 Compiler for C++ supports arguments -fno-trapping-math: YES 
#15 23.92 Running compile:
#15 23.92 Working directory:  /mesa/_build/meson-private/tmpfgv3nmwg
#15 23.92 Code:
#15 23.92 extern int i;
#15 23.92 int i;
#15 23.92 
#15 23.92 -----------
#15 23.92 Command line: `/usr/sbin/clang++ /mesa/_build/meson-private/tmpfgv3nmwg/testfile.cpp -o /mesa/_build/meson-private/tmpfgv3nmwg/output.obj -c -fsanitize=memory -fsanitize-memory-track-origins -fno-omit-frame-pointer -g -std=c++23 -nostdinc++ -isystem /libcxx_msan/include/c++/v1/ -D_FILE_OFFSET_BITS=64 -O0 -fpermissive -Werror=implicit-function-declaration -Werror=unknown-warning-option -Werror=unused-command-line-argument -Werror=ignored-optimization-argument -Qunused-arguments` -> 0
#15 23.92 Compiler for C++ supports arguments -Qunused-arguments: YES 
#15 23.92 Running compile:
#15 23.92 Working directory:  /mesa/_build/meson-private/tmposusk05j
#15 23.92 Code:
#15 23.92 extern int i;
#15 23.92 int i;
#15 23.92 
#15 23.92 -----------
#15 23.92 Command line: `/usr/sbin/clang++ /mesa/_build/meson-private/tmposusk05j/testfile.cpp -o /mesa/_build/meson-private/tmposusk05j/output.obj -c -fsanitize=memory -fsanitize-memory-track-origins -fno-omit-frame-pointer -g -std=c++23 -nostdinc++ -isystem /libcxx_msan/include/c++/v1/ -D_FILE_OFFSET_BITS=64 -O0 -fpermissive -Werror=implicit-function-declaration -Werror=unknown-warning-option -Werror=unused-command-line-argument -Werror=ignored-optimization-argument -flifetime-dse=1` -> 1
#15 23.92 stderr:
#15 23.92 clang++: error: unknown argument: '-flifetime-dse=1'
#15 23.92 -----------
#15 23.92 Compiler for C++ supports arguments -flifetime-dse=1: NO 
#15 23.92 Running compile:
#15 23.92 Working directory:  /mesa/_build/meson-private/tmpj9gp1v9a
#15 23.92 Code:
#15 23.92 extern int i;
#15 23.92 int i;
#15 23.92 
#15 23.92 -----------
#15 23.92 Command line: `/usr/sbin/clang++ /mesa/_build/meson-private/tmpj9gp1v9a/testfile.cpp -o /mesa/_build/meson-private/tmpj9gp1v9a/output.obj -c -fsanitize=memory -fsanitize-memory-track-origins -fno-omit-frame-pointer -g -std=c++23 -nostdinc++ -isystem /libcxx_msan/include/c++/v1/ -D_FILE_OFFSET_BITS=64 -O0 -fpermissive -Werror=implicit-function-declaration -Werror=unknown-warning-option -Werror=unused-command-line-argument -Werror=ignored-optimization-argument -Wunknown-pragmas -Wno-unknown-pragmas` -> 0
#15 23.92 Compiler for C++ supports arguments -Wno-unknown-pragmas: YES 
#15 23.92 Running compile:
#15 23.92 Working directory:  /mesa/_build/meson-private/tmptzpm274q
#15 23.92 Code:
#15 23.92 extern int i;
#15 23.92 int i;
#15 23.92 
#15 23.92 -----------
#15 23.92 Command line: `/usr/sbin/clang++ /mesa/_build/meson-private/tmptzpm274q/testfile.cpp -o /mesa/_build/meson-private/tmptzpm274q/output.obj -c -fsanitize=memory -fsanitize-memory-track-origins -fno-omit-frame-pointer -g -std=c++23 -nostdinc++ -isystem /libcxx_msan/include/c++/v1/ -D_FILE_OFFSET_BITS=64 -O0 -fpermissive -Werror=implicit-function-declaration -Werror=unknown-warning-option -Werror=unused-command-line-argument -Werror=ignored-optimization-argument -Wmicrosoft-enum-value -Wno-microsoft-enum-value` -> 0
#15 23.92 Compiler for C++ supports arguments -Wno-microsoft-enum-value: YES 
#15 23.92 Running compile:
#15 23.92 Working directory:  /mesa/_build/meson-private/tmp0s4gez3n
#15 23.92 Code:
#15 23.92 extern int i;
#15 23.92 int i;
#15 23.92 
#15 23.92 -----------
#15 23.92 Command line: `/usr/sbin/clang++ /mesa/_build/meson-private/tmp0s4gez3n/testfile.cpp -o /mesa/_build/meson-private/tmp0s4gez3n/output.obj -c -fsanitize=memory -fsanitize-memory-track-origins -fno-omit-frame-pointer -g -std=c++23 -nostdinc++ -isystem /libcxx_msan/include/c++/v1/ -D_FILE_OFFSET_BITS=64 -O0 -fpermissive -Werror=implicit-function-declaration -Werror=unknown-warning-option -Werror=unused-command-line-argument -Werror=ignored-optimization-argument -Werror=format` -> 0
#15 23.92 Compiler for C++ supports arguments -Werror=format: YES 
#15 23.92 Running compile:
#15 23.92 Working directory:  /mesa/_build/meson-private/tmpc3noxhnj
#15 23.92 Code:
#15 23.92 extern int i;
#15 23.92 int i;
#15 23.92 
#15 23.92 -----------
#15 23.92 Command line: `/usr/sbin/clang++ /mesa/_build/meson-private/tmpc3noxhnj/testfile.cpp -o /mesa/_build/meson-private/tmpc3noxhnj/output.obj -c -fsanitize=memory -fsanitize-memory-track-origins -fno-omit-frame-pointer -g -std=c++23 -nostdinc++ -isystem /libcxx_msan/include/c++/v1/ -D_FILE_OFFSET_BITS=64 -O0 -fpermissive -Werror=implicit-function-declaration -Werror=unknown-warning-option -Werror=unused-command-line-argument -Werror=ignored-optimization-argument -Wformat-security` -> 0
#15 23.92 Compiler for C++ supports arguments -Wformat-security: YES 
#15 23.92 Running compile:
#15 23.92 Working directory:  /mesa/_build/meson-private/tmpove73ora
#15 23.92 Code:
#15 23.92 extern int i;
#15 23.92 int i;
#15 23.92 
#15 23.92 -----------
#15 23.92 Command line: `/usr/sbin/clang++ /mesa/_build/meson-private/tmpove73ora/testfile.cpp -o /mesa/_build/meson-private/tmpove73ora/output.obj -c -fsanitize=memory -fsanitize-memory-track-origins -fno-omit-frame-pointer -g -std=c++23 -nostdinc++ -isystem /libcxx_msan/include/c++/v1/ -D_FILE_OFFSET_BITS=64 -O0 -fpermissive -Werror=implicit-function-declaration -Werror=unknown-warning-option -Werror=unused-command-line-argument -Werror=ignored-optimization-argument -ffunction-sections` -> 0
#15 23.92 Compiler for C++ supports arguments -ffunction-sections: YES 
#15 23.92 Running compile:
#15 23.92 Working directory:  /mesa/_build/meson-private/tmpbh65tl7i
#15 23.92 Code:
#15 23.92 extern int i;
#15 23.92 int i;
#15 23.92 
#15 23.92 -----------
#15 23.92 Command line: `/usr/sbin/clang++ /mesa/_build/meson-private/tmpbh65tl7i/testfile.cpp -o /mesa/_build/meson-private/tmpbh65tl7i/output.obj -c -fsanitize=memory -fsanitize-memory-track-origins -fno-omit-frame-pointer -g -std=c++23 -nostdinc++ -isystem /libcxx_msan/include/c++/v1/ -D_FILE_OFFSET_BITS=64 -O0 -fpermissive -Werror=implicit-function-declaration -Werror=unknown-warning-option -Werror=unused-command-line-argument -Werror=ignored-optimization-argument -fdata-sections` -> 0
#15 23.92 Compiler for C++ supports arguments -fdata-sections: YES 
#15 23.92 Running compile:
#15 23.92 Working directory:  /mesa/_build/meson-private/tmpd1v1bm8n
#15 23.92 Code:
#15 23.92 extern int i;
#15 23.92 int i;
#15 23.92 
#15 23.92 -----------
#15 23.92 Command line: `/usr/sbin/clang++ /mesa/_build/meson-private/tmpd1v1bm8n/testfile.cpp -o /mesa/_build/meson-private/tmpd1v1bm8n/output.obj -c -fsanitize=memory -fsanitize-memory-track-origins -fno-omit-frame-pointer -g -std=c++23 -nostdinc++ -isystem /libcxx_msan/include/c++/v1/ -D_FILE_OFFSET_BITS=64 -O0 -fpermissive -Werror=implicit-function-declaration -Werror=unknown-warning-option -Werror=unused-command-line-argument -Werror=ignored-optimization-argument -Wunused-variable -Wno-unused-variable` -> 0
#15 23.92 Compiler for C++ supports arguments -Wno-unused-variable: YES 
#15 23.92 Running compile:
#15 23.92 Working directory:  /mesa/_build/meson-private/tmpd2xtwqan
#15 23.92 Code:
#15 23.92 extern int i;
#15 23.92 int i;
#15 23.92 
#15 23.92 -----------
#15 23.92 Command line: `/usr/sbin/clang++ /mesa/_build/meson-private/tmpd2xtwqan/testfile.cpp -o /mesa/_build/meson-private/tmpd2xtwqan/output.obj -c -fsanitize=memory -fsanitize-memory-track-origins -fno-omit-frame-pointer -g -std=c++23 -nostdinc++ -isystem /libcxx_msan/include/c++/v1/ -D_FILE_OFFSET_BITS=64 -O0 -fpermissive -Werror=implicit-function-declaration -Werror=unknown-warning-option -Werror=unused-command-line-argument -Werror=ignored-optimization-argument -Wunused-but-set-variable -Wno-unused-but-set-variable` -> 0
#15 23.92 Compiler for C++ supports arguments -Wno-unused-but-set-variable: YES 
#15 23.92 Running compile:
#15 23.92 Working directory:  /mesa/_build/meson-private/tmpo3wt2y6r
#15 23.92 Code:
#15 23.92 extern int i;
#15 23.92 int i;
#15 23.92 
#15 23.92 -----------
#15 23.92 Command line: `/usr/sbin/clang++ /mesa/_build/meson-private/tmpo3wt2y6r/testfile.cpp -o /mesa/_build/meson-private/tmpo3wt2y6r/output.obj -c -fsanitize=memory -fsanitize-memory-track-origins -fno-omit-frame-pointer -g -std=c++23 -nostdinc++ -isystem /libcxx_msan/include/c++/v1/ -D_FILE_OFFSET_BITS=64 -O0 -fpermissive -Werror=implicit-function-declaration -Werror=unknown-warning-option -Werror=unused-command-line-argument -Werror=ignored-optimization-argument /wd4189` -> 1
#15 23.92 stderr:
#15 23.92 clang++: error: no such file or directory: '/wd4189'
#15 23.92 -----------
#15 23.92 Compiler for C++ supports arguments /wd4189: NO 
#15 23.92 Running compile:
#15 23.92 Working directory:  /mesa/_build/meson-private/tmpeci9dqoc
#15 23.92 Code:
#15 23.92 extern int i;
#15 23.92 int i;
#15 23.92 
#15 23.92 -----------
#15 23.92 Command line: `/usr/sbin/clang /mesa/_build/meson-private/tmpeci9dqoc/testfile.c -o /mesa/_build/meson-private/tmpeci9dqoc/output.obj -c -fsanitize=memory -fsanitize-memory-track-origins -fno-omit-frame-pointer -g -D_FILE_OFFSET_BITS=64 -O0 -Werror=implicit-function-declaration -Werror=unknown-warning-option -Werror=unused-command-line-argument -Werror=ignored-optimization-argument -Woverride-init -Wno-override-init` -> 0
#15 23.92 Compiler for C supports arguments -Wno-override-init: YES 
#15 23.92 Running compile:
#15 23.92 Working directory:  /mesa/_build/meson-private/tmp070iib3c
#15 23.92 Code:
#15 23.92 extern int i;
#15 23.92 int i;
#15 23.92 
#15 23.92 -----------
#15 23.92 Command line: `/usr/sbin/clang /mesa/_build/meson-private/tmp070iib3c/testfile.c -o /mesa/_build/meson-private/tmp070iib3c/output.obj -c -fsanitize=memory -fsanitize-memory-track-origins -fno-omit-frame-pointer -g -D_FILE_OFFSET_BITS=64 -O0 -Werror=implicit-function-declaration -Werror=unknown-warning-option -Werror=unused-command-line-argument -Werror=ignored-optimization-argument -Winitializer-overrides -Wno-initializer-overrides` -> 0
#15 23.92 Compiler for C supports arguments -Wno-initializer-overrides: YES 
#15 23.92 Running compile:
#15 23.92 Working directory:  /mesa/_build/meson-private/tmpwm0gnxd4
#15 23.92 Code:
#15 23.92 extern int i;
#15 23.92 int i;
#15 23.92 
#15 23.92 -----------
#15 23.92 Command line: `/usr/sbin/clang /mesa/_build/meson-private/tmpwm0gnxd4/testfile.c -o /mesa/_build/meson-private/tmpwm0gnxd4/output.obj -c -fsanitize=memory -fsanitize-memory-track-origins -fno-omit-frame-pointer -g -D_FILE_OFFSET_BITS=64 -O0 -Werror=implicit-function-declaration -Werror=unknown-warning-option -Werror=unused-command-line-argument -Werror=ignored-optimization-argument -Werror=pointer-arith` -> 0
#15 23.92 Compiler for C supports arguments -Werror=pointer-arith: YES 
#15 23.92 Running compile:
#15 23.92 Working directory:  /mesa/_build/meson-private/tmp7y_wn7qh
#15 23.92 Code:
#15 23.92 extern int i;
#15 23.92 int i;
#15 23.92 
#15 23.92 -----------
#15 23.92 Command line: `/usr/sbin/clang /mesa/_build/meson-private/tmp7y_wn7qh/testfile.c -o /mesa/_build/meson-private/tmp7y_wn7qh/output.obj -c -fsanitize=memory -fsanitize-memory-track-origins -fno-omit-frame-pointer -g -D_FILE_OFFSET_BITS=64 -O0 -Werror=implicit-function-declaration -Werror=unknown-warning-option -Werror=unused-command-line-argument -Werror=ignored-optimization-argument -Werror=vla` -> 0
#15 23.92 Compiler for C supports arguments -Werror=vla: YES 
#15 23.92 Running compile:
#15 23.92 Working directory:  /mesa/_build/meson-private/tmp4eigg6n8
#15 23.92 Code:
#15 23.92 extern int i;
#15 23.92 int i;
#15 23.92 
#15 23.92 -----------
#15 23.92 Command line: `/usr/sbin/clang /mesa/_build/meson-private/tmp4eigg6n8/testfile.c -o /mesa/_build/meson-private/tmp4eigg6n8/output.obj -c -fsanitize=memory -fsanitize-memory-track-origins -fno-omit-frame-pointer -g -D_FILE_OFFSET_BITS=64 -O0 -Werror=implicit-function-declaration -Werror=unknown-warning-option -Werror=unused-command-line-argument -Werror=ignored-optimization-argument -Werror=gnu-empty-initializer` -> 0
#15 23.92 Compiler for C supports arguments -Werror=gnu-empty-initializer: YES 
#15 23.92 Running compile:
#15 23.92 Working directory:  /mesa/_build/meson-private/tmpk86l7_vf
#15 23.92 Code:
#15 23.92 extern int i;
#15 23.92 int i;
#15 23.92 
#15 23.92 -----------
#15 23.92 Command line: `/usr/sbin/clang++ /mesa/_build/meson-private/tmpk86l7_vf/testfile.cpp -o /mesa/_build/meson-private/tmpk86l7_vf/output.obj -c -fsanitize=memory -fsanitize-memory-track-origins -fno-omit-frame-pointer -g -std=c++23 -nostdinc++ -isystem /libcxx_msan/include/c++/v1/ -D_FILE_OFFSET_BITS=64 -O0 -fpermissive -Werror=implicit-function-declaration -Werror=unknown-warning-option -Werror=unused-command-line-argument -Werror=ignored-optimization-argument -Werror=pointer-arith` -> 0
#15 23.92 Compiler for C++ supports arguments -Werror=pointer-arith: YES 
#15 23.92 Running compile:
#15 23.92 Working directory:  /mesa/_build/meson-private/tmpzq2o4gb_
#15 23.92 Code:
#15 23.92 extern int i;
#15 23.92 int i;
#15 23.92 
#15 23.92 -----------
#15 23.92 Command line: `/usr/sbin/clang++ /mesa/_build/meson-private/tmpzq2o4gb_/testfile.cpp -o /mesa/_build/meson-private/tmpzq2o4gb_/output.obj -c -fsanitize=memory -fsanitize-memory-track-origins -fno-omit-frame-pointer -g -std=c++23 -nostdinc++ -isystem /libcxx_msan/include/c++/v1/ -D_FILE_OFFSET_BITS=64 -O0 -fpermissive -Werror=implicit-function-declaration -Werror=unknown-warning-option -Werror=unused-command-line-argument -Werror=ignored-optimization-argument -Werror=vla` -> 0
#15 23.92 Compiler for C++ supports arguments -Werror=vla: YES 
#15 23.92 Running compile:
#15 23.92 Working directory:  /mesa/_build/meson-private/tmpm09ptc_e
#15 23.92 Code:
#15 23.92 extern int i;
#15 23.92 int i;
#15 23.92 
#15 23.92 -----------
#15 23.92 Command line: `/usr/sbin/clang++ /mesa/_build/meson-private/tmpm09ptc_e/testfile.cpp -o /mesa/_build/meson-private/tmpm09ptc_e/output.obj -c -fsanitize=memory -fsanitize-memory-track-origins -fno-omit-frame-pointer -g -std=c++23 -nostdinc++ -isystem /libcxx_msan/include/c++/v1/ -D_FILE_OFFSET_BITS=64 -O0 -fpermissive -Werror=implicit-function-declaration -Werror=unknown-warning-option -Werror=unused-command-line-argument -Werror=ignored-optimization-argument -Werror=gnu-empty-initializer` -> 0
#15 23.92 Compiler for C++ supports arguments -Werror=gnu-empty-initializer: YES 
#15 23.92 Running compile:
#15 23.92 Working directory:  /mesa/_build/meson-private/tmphfus1oav
#15 23.92 Code:
#15 23.92 
#15 23.92         #define __builtin_ia32_clflushopt meson_disable_define_of___builtin_ia32_clflushopt
#15 23.92         
#15 23.92         #include <limits.h>
#15 23.92         #undef __builtin_ia32_clflushopt
#15 23.92         
#15 23.92         #ifdef __cplusplus
#15 23.92         extern "C"
#15 23.92         #endif
#15 23.92         char __builtin_ia32_clflushopt (void);
#15 23.92         
#15 23.92         #if defined __stub___builtin_ia32_clflushopt || defined __stub_____builtin_ia32_clflushopt
#15 23.92         fail fail fail this function is not going to work
#15 23.92         #endif
#15 23.92         
#15 23.92         int main(void) {
#15 23.92           return __builtin_ia32_clflushopt ();
#15 23.92         }
#15 23.92 -----------
#15 23.92 Command line: `/usr/sbin/clang -L/msan/lib -L/libcxx_msan/lib /mesa/_build/meson-private/tmphfus1oav/testfile.c -o /mesa/_build/meson-private/tmphfus1oav/output.exe -fsanitize=memory -fsanitize-memory-track-origins -fno-omit-frame-pointer -g -D_FILE_OFFSET_BITS=64 -O0 -Werror=implicit-function-declaration -std=c11 -mclflushopt -Wl,-rpath,/msan/lib -Wl,-rpath,/libcxx_msan/lib -Wl,--start-group -lc++ -lc++abi -Wl,--end-group` -> 1
#15 23.92 stderr:
#15 23.92 /mesa/_build/meson-private/tmphfus1oav/testfile.c:10:14: error: conflicting types for '__builtin_ia32_clflushopt'
#15 23.92    10 |         char __builtin_ia32_clflushopt (void);
#15 23.92       |              ^
#15 23.92 /mesa/_build/meson-private/tmphfus1oav/testfile.c:10:14: note: '__builtin_ia32_clflushopt' is a builtin with type 'void (const void *)'
#15 23.92 /mesa/_build/meson-private/tmphfus1oav/testfile.c:17:45: error: too few arguments to function call, expected 1, have 0
#15 23.92    17 |           return __builtin_ia32_clflushopt ();
#15 23.92       |                  ~~~~~~~~~~~~~~~~~~~~~~~~~  ^
#15 23.92 2 errors generated.
#15 23.92 -----------
#15 23.92 Running compile:
#15 23.92 Working directory:  /mesa/_build/meson-private/tmp0tu5nwer
#15 23.92 Code:
#15 23.92 
#15 23.92         int main(void) {
#15 23.92 
#15 23.92         /* With some toolchains (MSYS2/mingw for example) the compiler
#15 23.92          * provides various builtins which are not really implemented and
#15 23.92          * fall back to the stdlib where they aren't provided and fail at
#15 23.92          * build/link time. In case the user provides a header, including
#15 23.92          * the header didn't lead to the function being defined, and the
#15 23.92          * function we are checking isn't a builtin itself we assume the
#15 23.92          * builtin is not functional and we just error out. */
#15 23.92         #if !1 && !defined(__builtin_ia32_clflushopt) && !1
#15 23.92             #error "No definition for __builtin_ia32_clflushopt found in the prefix"
#15 23.92         #endif
#15 23.92 
#15 23.92         #ifdef __has_builtin
#15 23.92             #if !__has_builtin(__builtin_ia32_clflushopt)
#15 23.92                 #error "__builtin_ia32_clflushopt not found"
#15 23.92             #endif
#15 23.92         #elif ! defined(__builtin_ia32_clflushopt)
#15 23.92             __builtin_ia32_clflushopt;
#15 23.92         #endif
#15 23.92         return 0;
#15 23.92         }
#15 23.92 -----------
#15 23.92 Command line: `/usr/sbin/clang -L/msan/lib -L/libcxx_msan/lib /mesa/_build/meson-private/tmp0tu5nwer/testfile.c -o /mesa/_build/meson-private/tmp0tu5nwer/output.exe -fsanitize=memory -fsanitize-memory-track-origins -fno-omit-frame-pointer -g -D_FILE_OFFSET_BITS=64 -O0 -Werror=implicit-function-declaration -std=c11 -mclflushopt -Wl,-rpath,/msan/lib -Wl,-rpath,/libcxx_msan/lib -Wl,--start-group -lc++ -lc++abi -Wl,--end-group` -> 0
#15 23.92 Checking for function "__builtin_ia32_clflushopt" : YES 
#15 23.92 Running compile:
#15 23.92 Working directory:  /mesa/_build/meson-private/tmp_50o_usl
#15 23.92 Code:
#15 23.92 #include <stdint.h>
#15 23.92                   int main() {
#15 23.92                     struct {
#15 23.92                       uint64_t *v;
#15 23.92                     } x;
#15 23.92                     return (int)__atomic_load_n(x.v, __ATOMIC_ACQUIRE) &
#15 23.92                            (int)__atomic_add_fetch(x.v, (uint64_t)1, __ATOMIC_ACQ_REL);
#15 23.92 
#15 23.92                   }
#15 23.92 -----------
#15 23.92 Command line: `/usr/sbin/clang /mesa/_build/meson-private/tmp_50o_usl/testfile.c -o /mesa/_build/meson-private/tmp_50o_usl/output.obj -c -fsanitize=memory -fsanitize-memory-track-origins -fno-omit-frame-pointer -g -D_FILE_OFFSET_BITS=64 -O0 -Werror=implicit-function-declaration -Werror=unknown-warning-option -Werror=unused-command-line-argument -Werror=ignored-optimization-argument -std=c11` -> 0
#15 23.92 Checking if "GCC atomic builtins" compiles: YES 
#15 23.92 Running compile:
#15 23.92 Working directory:  /mesa/_build/meson-private/tmp76qt96ic
#15 23.92 Code:
#15 23.92 #include <stdint.h>
#15 23.92                      int main() {
#15 23.92                        struct {
#15 23.92                          uint64_t *v;
#15 23.92                        } x;
#15 23.92                        return (int)__atomic_load_n(x.v, __ATOMIC_ACQUIRE) &
#15 23.92                               (int)__atomic_add_fetch(x.v, (uint64_t)1, __ATOMIC_ACQ_REL);
#15 23.92                      }
#15 23.92 -----------
#15 23.92 Command line: `/usr/sbin/clang -L/msan/lib -L/libcxx_msan/lib /mesa/_build/meson-private/tmp76qt96ic/testfile.c -o /mesa/_build/meson-private/tmp76qt96ic/output.exe -fsanitize=memory -fsanitize-memory-track-origins -fno-omit-frame-pointer -g -D_FILE_OFFSET_BITS=64 -O0 -Werror=implicit-function-declaration -std=c11 -Wl,-rpath,/msan/lib -Wl,-rpath,/libcxx_msan/lib -Wl,--start-group -lc++ -lc++abi -Wl,--end-group` -> 0
#15 23.92 Checking if "GCC atomic builtins required -latomic" links: YES 
#15 23.92 Running compile:
#15 23.92 Working directory:  /mesa/_build/meson-private/tmpxvr7ok31
#15 23.92 Code:
#15 23.92 #include <stdint.h>
#15 23.92                    uint64_t v;
#15 23.92                    int main() {
#15 23.92                      return __sync_add_and_fetch(&v, (uint64_t)1);
#15 23.92                    }
#15 23.92 -----------
#15 23.92 Command line: `/usr/sbin/clang -L/msan/lib -L/libcxx_msan/lib /mesa/_build/meson-private/tmpxvr7ok31/testfile.c -o /mesa/_build/meson-private/tmpxvr7ok31/output.exe -fsanitize=memory -fsanitize-memory-track-origins -fno-omit-frame-pointer -g -D_FILE_OFFSET_BITS=64 -O0 -Werror=implicit-function-declaration -std=c11 -Wl,-rpath,/msan/lib -Wl,-rpath,/libcxx_msan/lib -Wl,--start-group -lc++ -lc++abi -Wl,--end-group` -> 0
#15 23.92 Checking if "GCC 64bit atomics" with dependency  links: YES 
#15 23.92 Running compile:
#15 23.92 Working directory:  /mesa/_build/meson-private/tmpt_0dmwyq
#15 23.92 Code:
#15 23.92 int main(void) { return 0; }
#15 23.92 
#15 23.92 -----------
#15 23.92 Command line: `/usr/sbin/clang -L/msan/lib -L/libcxx_msan/lib /mesa/_build/meson-private/tmpt_0dmwyq/testfile.c -o /mesa/_build/meson-private/tmpt_0dmwyq/output.exe -fsanitize=memory -fsanitize-memory-track-origins -fno-omit-frame-pointer -g -D_FILE_OFFSET_BITS=64 -O0 -Werror=implicit-function-declaration -Wl,--start-group -lws2_32 -Wl,--allow-shlib-undefined -Wl,-rpath,/msan/lib -Wl,-rpath,/libcxx_msan/lib -lc++ -lc++abi -Wl,--end-group` -> 1
#15 23.92 stderr:
#15 23.92 /usr/bin/ld: cannot find -lws2_32: No such file or directory
#15 23.92 clang: error: linker command failed with exit code 1 (use -v to see invocation)
#15 23.92 -----------
#15 23.92 Running compile:
#15 23.92 Working directory:  /mesa/_build/meson-private/tmpz8gwcheb
#15 23.92 Code:
#15 23.92 
#15 23.92         #include<stddef.h>
#15 23.92         #include<stdio.h>
#15 23.92         int main(void) {
#15 23.92             printf("%ld\n", (long)(sizeof(void *)));
#15 23.92             return 0;
#15 23.92         }
#15 23.92 -----------
#15 23.92 Command line: `/usr/sbin/clang -L/msan/lib -L/libcxx_msan/lib /mesa/_build/meson-private/tmpz8gwcheb/testfile.c -o /mesa/_build/meson-private/tmpz8gwcheb/output.exe -fsanitize=memory -fsanitize-memory-track-origins -fno-omit-frame-pointer -g -D_FILE_OFFSET_BITS=64 -O0 -Werror=implicit-function-declaration -Wl,-rpath,/msan/lib -Wl,-rpath,/libcxx_msan/lib -Wl,--start-group -lc++ -lc++abi -Wl,--end-group` -> 0
#15 23.92 Program stdout:
#15 23.92 
#15 23.92 8
#15 23.92 
#15 23.92 Program stderr:
#15 23.92 
#15 23.92 
#15 23.92 Running compile:
#15 23.92 Working directory:  /mesa/_build/meson-private/tmpv5lr3zqp
#15 23.92 Code:
#15 23.92 
#15 23.92 -----------
#15 23.92 Command line: `/usr/sbin/clang /mesa/_build/meson-private/tmpv5lr3zqp/testfile.c -o /mesa/_build/meson-private/tmpv5lr3zqp/output.obj -c -fsanitize=memory -fsanitize-memory-track-origins -fno-omit-frame-pointer -g -D_FILE_OFFSET_BITS=64 -O0 -Werror=implicit-function-declaration -Werror=unknown-warning-option -Werror=unused-command-line-argument -Werror=ignored-optimization-argument --print-search-dirs` -> 0
#15 23.92 stdout:
#15 23.92 programs: =/usr/bin:/usr/bin/../lib64/gcc/x86_64-pc-linux-gnu/15.2.1/../../../../x86_64-pc-linux-gnu/bin
#15 23.92 libraries: =/usr/lib/clang/20:/usr/bin/../lib64/gcc/x86_64-pc-linux-gnu/15.2.1:/usr/bin/../lib64/gcc/x86_64-pc-linux-gnu/15.2.1/../../../../lib64:/lib/../lib64:/usr/lib/../lib64:/lib:/usr/lib
#15 23.92 -----------
#15 23.92 Library ws2_32 found: NO
#15 23.92 Running compile:
#15 23.92 Working directory:  /mesa/_build/meson-private/tmpixlhm1bt
#15 23.92 Code:
#15 23.92 
#15 23.92         #include <sys/sysmacros.h>
#15 23.92         int main(void) {
#15 23.92             /* If it's not defined as a macro, try to use as a symbol */
#15 23.92             #ifndef major
#15 23.92                 major;
#15 23.92             #endif
#15 23.92             return 0;
#15 23.92         }
#15 23.92 -----------
#15 23.92 Command line: `/usr/sbin/clang /mesa/_build/meson-private/tmpixlhm1bt/testfile.c -o /mesa/_build/meson-private/tmpixlhm1bt/output.obj -c -fsanitize=memory -fsanitize-memory-track-origins -fno-omit-frame-pointer -g -D_FILE_OFFSET_BITS=64 -O0 -Werror=implicit-function-declaration -Werror=unknown-warning-option -Werror=unused-command-line-argument -Werror=ignored-optimization-argument -std=c11` -> 0
#15 23.92 Header "sys/sysmacros.h" has symbol "major" : YES 
#15 23.92 Running compile:
#15 23.92 Working directory:  /mesa/_build/meson-private/tmpfc8cfst9
#15 23.92 Code:
#15 23.92 
#15 23.92         #include <sys/sysmacros.h>
#15 23.92         int main(void) {
#15 23.92             /* If it's not defined as a macro, try to use as a symbol */
#15 23.92             #ifndef minor
#15 23.92                 minor;
#15 23.92             #endif
#15 23.92             return 0;
#15 23.92         }
#15 23.92 -----------
#15 23.92 Command line: `/usr/sbin/clang /mesa/_build/meson-private/tmpfc8cfst9/testfile.c -o /mesa/_build/meson-private/tmpfc8cfst9/output.obj -c -fsanitize=memory -fsanitize-memory-track-origins -fno-omit-frame-pointer -g -D_FILE_OFFSET_BITS=64 -O0 -Werror=implicit-function-declaration -Werror=unknown-warning-option -Werror=unused-command-line-argument -Werror=ignored-optimization-argument -std=c11` -> 0
#15 23.92 Header "sys/sysmacros.h" has symbol "minor" : YES 
#15 23.92 Running compile:
#15 23.92 Working directory:  /mesa/_build/meson-private/tmpzgsg6wdn
#15 23.92 Code:
#15 23.92 
#15 23.92         #include <sys/sysmacros.h>
#15 23.92         int main(void) {
#15 23.92             /* If it's not defined as a macro, try to use as a symbol */
#15 23.92             #ifndef makedev
#15 23.92                 makedev;
#15 23.92             #endif
#15 23.92             return 0;
#15 23.92         }
#15 23.92 -----------
#15 23.92 Command line: `/usr/sbin/clang /mesa/_build/meson-private/tmpzgsg6wdn/testfile.c -o /mesa/_build/meson-private/tmpzgsg6wdn/output.obj -c -fsanitize=memory -fsanitize-memory-track-origins -fno-omit-frame-pointer -g -D_FILE_OFFSET_BITS=64 -O0 -Werror=implicit-function-declaration -Werror=unknown-warning-option -Werror=unused-command-line-argument -Werror=ignored-optimization-argument -std=c11` -> 0
#15 23.92 Header "sys/sysmacros.h" has symbol "makedev" : YES 
#15 23.92 Running compile:
#15 23.92 Working directory:  /mesa/_build/meson-private/tmpu4y3dxe8
#15 23.92 Code:
#15 23.92 
#15 23.92         #include <sys/mkdev.h>
#15 23.92         int main(void) {
#15 23.92             /* If it's not defined as a macro, try to use as a symbol */
#15 23.92             #ifndef major
#15 23.92                 major;
#15 23.92             #endif
#15 23.92             return 0;
#15 23.92         }
#15 23.92 -----------
#15 23.92 Command line: `/usr/sbin/clang /mesa/_build/meson-private/tmpu4y3dxe8/testfile.c -o /mesa/_build/meson-private/tmpu4y3dxe8/output.obj -c -fsanitize=memory -fsanitize-memory-track-origins -fno-omit-frame-pointer -g -D_FILE_OFFSET_BITS=64 -O0 -Werror=implicit-function-declaration -Werror=unknown-warning-option -Werror=unused-command-line-argument -Werror=ignored-optimization-argument -std=c11` -> 1
#15 23.92 stderr:
#15 23.92 /mesa/_build/meson-private/tmpu4y3dxe8/testfile.c:2:18: fatal error: 'sys/mkdev.h' file not found
#15 23.92     2 |         #include <sys/mkdev.h>
#15 23.92       |                  ^~~~~~~~~~~~~
#15 23.92 1 error generated.
#15 23.92 -----------
#15 23.92 Header "sys/mkdev.h" has symbol "major" : NO 
#15 23.92 Running compile:
#15 23.92 Working directory:  /mesa/_build/meson-private/tmp5072rxaw
#15 23.92 Code:
#15 23.92 
#15 23.92         #include <sched.h>
#15 23.92 -----------
#15 23.92 Command line: `/usr/sbin/clang /mesa/_build/meson-private/tmp5072rxaw/testfile.c -o /mesa/_build/meson-private/tmp5072rxaw/output.obj -c -fsanitize=memory -fsanitize-memory-track-origins -fno-omit-frame-pointer -g -D_FILE_OFFSET_BITS=64 -O0 -Werror=implicit-function-declaration -Werror=unknown-warning-option -Werror=unused-command-line-argument -Werror=ignored-optimization-argument -std=c11` -> 0
#15 23.92 Check usable header "sched.h" : YES 
#15 23.92 Running compile:
#15 23.92 Working directory:  /mesa/_build/meson-private/tmpaiw5kw7_
#15 23.92 Code:
#15 23.92 
#15 23.92         #define sched_getaffinity meson_disable_define_of_sched_getaffinity
#15 23.92         
#15 23.92         #include <limits.h>
#15 23.92         #undef sched_getaffinity
#15 23.92         
#15 23.92         #ifdef __cplusplus
#15 23.92         extern "C"
#15 23.92         #endif
#15 23.92         char sched_getaffinity (void);
#15 23.92         
#15 23.92         #if defined __stub_sched_getaffinity || defined __stub___sched_getaffinity
#15 23.92         fail fail fail this function is not going to work
#15 23.92         #endif
#15 23.92         
#15 23.92         int main(void) {
#15 23.92           return sched_getaffinity ();
#15 23.92         }
#15 23.92 -----------
#15 23.92 Command line: `/usr/sbin/clang -L/msan/lib -L/libcxx_msan/lib /mesa/_build/meson-private/tmpaiw5kw7_/testfile.c -o /mesa/_build/meson-private/tmpaiw5kw7_/output.exe -fsanitize=memory -fsanitize-memory-track-origins -fno-omit-frame-pointer -g -D_FILE_OFFSET_BITS=64 -O0 -Werror=implicit-function-declaration -std=c11 -Wl,-rpath,/msan/lib -Wl,-rpath,/libcxx_msan/lib -Wl,--start-group -lc++ -lc++abi -Wl,--end-group` -> 0
#15 23.92 Checking for function "sched_getaffinity" : YES 
#15 23.92 Running compile:
#15 23.92 Working directory:  /mesa/_build/meson-private/tmpbjztwb2h
#15 23.92 Code:
#15 23.92 
#15 23.92         #include <xlocale.h>
#15 23.92 -----------
#15 23.92 Command line: `/usr/sbin/clang /mesa/_build/meson-private/tmpbjztwb2h/testfile.c -o /mesa/_build/meson-private/tmpbjztwb2h/output.obj -c -fsanitize=memory -fsanitize-memory-track-origins -fno-omit-frame-pointer -g -D_FILE_OFFSET_BITS=64 -O0 -Werror=implicit-function-declaration -Werror=unknown-warning-option -Werror=unused-command-line-argument -Werror=ignored-optimization-argument -std=c11` -> 1
#15 23.92 stderr:
#15 23.92 /mesa/_build/meson-private/tmpbjztwb2h/testfile.c:2:18: fatal error: 'xlocale.h' file not found
#15 23.92     2 |         #include <xlocale.h>
#15 23.92       |                  ^~~~~~~~~~~
#15 23.92 1 error generated.
#15 23.92 -----------
#15 23.92 Check usable header "xlocale.h" : NO 
#15 23.92 Running compile:
#15 23.92 Working directory:  /mesa/_build/meson-private/tmpoj773ey5
#15 23.92 Code:
#15 23.92 
#15 23.92         #include <linux/futex.h>
#15 23.92 -----------
#15 23.92 Command line: `/usr/sbin/clang /mesa/_build/meson-private/tmpoj773ey5/testfile.c -o /mesa/_build/meson-private/tmpoj773ey5/output.obj -c -fsanitize=memory -fsanitize-memory-track-origins -fno-omit-frame-pointer -g -D_FILE_OFFSET_BITS=64 -O0 -Werror=implicit-function-declaration -Werror=unknown-warning-option -Werror=unused-command-line-argument -Werror=ignored-optimization-argument -std=c11` -> 0
#15 23.92 Check usable header "linux/futex.h" : YES 
#15 23.92 Running compile:
#15 23.92 Working directory:  /mesa/_build/meson-private/tmp6xj46ofl
#15 23.92 Code:
#15 23.92 
#15 23.92         #include <endian.h>
#15 23.92 -----------
#15 23.92 Command line: `/usr/sbin/clang /mesa/_build/meson-private/tmp6xj46ofl/testfile.c -o /mesa/_build/meson-private/tmp6xj46ofl/output.obj -c -fsanitize=memory -fsanitize-memory-track-origins -fno-omit-frame-pointer -g -D_FILE_OFFSET_BITS=64 -O0 -Werror=implicit-function-declaration -Werror=unknown-warning-option -Werror=unused-command-line-argument -Werror=ignored-optimization-argument -std=c11` -> 0
#15 23.92 Check usable header "endian.h" : YES 
#15 23.92 Running compile:
#15 23.92 Working directory:  /mesa/_build/meson-private/tmpusacufei
#15 23.92 Code:
#15 23.92 
#15 23.92         #include <dlfcn.h>
#15 23.92 -----------
#15 23.92 Command line: `/usr/sbin/clang /mesa/_build/meson-private/tmpusacufei/testfile.c -o /mesa/_build/meson-private/tmpusacufei/output.obj -c -fsanitize=memory -fsanitize-memory-track-origins -fno-omit-frame-pointer -g -D_FILE_OFFSET_BITS=64 -O0 -Werror=implicit-function-declaration -Werror=unknown-warning-option -Werror=unused-command-line-argument -Werror=ignored-optimization-argument -std=c11` -> 0
#15 23.92 Check usable header "dlfcn.h" : YES 
#15 23.92 Running compile:
#15 23.92 Working directory:  /mesa/_build/meson-private/tmp_5mr05q7
#15 23.92 Code:
#15 23.92 
#15 23.92         #include <sys/shm.h>
#15 23.92 -----------
#15 23.92 Command line: `/usr/sbin/clang /mesa/_build/meson-private/tmp_5mr05q7/testfile.c -o /mesa/_build/meson-private/tmp_5mr05q7/output.obj -c -fsanitize=memory -fsanitize-memory-track-origins -fno-omit-frame-pointer -g -D_FILE_OFFSET_BITS=64 -O0 -Werror=implicit-function-declaration -Werror=unknown-warning-option -Werror=unused-command-line-argument -Werror=ignored-optimization-argument -std=c11` -> 0
#15 23.92 Check usable header "sys/shm.h" : YES 
#15 23.92 Running compile:
#15 23.92 Working directory:  /mesa/_build/meson-private/tmp8_mxn1gb
#15 23.92 Code:
#15 23.92 
#15 23.92         #include <cet.h>
#15 23.92 -----------
#15 23.92 Command line: `/usr/sbin/clang /mesa/_build/meson-private/tmp8_mxn1gb/testfile.c -o /mesa/_build/meson-private/tmp8_mxn1gb/output.obj -c -fsanitize=memory -fsanitize-memory-track-origins -fno-omit-frame-pointer -g -D_FILE_OFFSET_BITS=64 -O0 -Werror=implicit-function-declaration -Werror=unknown-warning-option -Werror=unused-command-line-argument -Werror=ignored-optimization-argument -std=c11` -> 0
#15 23.92 Check usable header "cet.h" : YES 
#15 23.92 Running compile:
#15 23.92 Working directory:  /mesa/_build/meson-private/tmp3nbrqphr
#15 23.92 Code:
#15 23.92 
#15 23.92         #include <pthread_np.h>
#15 23.92 -----------
#15 23.92 Command line: `/usr/sbin/clang /mesa/_build/meson-private/tmp3nbrqphr/testfile.c -o /mesa/_build/meson-private/tmp3nbrqphr/output.obj -c -fsanitize=memory -fsanitize-memory-track-origins -fno-omit-frame-pointer -g -D_FILE_OFFSET_BITS=64 -O0 -Werror=implicit-function-declaration -Werror=unknown-warning-option -Werror=unused-command-line-argument -Werror=ignored-optimization-argument -std=c11` -> 1
#15 23.92 stderr:
#15 23.92 /mesa/_build/meson-private/tmp3nbrqphr/testfile.c:2:18: fatal error: 'pthread_np.h' file not found
#15 23.92     2 |         #include <pthread_np.h>
#15 23.92       |                  ^~~~~~~~~~~~~~
#15 23.92 1 error generated.
#15 23.92 -----------
#15 23.92 Check usable header "pthread_np.h" : NO 
#15 23.92 Running compile:
#15 23.92 Working directory:  /mesa/_build/meson-private/tmpy8hwlra4
#15 23.92 Code:
#15 23.92 
#15 23.92         #include <sys/inotify.h>
#15 23.92 -----------
#15 23.92 Command line: `/usr/sbin/clang /mesa/_build/meson-private/tmpy8hwlra4/testfile.c -o /mesa/_build/meson-private/tmpy8hwlra4/output.obj -c -fsanitize=memory -fsanitize-memory-track-origins -fno-omit-frame-pointer -g -D_FILE_OFFSET_BITS=64 -O0 -Werror=implicit-function-declaration -Werror=unknown-warning-option -Werror=unused-command-line-argument -Werror=ignored-optimization-argument -std=c11` -> 0
#15 23.92 Check usable header "sys/inotify.h" : YES 
#15 23.92 Running compile:
#15 23.92 Working directory:  /mesa/_build/meson-private/tmpj86u_zec
#15 23.92 Code:
#15 23.92 
#15 23.92         #include <linux/udmabuf.h>
#15 23.92 -----------
#15 23.92 Command line: `/usr/sbin/clang /mesa/_build/meson-private/tmpj86u_zec/testfile.c -o /mesa/_build/meson-private/tmpj86u_zec/output.obj -c -fsanitize=memory -fsanitize-memory-track-origins -fno-omit-frame-pointer -g -D_FILE_OFFSET_BITS=64 -O0 -Werror=implicit-function-declaration -Werror=unknown-warning-option -Werror=unused-command-line-argument -Werror=ignored-optimization-argument -std=c11` -> 0
#15 23.92 Check usable header "linux/udmabuf.h" : YES 
#15 23.92 Running compile:
#15 23.92 Working directory:  /mesa/_build/meson-private/tmppu33s9l7
#15 23.92 Code:
#15 23.92 
#15 23.92         #define strtof meson_disable_define_of_strtof
#15 23.92         
#15 23.92         #include <limits.h>
#15 23.92         #undef strtof
#15 23.92         
#15 23.92         #ifdef __cplusplus
#15 23.92         extern "C"
#15 23.92         #endif
#15 23.92         char strtof (void);
#15 23.92         
#15 23.92         #if defined __stub_strtof || defined __stub___strtof
#15 23.92         fail fail fail this function is not going to work
#15 23.92         #endif
#15 23.92         
#15 23.92         int main(void) {
#15 23.92           return strtof ();
#15 23.92         }
#15 23.92 -----------
#15 23.92 Command line: `/usr/sbin/clang -L/msan/lib -L/libcxx_msan/lib /mesa/_build/meson-private/tmppu33s9l7/testfile.c -o /mesa/_build/meson-private/tmppu33s9l7/output.exe -fsanitize=memory -fsanitize-memory-track-origins -fno-omit-frame-pointer -g -D_FILE_OFFSET_BITS=64 -O0 -Werror=implicit-function-declaration -std=c11 -Wl,-rpath,/msan/lib -Wl,-rpath,/libcxx_msan/lib -Wl,--start-group -lc++ -lc++abi -Wl,--end-group` -> 0
#15 23.92 stderr:
#15 23.92 /mesa/_build/meson-private/tmppu33s9l7/testfile.c:10:14: warning: incompatible redeclaration of library function 'strtof' [-Wincompatible-library-redeclaration]
#15 23.92    10 |         char strtof (void);
#15 23.92       |              ^
#15 23.92 /mesa/_build/meson-private/tmppu33s9l7/testfile.c:10:14: note: 'strtof' is a builtin with type 'float (const char *, char **)'
#15 23.92 1 warning generated.
#15 23.92 -----------
#15 23.92 Checking for function "strtof" : YES 
#15 23.92 Running compile:
#15 23.92 Working directory:  /mesa/_build/meson-private/tmppen9c93j
#15 23.92 Code:
#15 23.92 
#15 23.92         #define mkostemp meson_disable_define_of_mkostemp
#15 23.92         
#15 23.92         #include <limits.h>
#15 23.92         #undef mkostemp
#15 23.92         
#15 23.92         #ifdef __cplusplus
#15 23.92         extern "C"
#15 23.92         #endif
#15 23.92         char mkostemp (void);
#15 23.92         
#15 23.92         #if defined __stub_mkostemp || defined __stub___mkostemp
#15 23.92         fail fail fail this function is not going to work
#15 23.92         #endif
#15 23.92         
#15 23.92         int main(void) {
#15 23.92           return mkostemp ();
#15 23.92         }
#15 23.92 -----------
#15 23.92 Command line: `/usr/sbin/clang -L/msan/lib -L/libcxx_msan/lib /mesa/_build/meson-private/tmppen9c93j/testfile.c -o /mesa/_build/meson-private/tmppen9c93j/output.exe -fsanitize=memory -fsanitize-memory-track-origins -fno-omit-frame-pointer -g -D_FILE_OFFSET_BITS=64 -O0 -Werror=implicit-function-declaration -std=c11 -Wl,-rpath,/msan/lib -Wl,-rpath,/libcxx_msan/lib -Wl,--start-group -lc++ -lc++abi -Wl,--end-group` -> 0
#15 23.92 Checking for function "mkostemp" : YES 
#15 23.92 Running compile:
#15 23.92 Working directory:  /mesa/_build/meson-private/tmp1acgpng6
#15 23.92 Code:
#15 23.92 
#15 23.92         #define memfd_create meson_disable_define_of_memfd_create
#15 23.92         
#15 23.92         #include <limits.h>
#15 23.92         #undef memfd_create
#15 23.92         
#15 23.92         #ifdef __cplusplus
#15 23.92         extern "C"
#15 23.92         #endif
#15 23.92         char memfd_create (void);
#15 23.92         
#15 23.92         #if defined __stub_memfd_create || defined __stub___memfd_create
#15 23.92         fail fail fail this function is not going to work
#15 23.92         #endif
#15 23.92         
#15 23.92         int main(void) {
#15 23.92           return memfd_create ();
#15 23.92         }
#15 23.92 -----------
#15 23.92 Command line: `/usr/sbin/clang -L/msan/lib -L/libcxx_msan/lib /mesa/_build/meson-private/tmp1acgpng6/testfile.c -o /mesa/_build/meson-private/tmp1acgpng6/output.exe -fsanitize=memory -fsanitize-memory-track-origins -fno-omit-frame-pointer -g -D_FILE_OFFSET_BITS=64 -O0 -Werror=implicit-function-declaration -std=c11 -Wl,-rpath,/msan/lib -Wl,-rpath,/libcxx_msan/lib -Wl,--start-group -lc++ -lc++abi -Wl,--end-group` -> 0
#15 23.92 Checking for function "memfd_create" : YES 
#15 23.92 Running compile:
#15 23.92 Working directory:  /mesa/_build/meson-private/tmpw8vv8gqv
#15 23.92 Code:
#15 23.92 
#15 23.92         #define random_r meson_disable_define_of_random_r
#15 23.92         
#15 23.92         #include <limits.h>
#15 23.92         #undef random_r
#15 23.92         
#15 23.92         #ifdef __cplusplus
#15 23.92         extern "C"
#15 23.92         #endif
#15 23.92         char random_r (void);
#15 23.92         
#15 23.92         #if defined __stub_random_r || defined __stub___random_r
#15 23.92         fail fail fail this function is not going to work
#15 23.92         #endif
#15 23.92         
#15 23.92         int main(void) {
#15 23.92           return random_r ();
#15 23.92         }
#15 23.92 -----------
#15 23.92 Command line: `/usr/sbin/clang -L/msan/lib -L/libcxx_msan/lib /mesa/_build/meson-private/tmpw8vv8gqv/testfile.c -o /mesa/_build/meson-private/tmpw8vv8gqv/output.exe -fsanitize=memory -fsanitize-memory-track-origins -fno-omit-frame-pointer -g -D_FILE_OFFSET_BITS=64 -O0 -Werror=implicit-function-declaration -std=c11 -Wl,-rpath,/msan/lib -Wl,-rpath,/libcxx_msan/lib -Wl,--start-group -lc++ -lc++abi -Wl,--end-group` -> 0
#15 23.92 Checking for function "random_r" : YES 
#15 23.92 Running compile:
#15 23.92 Working directory:  /mesa/_build/meson-private/tmpckso6jvi
#15 23.92 Code:
#15 23.92 
#15 23.92         #define flock meson_disable_define_of_flock
#15 23.92         
#15 23.92         #include <limits.h>
#15 23.92         #undef flock
#15 23.92         
#15 23.92         #ifdef __cplusplus
#15 23.92         extern "C"
#15 23.92         #endif
#15 23.92         char flock (void);
#15 23.92         
#15 23.92         #if defined __stub_flock || defined __stub___flock
#15 23.92         fail fail fail this function is not going to work
#15 23.92         #endif
#15 23.92         
#15 23.92         int main(void) {
#15 23.92           return flock ();
#15 23.92         }
#15 23.92 -----------
#15 23.92 Command line: `/usr/sbin/clang -L/msan/lib -L/libcxx_msan/lib /mesa/_build/meson-private/tmpckso6jvi/testfile.c -o /mesa/_build/meson-private/tmpckso6jvi/output.exe -fsanitize=memory -fsanitize-memory-track-origins -fno-omit-frame-pointer -g -D_FILE_OFFSET_BITS=64 -O0 -Werror=implicit-function-declaration -std=c11 -Wl,-rpath,/msan/lib -Wl,-rpath,/libcxx_msan/lib -Wl,--start-group -lc++ -lc++abi -Wl,--end-group` -> 0
#15 23.92 Checking for function "flock" : YES 
#15 23.92 Running compile:
#15 23.92 Working directory:  /mesa/_build/meson-private/tmp50kwvf6s
#15 23.92 Code:
#15 23.92 
#15 23.92         #define strtok_r meson_disable_define_of_strtok_r
#15 23.92         
#15 23.92         #include <limits.h>
#15 23.92         #undef strtok_r
#15 23.92         
#15 23.92         #ifdef __cplusplus
#15 23.92         extern "C"
#15 23.92         #endif
#15 23.92         char strtok_r (void);
#15 23.92         
#15 23.92         #if defined __stub_strtok_r || defined __stub___strtok_r
#15 23.92         fail fail fail this function is not going to work
#15 23.92         #endif
#15 23.92         
#15 23.92         int main(void) {
#15 23.92           return strtok_r ();
#15 23.92         }
#15 23.92 -----------
#15 23.92 Command line: `/usr/sbin/clang -L/msan/lib -L/libcxx_msan/lib /mesa/_build/meson-private/tmp50kwvf6s/testfile.c -o /mesa/_build/meson-private/tmp50kwvf6s/output.exe -fsanitize=memory -fsanitize-memory-track-origins -fno-omit-frame-pointer -g -D_FILE_OFFSET_BITS=64 -O0 -Werror=implicit-function-declaration -std=c11 -Wl,-rpath,/msan/lib -Wl,-rpath,/libcxx_msan/lib -Wl,--start-group -lc++ -lc++abi -Wl,--end-group` -> 0
#15 23.92 Checking for function "strtok_r" : YES 
#15 23.92 Running compile:
#15 23.92 Working directory:  /mesa/_build/meson-private/tmpg5gshsto
#15 23.92 Code:
#15 23.92 
#15 23.92         #define getrandom meson_disable_define_of_getrandom
#15 23.92         
#15 23.92         #include <limits.h>
#15 23.92         #undef getrandom
#15 23.92         
#15 23.92         #ifdef __cplusplus
#15 23.92         extern "C"
#15 23.92         #endif
#15 23.92         char getrandom (void);
#15 23.92         
#15 23.92         #if defined __stub_getrandom || defined __stub___getrandom
#15 23.92         fail fail fail this function is not going to work
#15 23.92         #endif
#15 23.92         
#15 23.92         int main(void) {
#15 23.92           return getrandom ();
#15 23.92         }
#15 23.92 -----------
#15 23.92 Command line: `/usr/sbin/clang -L/msan/lib -L/libcxx_msan/lib /mesa/_build/meson-private/tmpg5gshsto/testfile.c -o /mesa/_build/meson-private/tmpg5gshsto/output.exe -fsanitize=memory -fsanitize-memory-track-origins -fno-omit-frame-pointer -g -D_FILE_OFFSET_BITS=64 -O0 -Werror=implicit-function-declaration -std=c11 -Wl,-rpath,/msan/lib -Wl,-rpath,/libcxx_msan/lib -Wl,--start-group -lc++ -lc++abi -Wl,--end-group` -> 0
#15 23.92 Checking for function "getrandom" : YES 
#15 23.92 Running compile:
#15 23.92 Working directory:  /mesa/_build/meson-private/tmpzyc8new2
#15 23.92 Code:
#15 23.92 
#15 23.92         #define qsort_s meson_disable_define_of_qsort_s
#15 23.92         
#15 23.92         #include <limits.h>
#15 23.92         #undef qsort_s
#15 23.92         
#15 23.92         #ifdef __cplusplus
#15 23.92         extern "C"
#15 23.92         #endif
#15 23.92         char qsort_s (void);
#15 23.92         
#15 23.92         #if defined __stub_qsort_s || defined __stub___qsort_s
#15 23.92         fail fail fail this function is not going to work
#15 23.92         #endif
#15 23.92         
#15 23.92         int main(void) {
#15 23.92           return qsort_s ();
#15 23.92         }
#15 23.92 -----------
#15 23.92 Command line: `/usr/sbin/clang -L/msan/lib -L/libcxx_msan/lib /mesa/_build/meson-private/tmpzyc8new2/testfile.c -o /mesa/_build/meson-private/tmpzyc8new2/output.exe -fsanitize=memory -fsanitize-memory-track-origins -fno-omit-frame-pointer -g -D_FILE_OFFSET_BITS=64 -O0 -Werror=implicit-function-declaration -std=c11 -Wl,-rpath,/msan/lib -Wl,-rpath,/libcxx_msan/lib -Wl,--start-group -lc++ -lc++abi -Wl,--end-group` -> 1
#15 23.92 stderr:
#15 23.92 /usr/bin/ld: /tmp/testfile-009a38.o: in function `main':
#15 23.92 /mesa/_build/meson-private/tmpzyc8new2/testfile.c:17:(.text+0x5d): undefined reference to `qsort_s'
#15 23.92 clang: error: linker command failed with exit code 1 (use -v to see invocation)
#15 23.92 -----------
#15 23.92 Running compile:
#15 23.92 Working directory:  /mesa/_build/meson-private/tmpby3rvnrs
#15 23.92 Code:
#15 23.92 
#15 23.92         int main(void) {
#15 23.92 
#15 23.92         /* With some toolchains (MSYS2/mingw for example) the compiler
#15 23.92          * provides various builtins which are not really implemented and
#15 23.92          * fall back to the stdlib where they aren't provided and fail at
#15 23.92          * build/link time. In case the user provides a header, including
#15 23.92          * the header didn't lead to the function being defined, and the
#15 23.92          * function we are checking isn't a builtin itself we assume the
#15 23.92          * builtin is not functional and we just error out. */
#15 23.92         #if !1 && !defined(qsort_s) && !0
#15 23.92             #error "No definition for __builtin_qsort_s found in the prefix"
#15 23.92         #endif
#15 23.92 
#15 23.92         #ifdef __has_builtin
#15 23.92             #if !__has_builtin(__builtin_qsort_s)
#15 23.92                 #error "__builtin_qsort_s not found"
#15 23.92             #endif
#15 23.92         #elif ! defined(qsort_s)
#15 23.92             __builtin_qsort_s;
#15 23.92         #endif
#15 23.92         return 0;
#15 23.92         }
#15 23.92 -----------
#15 23.92 Command line: `/usr/sbin/clang -L/msan/lib -L/libcxx_msan/lib /mesa/_build/meson-private/tmpby3rvnrs/testfile.c -o /mesa/_build/meson-private/tmpby3rvnrs/output.exe -fsanitize=memory -fsanitize-memory-track-origins -fno-omit-frame-pointer -g -D_FILE_OFFSET_BITS=64 -O0 -Werror=implicit-function-declaration -std=c11 -Wl,-rpath,/msan/lib -Wl,-rpath,/libcxx_msan/lib -Wl,--start-group -lc++ -lc++abi -Wl,--end-group` -> 1
#15 23.92 stderr:
#15 23.92 /mesa/_build/meson-private/tmpby3rvnrs/testfile.c:17:18: error: "__builtin_qsort_s not found"
#15 23.92    17 |                 #error "__builtin_qsort_s not found"
#15 23.92       |                  ^
#15 23.92 1 error generated.
#15 23.92 -----------
#15 23.92 Checking for function "qsort_s" : NO 
#15 23.92 Running compile:
#15 23.92 Working directory:  /mesa/_build/meson-private/tmp3ycjrgrg
#15 23.92 Code:
#15 23.92 
#15 23.92         #define posix_fallocate meson_disable_define_of_posix_fallocate
#15 23.92         
#15 23.92         #include <limits.h>
#15 23.92         #undef posix_fallocate
#15 23.92         
#15 23.92         #ifdef __cplusplus
#15 23.92         extern "C"
#15 23.92         #endif
#15 23.92         char posix_fallocate (void);
#15 23.92         
#15 23.92         #if defined __stub_posix_fallocate || defined __stub___posix_fallocate
#15 23.92         fail fail fail this function is not going to work
#15 23.92         #endif
#15 23.92         
#15 23.92         int main(void) {
#15 23.92           return posix_fallocate ();
#15 23.92         }
#15 23.92 -----------
#15 23.92 Command line: `/usr/sbin/clang -L/msan/lib -L/libcxx_msan/lib /mesa/_build/meson-private/tmp3ycjrgrg/testfile.c -o /mesa/_build/meson-private/tmp3ycjrgrg/output.exe -fsanitize=memory -fsanitize-memory-track-origins -fno-omit-frame-pointer -g -D_FILE_OFFSET_BITS=64 -O0 -Werror=implicit-function-declaration -std=c11 -Wl,-rpath,/msan/lib -Wl,-rpath,/libcxx_msan/lib -Wl,--start-group -lc++ -lc++abi -Wl,--end-group` -> 0
#15 23.92 Checking for function "posix_fallocate" : YES 
#15 23.92 Running compile:
#15 23.92 Working directory:  /mesa/_build/meson-private/tmpd322knju
#15 23.92 Code:
#15 23.92 
#15 23.92         #define secure_getenv meson_disable_define_of_secure_getenv
#15 23.92         
#15 23.92         #include <limits.h>
#15 23.92         #undef secure_getenv
#15 23.92         
#15 23.92         #ifdef __cplusplus
#15 23.92         extern "C"
#15 23.92         #endif
#15 23.92         char secure_getenv (void);
#15 23.92         
#15 23.92         #if defined __stub_secure_getenv || defined __stub___secure_getenv
#15 23.92         fail fail fail this function is not going to work
#15 23.92         #endif
#15 23.92         
#15 23.92         int main(void) {
#15 23.92           return secure_getenv ();
#15 23.92         }
#15 23.92 -----------
#15 23.92 Command line: `/usr/sbin/clang -L/msan/lib -L/libcxx_msan/lib /mesa/_build/meson-private/tmpd322knju/testfile.c -o /mesa/_build/meson-private/tmpd322knju/output.exe -fsanitize=memory -fsanitize-memory-track-origins -fno-omit-frame-pointer -g -D_FILE_OFFSET_BITS=64 -O0 -Werror=implicit-function-declaration -std=c11 -Wl,-rpath,/msan/lib -Wl,-rpath,/libcxx_msan/lib -Wl,--start-group -lc++ -lc++abi -Wl,--end-group` -> 0
#15 23.92 Checking for function "secure_getenv" : YES 
#15 23.92 Running compile:
#15 23.92 Working directory:  /tmp/tmp7drilpzr
#15 23.92 Code:
#15 23.92 int i = static_cast<int>(0);
#15 23.92 -----------
#15 23.92 Command line: `/usr/sbin/clang++ /tmp/tmp7drilpzr/testfile.cpp -o /tmp/tmp7drilpzr/output.obj -D_FILE_OFFSET_BITS=64 -c -std=c++17` -> 0
#15 23.92 Compiler accepts -std=c++17: YES
#15 23.92 Running compile:
#15 23.92 Working directory:  /mesa/_build/meson-private/tmphsngkbne
#15 23.92 Code:
#15 23.92 
#15 23.92     #define _GNU_SOURCE
#15 23.92     #include <stdlib.h>
#15 23.92 
#15 23.92     static int dcomp(const void *l, const void *r, void *t) { return 0; }
#15 23.92 
#15 23.92     int main(int ac, char **av) {
#15 23.92       int arr[] = { 1 };
#15 23.92       void *t = NULL;
#15 23.92       qsort_r((void*)&arr[0], 1, 1, dcomp, t);
#15 23.92       return (0);
#15 23.92     }
#15 23.92 -----------
#15 23.92 Command line: `/usr/sbin/clang++ -L/msan/lib -L/libcxx_msan/lib /mesa/_build/meson-private/tmphsngkbne/testfile.cpp -o /mesa/_build/meson-private/tmphsngkbne/output.exe -fsanitize=memory -fsanitize-memory-track-origins -fno-omit-frame-pointer -g -std=c++23 -nostdinc++ -isystem /libcxx_msan/include/c++/v1/ -D_FILE_OFFSET_BITS=64 -O0 -fpermissive -Werror=implicit-function-declaration -std=c++17 -D__STDC_CONSTANT_MACROS -D__STDC_FORMAT_MACROS -D__STDC_LIMIT_MACROS '-DPACKAGE_VERSION="25.2.4"' '-DPACKAGE_BUGREPORT="https://gitlab.freedesktop.org/mesa/mesa/-/issues"' -DHAVE_OPENGL=1 -DHAVE_OPENGL_ES_1=0 -DHAVE_OPENGL_ES_2=1 -DHAVE_R300 -DHAVE_R600 -DHAVE_RADEONSI -DHAVE_NOUVEAU -DHAVE_VIRGL -DHAVE_SVGA -DHAVE_SOFTPIPE -DHAVE_LLVMPIPE -DHAVE_I915 -DHAVE_IRIS -DHAVE_CROCUS -DHAVE_ZINK -DHAVE_SWRAST -DHAVE_NVK -DVIDEO_CODEC_VC1DEC=1 -DVIDEO_CODEC_H264DEC=1 -DVIDEO_CODEC_H264ENC=1 -DVIDEO_CODEC_H265DEC=1 -DVIDEO_CODEC_H265ENC=1 -DVIDEO_CODEC_AV1DEC=1 -DVIDEO_CODEC_AV1ENC=1 -DVIDEO_CODEC_VP9DEC=1 -DHAVE_X11_PLATFORM -DHAVE_WAYLAND_PLATFORM -DHAVE_SURFACELESS_PLATFORM -DHAVE_DRM_PLATFORM -DHAVE_XCB_PLATFORM -DUSE_LIBGLVND=1 -DHAVE_VA_SURFACE_ATTRIB_DRM_FORMAT_MODIFIERS -DGLX_INDIRECT_RENDERING -DGLX_DIRECT_RENDERING -DGLX_USE_DRM -DGLAPI_EXPORT_PROTO_ENTRY_POINTS=0 -DALLOW_KCMP -DMESA_DEBUG=0 -DENABLE_SHADER_CACHE -DHAVE___BUILTIN_BSWAP32 -DHAVE___BUILTIN_BSWAP64 -DHAVE___BUILTIN_CLZ -DHAVE___BUILTIN_CLZLL -DHAVE___BUILTIN_CTZ -DHAVE___BUILTIN_EXPECT -DHAVE___BUILTIN_FFS -DHAVE___BUILTIN_FFSLL -DHAVE___BUILTIN_POPCOUNT -DHAVE___BUILTIN_POPCOUNTLL -DHAVE___BUILTIN_UNREACHABLE -DHAVE___BUILTIN_TYPES_COMPATIBLE_P -DHAVE_FUNC_ATTRIBUTE_CONST -DHAVE_FUNC_ATTRIBUTE_FLATTEN -DHAVE_FUNC_ATTRIBUTE_MALLOC -DHAVE_FUNC_ATTRIBUTE_PURE -DHAVE_FUNC_ATTRIBUTE_UNUSED -DHAVE_FUNC_ATTRIBUTE_WARN_UNUSED_RESULT -DHAVE_FUNC_ATTRIBUTE_WEAK -DHAVE_FUNC_ATTRIBUTE_FORMAT -DHAVE_FUNC_ATTRIBUTE_PACKED -DHAVE_FUNC_ATTRIBUTE_RETURNS_NONNULL -DHAVE_FUNC_ATTRIBUTE_ALIAS -DHAVE_FUNC_ATTRIBUTE_NORETURN -DHAVE_FUNC_ATTRIBUTE_VISIBILITY -DHAVE_UINT128 -DHAVE_REALLOCARRAY -DHAVE_FMEMOPEN -D_GNU_SOURCE -DUSE_SSE41 -DHAVE___BUILTIN_IA32_CLFLUSHOPT -DUSE_GCC_ATOMIC_BUILTINS -DUSE_X86_64_ASM -DMAJOR_IN_SYSMACROS -DHAS_SCHED_H -DHAS_SCHED_GETAFFINITY -DHAVE_LINUX_FUTEX_H -DHAVE_ENDIAN_H -DHAVE_DLFCN_H -DHAVE_SYS_SHM_H -DHAVE_CET_H -DHAVE_SYS_INOTIFY_H -DHAVE_LINUX_UDMABUF_H -DHAVE_STRTOF -DHAVE_MKOSTEMP -DHAVE_MEMFD_CREATE -DHAVE_RANDOM_R -DHAVE_FLOCK -DHAVE_STRTOK_R -DHAVE_GETRANDOM -DHAVE_POSIX_FALLOCATE -DHAVE_SECURE_GETENV -Wl,-rpath,/msan/lib -Wl,-rpath,/libcxx_msan/lib -Wl,--start-group -lc++ -lc++abi -Wl,--end-group` -> 0
#15 23.92 stderr:
#15 23.92 /mesa/_build/meson-private/tmphsngkbne/testfile.cpp:2:13: warning: '_GNU_SOURCE' macro redefined [-Wmacro-redefined]
#15 23.92     2 |     #define _GNU_SOURCE
#15 23.92       |             ^
#15 23.92 <command line>:74:9: note: previous definition is here
#15 23.92    74 | #define _GNU_SOURCE 1
#15 23.92       |         ^
#15 23.92 1 warning generated.
#15 23.92 -----------
#15 23.92 Checking if "GNU qsort_r" links: YES 
#15 23.92 Running compile:
#15 23.92 Working directory:  /mesa/_build/meson-private/tmpi0ool7kn
#15 23.92 Code:
#15 23.92 
#15 23.92         #include <time.h>
#15 23.92         int main(void) {
#15 23.92             /* If it's not defined as a macro, try to use as a symbol */
#15 23.92             #ifndef struct timespec
#15 23.92                 struct timespec;
#15 23.92             #endif
#15 23.92             return 0;
#15 23.92         }
#15 23.92 -----------
#15 23.92 Command line: `/usr/sbin/clang /mesa/_build/meson-private/tmpi0ool7kn/testfile.c -o /mesa/_build/meson-private/tmpi0ool7kn/output.obj -c -fsanitize=memory -fsanitize-memory-track-origins -fno-omit-frame-pointer -g -D_FILE_OFFSET_BITS=64 -O0 -Werror=implicit-function-declaration -Werror=unknown-warning-option -Werror=unused-command-line-argument -Werror=ignored-optimization-argument -std=c11` -> 0
#15 23.92 stderr:
#15 23.92 /mesa/_build/meson-private/tmpi0ool7kn/testfile.c:5:28: warning: extra tokens at end of #ifndef directive [-Wextra-tokens]
#15 23.92     5 |             #ifndef struct timespec
#15 23.92       |                            ^
#15 23.92       |                            //
#15 23.92 1 warning generated.
#15 23.92 -----------
#15 23.92 Header "time.h" has symbol "struct timespec" : YES 
#15 23.92 Running compile:
#15 23.92 Working directory:  /mesa/_build/meson-private/tmp45d55ch7
#15 23.92 Code:
#15 23.92 #include <threads.h>
#15 23.92 #include <limits.h>
#15 23.92 
#15 23.92         #if defined __stub_thrd_create || defined __stub___thrd_create
#15 23.92         fail fail fail this function is not going to work
#15 23.92         #endif
#15 23.92         
#15 23.92 int main(void) {
#15 23.92             void *a = (void*) &thrd_create;
#15 23.92             long long b = (long long) a;
#15 23.92             return (int) b;
#15 23.92         }
#15 23.92 -----------
#15 23.92 Command line: `/usr/sbin/clang -L/msan/lib -L/libcxx_msan/lib /mesa/_build/meson-private/tmp45d55ch7/testfile.c -o /mesa/_build/meson-private/tmp45d55ch7/output.exe -fsanitize=memory -fsanitize-memory-track-origins -fno-omit-frame-pointer -g -D_FILE_OFFSET_BITS=64 -O0 -Werror=implicit-function-declaration -std=c11 -Wl,-rpath,/msan/lib -Wl,-rpath,/libcxx_msan/lib -Wl,--start-group -lc++ -lc++abi -Wl,--end-group` -> 0
#15 23.92 Checking for function "thrd_create" : YES 
#15 23.92 Running compile:
#15 23.92 Working directory:  /mesa/_build/meson-private/tmpk397398d
#15 23.92 Code:
#15 23.92 
#15 23.92         #include <errno.h>
#15 23.92         int main(void) {
#15 23.92             /* If it's not defined as a macro, try to use as a symbol */
#15 23.92             #ifndef program_invocation_name
#15 23.92                 program_invocation_name;
#15 23.92             #endif
#15 23.92             return 0;
#15 23.92         }
#15 23.92 -----------
#15 23.92 Command line: `/usr/sbin/clang /mesa/_build/meson-private/tmpk397398d/testfile.c -o /mesa/_build/meson-private/tmpk397398d/output.obj -c -fsanitize=memory -fsanitize-memory-track-origins -fno-omit-frame-pointer -g -D_FILE_OFFSET_BITS=64 -O0 -Werror=implicit-function-declaration -Werror=unknown-warning-option -Werror=unused-command-line-argument -Werror=ignored-optimization-argument -std=c11 -D_GNU_SOURCE` -> 0
#15 23.92 stderr:
#15 23.92 /mesa/_build/meson-private/tmpk397398d/testfile.c:6:17: warning: expression result unused [-Wunused-value]
#15 23.92     6 |                 program_invocation_name;
#15 23.92       |                 ^~~~~~~~~~~~~~~~~~~~~~~
#15 23.92 1 warning generated.
#15 23.92 -----------
#15 23.92 Header "errno.h" has symbol "program_invocation_name" : YES 
#15 23.92 Running compile:
#15 23.92 Working directory:  /mesa/_build/meson-private/tmp1i6zxjkl
#15 23.92 Code:
#15 23.92 
#15 23.92         #include <math.h>
#15 23.92         int main(void) {
#15 23.92             /* If it's not defined as a macro, try to use as a symbol */
#15 23.92             #ifndef issignaling
#15 23.92                 issignaling;
#15 23.92             #endif
#15 23.92             return 0;
#15 23.92         }
#15 23.92 -----------
#15 23.92 Command line: `/usr/sbin/clang /mesa/_build/meson-private/tmp1i6zxjkl/testfile.c -o /mesa/_build/meson-private/tmp1i6zxjkl/output.obj -c -fsanitize=memory -fsanitize-memory-track-origins -fno-omit-frame-pointer -g -D_FILE_OFFSET_BITS=64 -O0 -Werror=implicit-function-declaration -Werror=unknown-warning-option -Werror=unused-command-line-argument -Werror=ignored-optimization-argument -std=c11 -D_GNU_SOURCE` -> 0
#15 23.92 Header "math.h" has symbol "issignaling" : YES 
#15 23.92 Running compile:
#15 23.92 Working directory:  /mesa/_build/meson-private/tmpsmpbck3y
#15 23.92 Code:
#15 23.92 
#15 23.92         #define posix_memalign meson_disable_define_of_posix_memalign
#15 23.92         
#15 23.92         #include <limits.h>
#15 23.92         #undef posix_memalign
#15 23.92         
#15 23.92         #ifdef __cplusplus
#15 23.92         extern "C"
#15 23.92         #endif
#15 23.92         char posix_memalign (void);
#15 23.92         
#15 23.92         #if defined __stub_posix_memalign || defined __stub___posix_memalign
#15 23.92         fail fail fail this function is not going to work
#15 23.92         #endif
#15 23.92         
#15 23.92         int main(void) {
#15 23.92           return posix_memalign ();
#15 23.92         }
#15 23.92 -----------
#15 23.92 Command line: `/usr/sbin/clang -L/msan/lib -L/libcxx_msan/lib /mesa/_build/meson-private/tmpsmpbck3y/testfile.c -o /mesa/_build/meson-private/tmpsmpbck3y/output.exe -fsanitize=memory -fsanitize-memory-track-origins -fno-omit-frame-pointer -g -D_FILE_OFFSET_BITS=64 -O0 -Werror=implicit-function-declaration -std=c11 -Wl,-rpath,/msan/lib -Wl,-rpath,/libcxx_msan/lib -Wl,--start-group -lc++ -lc++abi -Wl,--end-group` -> 0
#15 23.92 Checking for function "posix_memalign" : YES 
#15 23.92 Running compile:
#15 23.92 Working directory:  /mesa/_build/meson-private/tmp7be112et
#15 23.92 Code:
#15 23.92 #include <sys/types.h>
#15 23.92    #include <dirent.h>
#15 23.92         void bar(void) {
#15 23.92             struct dirent foo;
#15 23.92             (void) ( foo.d_type );
#15 23.92 
#15 23.92             (void) foo;
#15 23.92         }
#15 23.92 -----------
#15 23.92 Command line: `/usr/sbin/clang /mesa/_build/meson-private/tmp7be112et/testfile.c -o /mesa/_build/meson-private/tmp7be112et/output.obj -c -fsanitize=memory -fsanitize-memory-track-origins -fno-omit-frame-pointer -g -D_FILE_OFFSET_BITS=64 -O0 -Werror=implicit-function-declaration -Werror=unknown-warning-option -Werror=unused-command-line-argument -Werror=ignored-optimization-argument -std=c11` -> 0
#15 23.92 Checking whether type "struct dirent" has member "d_type" : YES 
#15 23.92 Running compile:
#15 23.92 Working directory:  /mesa/_build/meson-private/tmp26f8hxwg
#15 23.92 Code:
#15 23.92 
#15 23.92     #define _GNU_SOURCE
#15 23.92     #include <stdlib.h>
#15 23.92     #include <locale.h>
#15 23.92     #ifdef HAVE_XLOCALE_H
#15 23.92     #include <xlocale.h>
#15 23.92     #endif
#15 23.92     int main() {
#15 23.92       locale_t loc = newlocale(LC_CTYPE_MASK, "C", NULL);
#15 23.92       const char *s = "1.0";
#15 23.92       char *end;
#15 23.92       double d = strtod_l(s, &end, loc);
#15 23.92       float f = strtof_l(s, &end, loc);
#15 23.92       freelocale(loc);
#15 23.92       return 0;
#15 23.92     }
#15 23.92 -----------
#15 23.92 Command line: `/usr/sbin/clang -L/msan/lib -L/libcxx_msan/lib /mesa/_build/meson-private/tmp26f8hxwg/testfile.c -o /mesa/_build/meson-private/tmp26f8hxwg/output.exe -fsanitize=memory -fsanitize-memory-track-origins -fno-omit-frame-pointer -g -D_FILE_OFFSET_BITS=64 -O0 -Werror=implicit-function-declaration -std=c11 -D__STDC_CONSTANT_MACROS -D__STDC_FORMAT_MACROS -D__STDC_LIMIT_MACROS '-DPACKAGE_VERSION="25.2.4"' '-DPACKAGE_BUGREPORT="https://gitlab.freedesktop.org/mesa/mesa/-/issues"' -DHAVE_OPENGL=1 -DHAVE_OPENGL_ES_1=0 -DHAVE_OPENGL_ES_2=1 -DHAVE_R300 -DHAVE_R600 -DHAVE_RADEONSI -DHAVE_NOUVEAU -DHAVE_VIRGL -DHAVE_SVGA -DHAVE_SOFTPIPE -DHAVE_LLVMPIPE -DHAVE_I915 -DHAVE_IRIS -DHAVE_CROCUS -DHAVE_ZINK -DHAVE_SWRAST -DHAVE_NVK -DVIDEO_CODEC_VC1DEC=1 -DVIDEO_CODEC_H264DEC=1 -DVIDEO_CODEC_H264ENC=1 -DVIDEO_CODEC_H265DEC=1 -DVIDEO_CODEC_H265ENC=1 -DVIDEO_CODEC_AV1DEC=1 -DVIDEO_CODEC_AV1ENC=1 -DVIDEO_CODEC_VP9DEC=1 -DHAVE_X11_PLATFORM -DHAVE_WAYLAND_PLATFORM -DHAVE_SURFACELESS_PLATFORM -DHAVE_DRM_PLATFORM -DHAVE_XCB_PLATFORM -DUSE_LIBGLVND=1 -DHAVE_VA_SURFACE_ATTRIB_DRM_FORMAT_MODIFIERS -DGLX_INDIRECT_RENDERING -DGLX_DIRECT_RENDERING -DGLX_USE_DRM -DGLAPI_EXPORT_PROTO_ENTRY_POINTS=0 -DALLOW_KCMP -DMESA_DEBUG=0 -DENABLE_SHADER_CACHE -DHAVE___BUILTIN_BSWAP32 -DHAVE___BUILTIN_BSWAP64 -DHAVE___BUILTIN_CLZ -DHAVE___BUILTIN_CLZLL -DHAVE___BUILTIN_CTZ -DHAVE___BUILTIN_EXPECT -DHAVE___BUILTIN_FFS -DHAVE___BUILTIN_FFSLL -DHAVE___BUILTIN_POPCOUNT -DHAVE___BUILTIN_POPCOUNTLL -DHAVE___BUILTIN_UNREACHABLE -DHAVE___BUILTIN_TYPES_COMPATIBLE_P -DHAVE_FUNC_ATTRIBUTE_CONST -DHAVE_FUNC_ATTRIBUTE_FLATTEN -DHAVE_FUNC_ATTRIBUTE_MALLOC -DHAVE_FUNC_ATTRIBUTE_PURE -DHAVE_FUNC_ATTRIBUTE_UNUSED -DHAVE_FUNC_ATTRIBUTE_WARN_UNUSED_RESULT -DHAVE_FUNC_ATTRIBUTE_WEAK -DHAVE_FUNC_ATTRIBUTE_FORMAT -DHAVE_FUNC_ATTRIBUTE_PACKED -DHAVE_FUNC_ATTRIBUTE_RETURNS_NONNULL -DHAVE_FUNC_ATTRIBUTE_ALIAS -DHAVE_FUNC_ATTRIBUTE_NORETURN -DHAVE_FUNC_ATTRIBUTE_VISIBILITY -DHAVE_UINT128 -DHAVE_REALLOCARRAY -DHAVE_FMEMOPEN -D_GNU_SOURCE -DUSE_SSE41 -DHAVE___BUILTIN_IA32_CLFLUSHOPT -DUSE_GCC_ATOMIC_BUILTINS -DUSE_X86_64_ASM -DMAJOR_IN_SYSMACROS -DHAS_SCHED_H -DHAS_SCHED_GETAFFINITY -DHAVE_LINUX_FUTEX_H -DHAVE_ENDIAN_H -DHAVE_DLFCN_H -DHAVE_SYS_SHM_H -DHAVE_CET_H -DHAVE_SYS_INOTIFY_H -DHAVE_LINUX_UDMABUF_H -DHAVE_STRTOF -DHAVE_MKOSTEMP -DHAVE_MEMFD_CREATE -DHAVE_RANDOM_R -DHAVE_FLOCK -DHAVE_STRTOK_R -DHAVE_GETRANDOM -DHAVE_POSIX_FALLOCATE -DHAVE_SECURE_GETENV -DHAVE_GNU_QSORT_R -DHAVE_STRUCT_TIMESPEC -DHAVE_PROGRAM_INVOCATION_NAME -DHAVE_ISSIGNALING -DHAVE_POSIX_MEMALIGN -DHAVE_DIRENT_D_TYPE -Wl,-rpath,/msan/lib -Wl,-rpath,/libcxx_msan/lib -Wl,--start-group -lc++ -lc++abi -Wl,--end-group` -> 0
#15 23.92 stderr:
#15 23.92 /mesa/_build/meson-private/tmp26f8hxwg/testfile.c:2:13: warning: '_GNU_SOURCE' macro redefined [-Wmacro-redefined]
#15 23.92     2 |     #define _GNU_SOURCE
#15 23.92       |             ^
#15 23.92 <command line>:74:9: note: previous definition is here
#15 23.92    74 | #define _GNU_SOURCE 1
#15 23.92       |         ^
#15 23.92 1 warning generated.
#15 23.92 -----------
#15 23.92 Checking if "strtod has locale support" links: YES 
#15 23.92 Running compile:
#15 23.92 Working directory:  /mesa/_build/meson-private/tmpio4ncvkj
#15 23.92 Code:
#15 23.92 int main() { return 0; }
#15 23.92 -----------
#15 23.92 Command line: `/usr/sbin/clang -L/msan/lib -L/libcxx_msan/lib /mesa/_build/meson-private/tmpio4ncvkj/testfile.c -o /mesa/_build/meson-private/tmpio4ncvkj/output.exe -fsanitize=memory -fsanitize-memory-track-origins -fno-omit-frame-pointer -g -D_FILE_OFFSET_BITS=64 -O0 -Werror=implicit-function-declaration -std=c11 -Wl,-Bsymbolic -Wl,-rpath,/msan/lib -Wl,-rpath,/libcxx_msan/lib -Wl,--start-group -lc++ -lc++abi -Wl,--end-group` -> 0
#15 23.92 Checking if "Bsymbolic" links: YES 
#15 23.92 Running compile:
#15 23.92 Working directory:  /mesa/_build/meson-private/tmp61pwm3nr
#15 23.92 Code:
#15 23.92 int main() { return 0; }
#15 23.92 -----------
#15 23.92 Command line: `/usr/sbin/clang -L/msan/lib -L/libcxx_msan/lib /mesa/_build/meson-private/tmp61pwm3nr/testfile.c -o /mesa/_build/meson-private/tmp61pwm3nr/output.exe -fsanitize=memory -fsanitize-memory-track-origins -fno-omit-frame-pointer -g -D_FILE_OFFSET_BITS=64 -O0 -Werror=implicit-function-declaration -std=c11 -Wl,--version-script=/mesa/build-support/conftest.map -Wl,-rpath,/msan/lib -Wl,-rpath,/libcxx_msan/lib -Wl,--start-group -lc++ -lc++abi -Wl,--end-group` -> 1
#15 23.92 stderr:
#15 23.92 /usr/bin/ld: /mesa/_build/meson-private/tmp61pwm3nr/output.exe: local symbol `__msan_memset' in /usr/lib/clang/20/lib/linux/libclang_rt.msan-x86_64.a(msan_interceptors.cpp.o) is referenced by DSO
#15 23.92 /usr/bin/ld: final link failed: bad value
#15 23.92 clang: error: linker command failed with exit code 1 (use -v to see invocation)
#15 23.92 -----------
#15 23.92 Checking if "version-script" links: NO 
#15 23.92 Running compile:
#15 23.92 Working directory:  /mesa/_build/meson-private/tmp69pyymrt
#15 23.92 Code:
#15 23.92 int main() { return 0; }
#15 23.92 -----------
#15 23.92 Command line: `/usr/sbin/clang -L/msan/lib -L/libcxx_msan/lib /mesa/_build/meson-private/tmp69pyymrt/testfile.c -o /mesa/_build/meson-private/tmp69pyymrt/output.exe -fsanitize=memory -fsanitize-memory-track-origins -fno-omit-frame-pointer -g -D_FILE_OFFSET_BITS=64 -O0 -Werror=implicit-function-declaration -std=c11 -Wl,--dynamic-list=/mesa/build-support/conftest.dyn -Wl,-rpath,/msan/lib -Wl,-rpath,/libcxx_msan/lib -Wl,--start-group -lc++ -lc++abi -Wl,--end-group` -> 0
#15 23.92 Checking if "dynamic-list" links: YES 
#15 23.92 Running compile:
#15 23.92 Working directory:  /mesa/_build/meson-private/tmpf6z3zq4e
#15 23.92 Code:
#15 23.92 int main(void) { return 0; }
#15 23.92 
#15 23.92 -----------
#15 23.92 Command line: `/usr/sbin/clang -L/msan/lib -L/libcxx_msan/lib /mesa/_build/meson-private/tmpf6z3zq4e/testfile.c -o /mesa/_build/meson-private/tmpf6z3zq4e/output.exe -fsanitize=memory -fsanitize-memory-track-origins -fno-omit-frame-pointer -g -D_FILE_OFFSET_BITS=64 -O0 -Werror=implicit-function-declaration -Wl,--fatal-warnings -Wl,--build-id=sha1 -Wl,-rpath,/msan/lib -Wl,-rpath,/libcxx_msan/lib -Wl,--start-group -lc++ -lc++abi -Wl,--end-group` -> 0
#15 23.92 Compiler for C supports link arguments -Wl,--build-id=sha1: YES 
#15 23.92 Running compile:
#15 23.92 Working directory:  /mesa/_build/meson-private/tmp2vvap_8b
#15 23.92 Code:
#15 23.92 
#15 23.92         #define dlopen meson_disable_define_of_dlopen
#15 23.92         
#15 23.92         #include <limits.h>
#15 23.92         #undef dlopen
#15 23.92         
#15 23.92         #ifdef __cplusplus
#15 23.92         extern "C"
#15 23.92         #endif
#15 23.92         char dlopen (void);
#15 23.92         
#15 23.92         #if defined __stub_dlopen || defined __stub___dlopen
#15 23.92         fail fail fail this function is not going to work
#15 23.92         #endif
#15 23.92         
#15 23.92         int main(void) {
#15 23.92           return dlopen ();
#15 23.92         }
#15 23.92 -----------
#15 23.92 Command line: `/usr/sbin/clang -L/msan/lib -L/libcxx_msan/lib /mesa/_build/meson-private/tmp2vvap_8b/testfile.c -o /mesa/_build/meson-private/tmp2vvap_8b/output.exe -fsanitize=memory -fsanitize-memory-track-origins -fno-omit-frame-pointer -g -D_FILE_OFFSET_BITS=64 -O0 -Werror=implicit-function-declaration -std=c11 -Wl,-rpath,/msan/lib -Wl,-rpath,/libcxx_msan/lib -Wl,--start-group -lc++ -lc++abi -Wl,--end-group` -> 0
#15 23.92 Checking for function "dlopen" : YES 
#15 23.92 Running compile:
#15 23.92 Working directory:  /mesa/_build/meson-private/tmpjdj46f8m
#15 23.92 Code:
#15 23.92 
#15 23.92         #define dladdr meson_disable_define_of_dladdr
#15 23.92         
#15 23.92         #include <limits.h>
#15 23.92         #undef dladdr
#15 23.92         
#15 23.92         #ifdef __cplusplus
#15 23.92         extern "C"
#15 23.92         #endif
#15 23.92         char dladdr (void);
#15 23.92         
#15 23.92         #if defined __stub_dladdr || defined __stub___dladdr
#15 23.92         fail fail fail this function is not going to work
#15 23.92         #endif
#15 23.92         
#15 23.92         int main(void) {
#15 23.92           return dladdr ();
#15 23.92         }
#15 23.92 -----------
#15 23.92 Command line: `/usr/sbin/clang -L/msan/lib -L/libcxx_msan/lib /mesa/_build/meson-private/tmpjdj46f8m/testfile.c -o /mesa/_build/meson-private/tmpjdj46f8m/output.exe -fsanitize=memory -fsanitize-memory-track-origins -fno-omit-frame-pointer -g -D_FILE_OFFSET_BITS=64 -O0 -Werror=implicit-function-declaration -std=c11 -Wl,-rpath,/msan/lib -Wl,-rpath,/libcxx_msan/lib -Wl,--start-group -lc++ -lc++abi -Wl,--end-group` -> 0
#15 23.92 Checking for function "dladdr" with dependency : YES 
#15 23.92 Running compile:
#15 23.92 Working directory:  /mesa/_build/meson-private/tmp4fp04gnb
#15 23.92 Code:
#15 23.92 
#15 23.92         #define dl_iterate_phdr meson_disable_define_of_dl_iterate_phdr
#15 23.92         
#15 23.92         #include <limits.h>
#15 23.92         #undef dl_iterate_phdr
#15 23.92         
#15 23.92         #ifdef __cplusplus
#15 23.92         extern "C"
#15 23.92         #endif
#15 23.92         char dl_iterate_phdr (void);
#15 23.92         
#15 23.92         #if defined __stub_dl_iterate_phdr || defined __stub___dl_iterate_phdr
#15 23.92         fail fail fail this function is not going to work
#15 23.92         #endif
#15 23.92         
#15 23.92         int main(void) {
#15 23.92           return dl_iterate_phdr ();
#15 23.92         }
#15 23.92 -----------
#15 23.92 Command line: `/usr/sbin/clang -L/msan/lib -L/libcxx_msan/lib /mesa/_build/meson-private/tmp4fp04gnb/testfile.c -o /mesa/_build/meson-private/tmp4fp04gnb/output.exe -fsanitize=memory -fsanitize-memory-track-origins -fno-omit-frame-pointer -g -D_FILE_OFFSET_BITS=64 -O0 -Werror=implicit-function-declaration -std=c11 -Wl,-rpath,/msan/lib -Wl,-rpath,/libcxx_msan/lib -Wl,--start-group -lc++ -lc++abi -Wl,--end-group` -> 0
#15 23.92 Checking for function "dl_iterate_phdr" : YES 
#15 23.92 Running compile:
#15 23.92 Working directory:  /mesa/_build/meson-private/tmp2_rkwqgb
#15 23.92 Code:
#15 23.92 
#15 23.92         #define clock_gettime meson_disable_define_of_clock_gettime
#15 23.92         
#15 23.92         #include <limits.h>
#15 23.92         #undef clock_gettime
#15 23.92         
#15 23.92         #ifdef __cplusplus
#15 23.92         extern "C"
#15 23.92         #endif
#15 23.92         char clock_gettime (void);
#15 23.92         
#15 23.92         #if defined __stub_clock_gettime || defined __stub___clock_gettime
#15 23.92         fail fail fail this function is not going to work
#15 23.92         #endif
#15 23.92         
#15 23.92         int main(void) {
#15 23.92           return clock_gettime ();
#15 23.92         }
#15 23.92 -----------
#15 23.92 Command line: `/usr/sbin/clang -L/msan/lib -L/libcxx_msan/lib /mesa/_build/meson-private/tmp2_rkwqgb/testfile.c -o /mesa/_build/meson-private/tmp2_rkwqgb/output.exe -fsanitize=memory -fsanitize-memory-track-origins -fno-omit-frame-pointer -g -D_FILE_OFFSET_BITS=64 -O0 -Werror=implicit-function-declaration -std=c11 -Wl,-rpath,/msan/lib -Wl,-rpath,/libcxx_msan/lib -Wl,--start-group -lc++ -lc++abi -Wl,--end-group` -> 0
#15 23.92 Checking for function "clock_gettime" : YES 
#15 23.92 Determining dependency 'zlib' with pkg-config executable '/usr/sbin/pkg-config'
#15 23.92 env[PKG_CONFIG_PATH]: 
#15 23.92 env[PKG_CONFIG]: /usr/sbin/pkg-config
#15 23.92 -----------
#15 23.92 Called: `/usr/sbin/pkg-config --modversion zlib` -> 0
#15 23.92 stdout:
#15 23.92 1.3.1
#15 23.92 -----------
#15 23.92 env[PKG_CONFIG_PATH]: 
#15 23.92 env[PKG_CONFIG]: /usr/sbin/pkg-config
#15 23.92 -----------
#15 23.92 Called: `/usr/sbin/pkg-config --cflags zlib` -> 0
#15 23.92 env[PKG_CONFIG_ALLOW_SYSTEM_LIBS]: 1
#15 23.92 env[PKG_CONFIG_PATH]: 
#15 23.92 env[PKG_CONFIG]: /usr/sbin/pkg-config
#15 23.92 -----------
#15 23.92 Called: `/usr/sbin/pkg-config --libs zlib` -> 0
#15 23.92 stdout:
#15 23.92 -L/usr/lib -lz
#15 23.92 -----------
#15 23.92 env[PKG_CONFIG_PATH]: 
#15 23.92 env[PKG_CONFIG]: /usr/sbin/pkg-config
#15 23.92 -----------
#15 23.92 Called: `/usr/sbin/pkg-config --libs zlib` -> 0
#15 23.92 stdout:
#15 23.92 -lz
#15 23.92 -----------
#15 23.92 Run-time dependency zlib found: YES 1.3.1
#15 23.92 Determining dependency 'libzstd' with pkg-config executable '/usr/sbin/pkg-config'
#15 23.92 env[PKG_CONFIG_PATH]: 
#15 23.92 env[PKG_CONFIG]: /usr/sbin/pkg-config
#15 23.92 -----------
#15 23.92 Called: `/usr/sbin/pkg-config --modversion libzstd` -> 0
#15 23.92 stdout:
#15 23.92 1.5.7
#15 23.92 -----------
#15 23.92 env[PKG_CONFIG_PATH]: 
#15 23.92 env[PKG_CONFIG]: /usr/sbin/pkg-config
#15 23.92 -----------
#15 23.92 Called: `/usr/sbin/pkg-config --cflags libzstd` -> 0
#15 23.92 env[PKG_CONFIG_ALLOW_SYSTEM_LIBS]: 1
#15 23.92 env[PKG_CONFIG_PATH]: 
#15 23.92 env[PKG_CONFIG]: /usr/sbin/pkg-config
#15 23.92 -----------
#15 23.92 Called: `/usr/sbin/pkg-config --libs libzstd` -> 0
#15 23.92 stdout:
#15 23.92 -L/usr/lib -lzstd
#15 23.92 -----------
#15 23.92 env[PKG_CONFIG_PATH]: 
#15 23.92 env[PKG_CONFIG]: /usr/sbin/pkg-config
#15 23.92 -----------
#15 23.92 Called: `/usr/sbin/pkg-config --libs libzstd` -> 0
#15 23.92 stdout:
#15 23.92 -lzstd
#15 23.92 -----------
#15 23.92 Run-time dependency libzstd found: YES 1.5.7
#15 23.92 Run-time dependency threads found: YES
#15 23.92 Running compile:
#15 23.92 Working directory:  /mesa/_build/meson-private/tmp7isbois0
#15 23.92 Code:
#15 23.92 #include <pthread.h>
#15 23.92 #include <limits.h>
#15 23.92 
#15 23.92         #if defined __stub_pthread_setaffinity_np || defined __stub___pthread_setaffinity_np
#15 23.92         fail fail fail this function is not going to work
#15 23.92         #endif
#15 23.92         
#15 23.92 int main(void) {
#15 23.92             void *a = (void*) &pthread_setaffinity_np;
#15 23.92             long long b = (long long) a;
#15 23.92             return (int) b;
#15 23.92         }
#15 23.92 -----------
#15 23.92 Command line: `/usr/sbin/clang -L/msan/lib -L/libcxx_msan/lib /mesa/_build/meson-private/tmp7isbois0/testfile.c -o /mesa/_build/meson-private/tmp7isbois0/output.exe -pthread -fsanitize=memory -fsanitize-memory-track-origins -fno-omit-frame-pointer -g -D_FILE_OFFSET_BITS=64 -O0 -Werror=implicit-function-declaration -std=c11 -D_GNU_SOURCE -Wl,-rpath,/msan/lib -Wl,-rpath,/libcxx_msan/lib -Wl,--start-group -lc++ -lc++abi -Wl,--end-group` -> 0
#15 23.92 Checking for function "pthread_setaffinity_np" with dependency threads: YES 
#15 23.92 Determining dependency 'expat' with pkg-config executable '/usr/sbin/pkg-config'
#15 23.92 env[PKG_CONFIG_PATH]: 
#15 23.92 env[PKG_CONFIG]: /usr/sbin/pkg-config
#15 23.92 -----------
#15 23.92 Called: `/usr/sbin/pkg-config --modversion expat` -> 0
#15 23.92 stdout:
#15 23.92 2.7.3
#15 23.92 -----------
#15 23.92 env[PKG_CONFIG_PATH]: 
#15 23.92 env[PKG_CONFIG]: /usr/sbin/pkg-config
#15 23.92 -----------
#15 23.92 Called: `/usr/sbin/pkg-config --cflags expat` -> 0
#15 23.92 env[PKG_CONFIG_ALLOW_SYSTEM_LIBS]: 1
#15 23.92 env[PKG_CONFIG_PATH]: 
#15 23.92 env[PKG_CONFIG]: /usr/sbin/pkg-config
#15 23.92 -----------
#15 23.92 Called: `/usr/sbin/pkg-config --libs expat` -> 0
#15 23.92 stdout:
#15 23.92 -L/usr/lib -lexpat
#15 23.92 -----------
#15 23.92 env[PKG_CONFIG_PATH]: 
#15 23.92 env[PKG_CONFIG]: /usr/sbin/pkg-config
#15 23.92 -----------
#15 23.92 Called: `/usr/sbin/pkg-config --libs expat` -> 0
#15 23.92 stdout:
#15 23.92 -lexpat
#15 23.92 -----------
#15 23.92 Run-time dependency expat found: YES 2.7.3
#15 23.92 Running compile:
#15 23.92 Working directory:  /mesa/_build/meson-private/tmpe5ygfolk
#15 23.92 Code:
#15 23.92 int main(void) { return 0; }
#15 23.92 
#15 23.92 -----------
#15 23.92 Command line: `/usr/sbin/clang -L/msan/lib -L/libcxx_msan/lib /mesa/_build/meson-private/tmpe5ygfolk/testfile.c -o /mesa/_build/meson-private/tmpe5ygfolk/output.exe -fsanitize=memory -fsanitize-memory-track-origins -fno-omit-frame-pointer -g -D_FILE_OFFSET_BITS=64 -O0 -Werror=implicit-function-declaration -Wl,--start-group -lm -Wl,--allow-shlib-undefined -Wl,-rpath,/msan/lib -Wl,-rpath,/libcxx_msan/lib -lc++ -lc++abi -Wl,--end-group` -> 0
#15 23.92 Library m found: YES
#15 23.92 Message: libdrm 2.4.121 needed because amdgpu has the highest requirement
#15 23.92 Determining dependency 'libdrm_intel' with pkg-config executable '/usr/sbin/pkg-config'
#15 23.92 env[PKG_CONFIG_PATH]: 
#15 23.92 env[PKG_CONFIG]: /usr/sbin/pkg-config
#15 23.92 -----------
#15 23.92 Called: `/usr/sbin/pkg-config --modversion libdrm_intel` -> 0
#15 23.92 stdout:
#15 23.92 2.4.126
#15 23.92 -----------
#15 23.92 env[PKG_CONFIG_PATH]: 
#15 23.92 env[PKG_CONFIG]: /usr/sbin/pkg-config
#15 23.92 -----------
#15 23.92 Called: `/usr/sbin/pkg-config --cflags libdrm_intel` -> 0
#15 23.92 stdout:
#15 23.92 -I/usr/include/libdrm
#15 23.92 -----------
#15 23.92 env[PKG_CONFIG_ALLOW_SYSTEM_LIBS]: 1
#15 23.92 env[PKG_CONFIG_PATH]: 
#15 23.92 env[PKG_CONFIG]: /usr/sbin/pkg-config
#15 23.92 -----------
#15 23.92 Called: `/usr/sbin/pkg-config --libs libdrm_intel` -> 0
#15 23.92 stdout:
#15 23.92 -L/usr/lib -ldrm_intel -ldrm
#15 23.92 -----------
#15 23.92 env[PKG_CONFIG_PATH]: 
#15 23.92 env[PKG_CONFIG]: /usr/sbin/pkg-config
#15 23.92 -----------
#15 23.92 Called: `/usr/sbin/pkg-config --libs libdrm_intel` -> 0
#15 23.92 stdout:
#15 23.92 -ldrm_intel -ldrm
#15 23.92 -----------
#15 23.92 Run-time dependency libdrm_intel found: YES 2.4.126
#15 23.92 Determining dependency 'libdrm_amdgpu' with pkg-config executable '/usr/sbin/pkg-config'
#15 23.92 env[PKG_CONFIG_PATH]: 
#15 23.92 env[PKG_CONFIG]: /usr/sbin/pkg-config
#15 23.92 -----------
#15 23.92 Called: `/usr/sbin/pkg-config --modversion libdrm_amdgpu` -> 0
#15 23.92 stdout:
#15 23.92 2.4.126
#15 23.92 -----------
#15 23.92 env[PKG_CONFIG_PATH]: 
#15 23.92 env[PKG_CONFIG]: /usr/sbin/pkg-config
#15 23.92 -----------
#15 23.92 Called: `/usr/sbin/pkg-config --cflags libdrm_amdgpu` -> 0
#15 23.92 stdout:
#15 23.92 -I/usr/include/libdrm
#15 23.92 -----------
#15 23.92 env[PKG_CONFIG_ALLOW_SYSTEM_LIBS]: 1
#15 23.92 env[PKG_CONFIG_PATH]: 
#15 23.92 env[PKG_CONFIG]: /usr/sbin/pkg-config
#15 23.92 -----------
#15 23.92 Called: `/usr/sbin/pkg-config --libs libdrm_amdgpu` -> 0
#15 23.92 stdout:
#15 23.92 -L/usr/lib -ldrm_amdgpu
#15 23.92 -----------
#15 23.92 env[PKG_CONFIG_PATH]: 
#15 23.92 env[PKG_CONFIG]: /usr/sbin/pkg-config
#15 23.92 -----------
#15 23.92 Called: `/usr/sbin/pkg-config --libs libdrm_amdgpu` -> 0
#15 23.92 stdout:
#15 23.92 -ldrm_amdgpu
#15 23.92 -----------
#15 23.92 Run-time dependency libdrm_amdgpu found: YES 2.4.126
#15 23.92 Determining dependency 'libdrm' with pkg-config executable '/usr/sbin/pkg-config'
#15 23.92 env[PKG_CONFIG_PATH]: 
#15 23.92 env[PKG_CONFIG]: /usr/sbin/pkg-config
#15 23.92 -----------
#15 23.92 Called: `/usr/sbin/pkg-config --modversion libdrm` -> 0
#15 23.92 stdout:
#15 23.92 2.4.126
#15 23.92 -----------
#15 23.92 env[PKG_CONFIG_PATH]: 
#15 23.92 env[PKG_CONFIG]: /usr/sbin/pkg-config
#15 23.92 -----------
#15 23.92 Called: `/usr/sbin/pkg-config --cflags libdrm` -> 0
#15 23.92 stdout:
#15 23.92 -I/usr/include/libdrm
#15 23.92 -----------
#15 23.92 env[PKG_CONFIG_ALLOW_SYSTEM_LIBS]: 1
#15 23.92 env[PKG_CONFIG_PATH]: 
#15 23.92 env[PKG_CONFIG]: /usr/sbin/pkg-config
#15 23.92 -----------
#15 23.92 Called: `/usr/sbin/pkg-config --libs libdrm` -> 0
#15 23.92 stdout:
#15 23.92 -L/usr/lib -ldrm
#15 23.92 -----------
#15 23.92 env[PKG_CONFIG_PATH]: 
#15 23.92 env[PKG_CONFIG]: /usr/sbin/pkg-config
#15 23.92 -----------
#15 23.92 Called: `/usr/sbin/pkg-config --libs libdrm` -> 0
#15 23.92 stdout:
#15 23.92 -ldrm
#15 23.92 -----------
#15 23.92 Run-time dependency libdrm found: YES 2.4.126
#15 23.92 Determining dependency 'libudev' with pkg-config executable '/usr/sbin/pkg-config'
#15 23.92 env[PKG_CONFIG_PATH]: 
#15 23.92 env[PKG_CONFIG]: /usr/sbin/pkg-config
#15 23.92 -----------
#15 23.92 Called: `/usr/sbin/pkg-config --modversion libudev` -> 0
#15 23.92 stdout:
#15 23.92 258
#15 23.92 -----------
#15 23.92 env[PKG_CONFIG_PATH]: 
#15 23.92 env[PKG_CONFIG]: /usr/sbin/pkg-config
#15 23.92 -----------
#15 23.92 Called: `/usr/sbin/pkg-config --cflags libudev` -> 0
#15 23.92 env[PKG_CONFIG_ALLOW_SYSTEM_LIBS]: 1
#15 23.92 env[PKG_CONFIG_PATH]: 
#15 23.92 env[PKG_CONFIG]: /usr/sbin/pkg-config
#15 23.92 -----------
#15 23.92 Called: `/usr/sbin/pkg-config --libs libudev` -> 0
#15 23.92 stdout:
#15 23.92 -L/usr/lib -ludev
#15 23.92 -----------
#15 23.92 env[PKG_CONFIG_PATH]: 
#15 23.92 env[PKG_CONFIG]: /usr/sbin/pkg-config
#15 23.92 -----------
#15 23.92 Called: `/usr/sbin/pkg-config --libs libudev` -> 0
#15 23.92 stdout:
#15 23.92 -ludev
#15 23.92 -----------
#15 23.92 Run-time dependency libudev found: YES 258
#15 23.92 llvm-config binary missing from cross or native file, or env var undefined.
#15 23.92 Trying a default llvm-config fallback at llvm-config
#15 23.92 Trying a default llvm-config fallback at llvm-config-21.1
#15 23.92 Trying a default llvm-config fallback at llvm-config21.1
#15 23.92 Trying a default llvm-config fallback at llvm-config-21
#15 23.92 Trying a default llvm-config fallback at llvm-config21
#15 23.92 Trying a default llvm-config fallback at llvm-config-20.1
#15 23.92 Trying a default llvm-config fallback at llvm-config20.1
#15 23.92 Trying a default llvm-config fallback at llvm-config-20
#15 23.92 Trying a default llvm-config fallback at llvm-config20
#15 23.92 Trying a default llvm-config fallback at llvm-config-19.1
#15 23.92 Trying a default llvm-config fallback at llvm-config19.1
#15 23.92 Trying a default llvm-config fallback at llvm-config-19
#15 23.92 Trying a default llvm-config fallback at llvm-config19
#15 23.92 Trying a default llvm-config fallback at llvm-config-18.1
#15 23.92 Trying a default llvm-config fallback at llvm-config18.1
#15 23.92 Trying a default llvm-config fallback at llvm-config-18
#15 23.92 Trying a default llvm-config fallback at llvm-config18
#15 23.92 Trying a default llvm-config fallback at llvm-config-17
#15 23.92 Trying a default llvm-config fallback at llvm-config17
#15 23.92 Trying a default llvm-config fallback at llvm-config-16
#15 23.92 Trying a default llvm-config fallback at llvm-config16
#15 23.92 Trying a default llvm-config fallback at llvm-config-15
#15 23.92 Trying a default llvm-config fallback at llvm-config15
#15 23.92 Trying a default llvm-config fallback at llvm-config-14
#15 23.92 Trying a default llvm-config fallback at llvm-config14
#15 23.92 Trying a default llvm-config fallback at llvm-config-13
#15 23.92 Trying a default llvm-config fallback at llvm-config13
#15 23.92 Trying a default llvm-config fallback at llvm-config-12
#15 23.92 Trying a default llvm-config fallback at llvm-config12
#15 23.92 Trying a default llvm-config fallback at llvm-config-11
#15 23.92 Trying a default llvm-config fallback at llvm-config11
#15 23.92 Trying a default llvm-config fallback at llvm-config-10
#15 23.92 Trying a default llvm-config fallback at llvm-config10
#15 23.92 Trying a default llvm-config fallback at llvm-config-9
#15 23.92 Trying a default llvm-config fallback at llvm-config90
#15 23.92 Trying a default llvm-config fallback at llvm-config-8
#15 23.92 Trying a default llvm-config fallback at llvm-config80
#15 23.92 Trying a default llvm-config fallback at llvm-config-7
#15 23.92 Trying a default llvm-config fallback at llvm-config70
#15 23.92 Trying a default llvm-config fallback at llvm-config-6.0
#15 23.92 Trying a default llvm-config fallback at llvm-config60
#15 23.92 Trying a default llvm-config fallback at llvm-config-5.0
#15 23.92 Trying a default llvm-config fallback at llvm-config50
#15 23.92 Trying a default llvm-config fallback at llvm-config-4.0
#15 23.92 Trying a default llvm-config fallback at llvm-config40
#15 23.92 Trying a default llvm-config fallback at llvm-config-3.9
#15 23.92 Trying a default llvm-config fallback at llvm-config39
#15 23.92 Trying a default llvm-config fallback at llvm-config-3.8
#15 23.92 Trying a default llvm-config fallback at llvm-config38
#15 23.92 Trying a default llvm-config fallback at llvm-config-3.7
#15 23.92 Trying a default llvm-config fallback at llvm-config37
#15 23.92 Trying a default llvm-config fallback at llvm-config-3.6
#15 23.92 Trying a default llvm-config fallback at llvm-config36
#15 23.92 Trying a default llvm-config fallback at llvm-config-3.5
#15 23.92 Trying a default llvm-config fallback at llvm-config35
#15 23.92 Trying a default llvm-config fallback at llvm-config-20
#15 23.92 Trying a default llvm-config fallback at llvm-config-devel
#15 23.92 Trying a default llvm-config fallback at llvm-config-64
#15 23.92 llvm-config found: YES (/usr/sbin/llvm-config) 20.1.8
#15 23.92 -----------
#15 23.92 Called: `/usr/sbin/llvm-config --components` -> 0
#15 23.92 stdout:
#15 23.92 aarch64 aarch64asmparser aarch64codegen aarch64desc aarch64disassembler aarch64info aarch64utils aggressiveinstcombine all all-targets amdgpu amdgpuasmparser amdgpucodegen amdgpudesc amdgpudisassembler amdgpuinfo amdgputargetmca amdgpuutils analysis arm armasmparser armcodegen armdesc armdisassembler arminfo armutils asmparser asmprinter avr avrasmparser avrcodegen avrdesc avrdisassembler avrinfo binaryformat bitreader bitstreamreader bitwriter bpf bpfasmparser bpfcodegen bpfdesc bpfdisassembler bpfinfo cfguard cgdata codegen codegentypes core coroutines coverage debuginfobtf debuginfocodeview debuginfodwarf debuginfogsym debuginfologicalview debuginfomsf debuginfopdb demangle dlltooldriver dwarflinker dwarflinkerclassic dwarflinkerparallel dwp engine executionengine extensions filecheck frontendatomic frontenddriver frontendhlsl frontendoffloading frontendopenacc frontendopenmp fuzzercli fuzzmutate globalisel hexagon hexagonasmparser hexagoncodegen hexagondesc hexagondisassembler hexagoninfo hipstdpar instcombine instrumentation interfacestub interpreter ipo irprinter irreader jitlink lanai lanaiasmparser lanaicodegen lanaidesc lanaidisassembler lanaiinfo libdriver lineeditor linker loongarch loongarchasmparser loongarchcodegen loongarchdesc loongarchdisassembler loongarchinfo lto mc mca mcdisassembler mcjit mcparser mips mipsasmparser mipscodegen mipsdesc mipsdisassembler mipsinfo mirparser msp430 msp430asmparser msp430codegen msp430desc msp430disassembler msp430info native nativecodegen nvptx nvptxcodegen nvptxdesc nvptxinfo objcarcopts objcopy object objectyaml option orcdebugging orcjit orcshared orctargetprocess passes perfjitevents powerpc powerpcasmparser powerpccodegen powerpcdesc powerpcdisassembler powerpcinfo profiledata remarks riscv riscvasmparser riscvcodegen riscvdesc riscvdisassembler riscvinfo riscvtargetmca runtimedyld sandboxir scalaropts selectiondag sparc sparcasmparser sparccodegen sparcdesc sparcdisassembler sparcinfo spirv spirvanalysis spirvcodegen spirvdesc spirvinfo support symbolize systemz systemzasmparser systemzcodegen systemzdesc systemzdisassembler systemzinfo tablegen target targetparser telemetry textapi textapibinaryreader transformutils ve veasmparser vecodegen vectorize vedesc vedisassembler veinfo webassembly webassemblyasmparser webassemblycodegen webassemblydesc webassemblydisassembler webassemblyinfo webassemblyutils windowsdriver windowsmanifest x86 x86asmparser x86codegen x86desc x86disassembler x86info x86targetmca xcore xcorecodegen xcoredesc xcoredisassembler xcoreinfo xray
#15 23.92 -----------
#15 23.92 -----------
#15 23.92 Called: `/usr/sbin/llvm-config --cppflags` -> 0
#15 23.92 stdout:
#15 23.92 -I/usr/include -D_GNU_SOURCE -D__STDC_CONSTANT_MACROS -D__STDC_FORMAT_MACROS -D__STDC_LIMIT_MACROS
#15 23.92 -----------
#15 23.92 -----------
#15 23.92 Called: `/usr/sbin/llvm-config --shared-mode` -> 0
#15 23.92 stdout:
#15 23.92 shared
#15 23.92 -----------
#15 23.92 -----------
#15 23.92 Called: `/usr/sbin/llvm-config --libs --ldflags --link-shared amdgpu asmparser bitreader bitwriter core coverage engine executionengine instcombine ipo irreader libdriver linker lto mcdisassembler mcjit native option scalaropts target transformutils all-targets coroutines frontenddriver frontendhlsl windowsdriver` -> 0
#15 23.92 stdout:
#15 23.92 -L/usr/lib 
#15 23.92 -lLLVM-20
#15 23.92 -----------
#15 23.92 Run-time dependency LLVM (modules: amdgpu, asmparser, bitreader, bitwriter, core, coverage, engine, executionengine, instcombine, ipo, irreader, libdriver, linker, lto, mcdisassembler, mcjit, native, option, scalaropts, target, transformutils, all-targets, coroutines, frontenddriver, frontendhlsl, lto, windowsdriver) found: YES 20.1.8
#15 23.92 Got config-tool variable has-rtti : YES
#15 23.92 Determining dependency 'LLVMSPIRVLib' with pkg-config executable '/usr/sbin/pkg-config'
#15 23.92 env[PKG_CONFIG_PATH]: 
#15 23.92 env[PKG_CONFIG]: /usr/sbin/pkg-config
#15 23.92 -----------
#15 23.92 Called: `/usr/sbin/pkg-config --modversion LLVMSPIRVLib` -> 0
#15 23.92 stdout:
#15 23.92 20.1.0.0
#15 23.92 -----------
#15 23.92 env[PKG_CONFIG_PATH]: 
#15 23.92 env[PKG_CONFIG]: /usr/sbin/pkg-config
#15 23.92 -----------
#15 23.92 Called: `/usr/sbin/pkg-config --cflags LLVMSPIRVLib` -> 0
#15 23.92 env[PKG_CONFIG_ALLOW_SYSTEM_LIBS]: 1
#15 23.92 env[PKG_CONFIG_PATH]: 
#15 23.92 env[PKG_CONFIG]: /usr/sbin/pkg-config
#15 23.92 -----------
#15 23.92 Called: `/usr/sbin/pkg-config --libs LLVMSPIRVLib` -> 0
#15 23.92 stdout:
#15 23.92 -L/usr/lib -lLLVMSPIRVLib
#15 23.92 -----------
#15 23.92 env[PKG_CONFIG_PATH]: 
#15 23.92 env[PKG_CONFIG]: /usr/sbin/pkg-config
#15 23.92 -----------
#15 23.92 Called: `/usr/sbin/pkg-config --libs LLVMSPIRVLib` -> 0
#15 23.92 stdout:
#15 23.92 -lLLVMSPIRVLib
#15 23.92 -----------
#15 23.92 Run-time dependency llvmspirvlib found: YES 20.1.0.0
#15 23.92 Determining dependency 'SPIRV-Tools' with pkg-config executable '/usr/sbin/pkg-config'
#15 23.92 env[PKG_CONFIG_PATH]: 
#15 23.92 env[PKG_CONFIG]: /usr/sbin/pkg-config
#15 23.92 -----------
#15 23.92 Called: `/usr/sbin/pkg-config --modversion SPIRV-Tools` -> 0
#15 23.92 stdout:
#15 23.92 2025.4.1
#15 23.92 -----------
#15 23.92 env[PKG_CONFIG_PATH]: 
#15 23.92 env[PKG_CONFIG]: /usr/sbin/pkg-config
#15 23.92 -----------
#15 23.92 Called: `/usr/sbin/pkg-config --cflags SPIRV-Tools` -> 0
#15 23.92 env[PKG_CONFIG_ALLOW_SYSTEM_LIBS]: 1
#15 23.92 env[PKG_CONFIG_PATH]: 
#15 23.92 env[PKG_CONFIG]: /usr/sbin/pkg-config
#15 23.92 -----------
#15 23.92 Called: `/usr/sbin/pkg-config --libs SPIRV-Tools` -> 0
#15 23.92 stdout:
#15 23.92 -L/usr/lib -lSPIRV-Tools-opt -lSPIRV-Tools -lSPIRV-Tools-link
#15 23.92 -----------
#15 23.92 env[PKG_CONFIG_PATH]: 
#15 23.92 env[PKG_CONFIG]: /usr/sbin/pkg-config
#15 23.92 -----------
#15 23.92 Called: `/usr/sbin/pkg-config --libs SPIRV-Tools` -> 0
#15 23.92 stdout:
#15 23.92 -lSPIRV-Tools-opt -lSPIRV-Tools -lSPIRV-Tools-link
#15 23.92 -----------
#15 23.92 Run-time dependency spirv-tools found: YES 2025.4.1
#15 23.92 Got config-tool variable libdir : /usr/lib
#15 23.92 Library clang-cpp found: YES
#15 23.92 Determining dependency 'lua54' with pkg-config executable '/usr/sbin/pkg-config'
#15 23.92 env[PKG_CONFIG_PATH]: 
#15 23.92 env[PKG_CONFIG]: /usr/sbin/pkg-config
#15 23.92 -----------
#15 23.92 Called: `/usr/sbin/pkg-config --modversion lua54` -> 1
#15 23.92 stderr:
#15 23.92 Package lua54 was not found in the pkg-config search path.
#15 23.92 Perhaps you should add the directory containing `lua54.pc'
#15 23.92 to the PKG_CONFIG_PATH environment variable
#15 23.92 Package 'lua54' not found
#15 23.92 -----------
#15 23.92 CMake binary for host machine is cached.
#15 23.92 Preliminary CMake check failed. Aborting.
#15 23.92 Run-time dependency lua54 found: NO (tried pkgconfig and cmake)
#15 23.92 Determining dependency 'lua5.4' with pkg-config executable '/usr/sbin/pkg-config'
#15 23.92 env[PKG_CONFIG_PATH]: 
#15 23.92 env[PKG_CONFIG]: /usr/sbin/pkg-config
#15 23.92 -----------
#15 23.92 Called: `/usr/sbin/pkg-config --modversion lua5.4` -> 1
#15 23.92 stderr:
#15 23.92 Package lua5.4 was not found in the pkg-config search path.
#15 23.92 Perhaps you should add the directory containing `lua5.4.pc'
#15 23.92 to the PKG_CONFIG_PATH environment variable
#15 23.92 Package 'lua5.4' not found
#15 23.92 -----------
#15 23.92 CMake binary for host machine is cached.
#15 23.92 Preliminary CMake check failed. Aborting.
#15 23.92 Run-time dependency lua5.4 found: NO (tried pkgconfig and cmake)
#15 23.92 Determining dependency 'lua-5.4' with pkg-config executable '/usr/sbin/pkg-config'
#15 23.92 env[PKG_CONFIG_PATH]: 
#15 23.92 env[PKG_CONFIG]: /usr/sbin/pkg-config
#15 23.92 -----------
#15 23.92 Called: `/usr/sbin/pkg-config --modversion lua-5.4` -> 1
#15 23.92 stderr:
#15 23.92 Package lua-5.4 was not found in the pkg-config search path.
#15 23.92 Perhaps you should add the directory containing `lua-5.4.pc'
#15 23.92 to the PKG_CONFIG_PATH environment variable
#15 23.92 Package 'lua-5.4' not found
#15 23.92 -----------
#15 23.92 CMake binary for host machine is cached.
#15 23.92 Preliminary CMake check failed. Aborting.
#15 23.92 Run-time dependency lua-5.4 found: NO (tried pkgconfig and cmake)
#15 23.92 Determining dependency 'lua53' with pkg-config executable '/usr/sbin/pkg-config'
#15 23.92 env[PKG_CONFIG_PATH]: 
#15 23.92 env[PKG_CONFIG]: /usr/sbin/pkg-config
#15 23.92 -----------
#15 23.92 Called: `/usr/sbin/pkg-config --modversion lua53` -> 1
#15 23.92 stderr:
#15 23.92 Package lua53 was not found in the pkg-config search path.
#15 23.92 Perhaps you should add the directory containing `lua53.pc'
#15 23.92 to the PKG_CONFIG_PATH environment variable
#15 23.92 Package 'lua53' not found
#15 23.92 -----------
#15 23.92 CMake binary for host machine is cached.
#15 23.92 Preliminary CMake check failed. Aborting.
#15 23.92 Run-time dependency lua53 found: NO (tried pkgconfig and cmake)
#15 23.92 Determining dependency 'lua5.3' with pkg-config executable '/usr/sbin/pkg-config'
#15 23.92 env[PKG_CONFIG_PATH]: 
#15 23.92 env[PKG_CONFIG]: /usr/sbin/pkg-config
#15 23.92 -----------
#15 23.92 Called: `/usr/sbin/pkg-config --modversion lua5.3` -> 1
#15 23.92 stderr:
#15 23.92 Package lua5.3 was not found in the pkg-config search path.
#15 23.92 Perhaps you should add the directory containing `lua5.3.pc'
#15 23.92 to the PKG_CONFIG_PATH environment variable
#15 23.92 Package 'lua5.3' not found
#15 23.92 -----------
#15 23.92 CMake binary for host machine is cached.
#15 23.92 Preliminary CMake check failed. Aborting.
#15 23.92 Run-time dependency lua5.3 found: NO (tried pkgconfig and cmake)
#15 23.92 Determining dependency 'lua-5.3' with pkg-config executable '/usr/sbin/pkg-config'
#15 23.92 env[PKG_CONFIG_PATH]: 
#15 23.92 env[PKG_CONFIG]: /usr/sbin/pkg-config
#15 23.92 -----------
#15 23.92 Called: `/usr/sbin/pkg-config --modversion lua-5.3` -> 1
#15 23.92 stderr:
#15 23.92 Package lua-5.3 was not found in the pkg-config search path.
#15 23.92 Perhaps you should add the directory containing `lua-5.3.pc'
#15 23.92 to the PKG_CONFIG_PATH environment variable
#15 23.92 Package 'lua-5.3' not found
#15 23.92 -----------
#15 23.92 CMake binary for host machine is cached.
#15 23.92 Preliminary CMake check failed. Aborting.
#15 23.92 Run-time dependency lua-5.3 found: NO (tried pkgconfig and cmake)
#15 23.92 Determining dependency 'lua' with pkg-config executable '/usr/sbin/pkg-config'
#15 23.92 env[PKG_CONFIG_PATH]: 
#15 23.92 env[PKG_CONFIG]: /usr/sbin/pkg-config
#15 23.92 -----------
#15 23.92 Called: `/usr/sbin/pkg-config --modversion lua` -> 1
#15 23.92 stderr:
#15 23.92 Package lua was not found in the pkg-config search path.
#15 23.92 Perhaps you should add the directory containing `lua.pc'
#15 23.92 to the PKG_CONFIG_PATH environment variable
#15 23.92 Package 'lua' not found
#15 23.92 -----------
#15 23.92 CMake binary for host machine is cached.
#15 23.92 
#15 23.92 Determining dependency 'lua' with CMake executable '/usr/sbin/cmake'
#15 23.92 CMake Toolchain: Calling CMake once to generate the compiler state
#15 23.92 Calling CMake (['/usr/sbin/cmake']) in /mesa/_build/meson-private/__CMake_compiler_info__ with:
#15 23.92   - "--trace-expand"
#15 23.92   - "--trace-format=json-v1"
#15 23.92   - "--no-warn-unused-cli"
#15 23.92   - "--trace-redirect=cmake_trace.txt"
#15 23.92   - "-G"
#15 23.92   - "Ninja"
#15 23.92   - "-DCMAKE_TOOLCHAIN_FILE=/mesa/_build/meson-private/__CMake_compiler_info__/CMakeMesonTempToolchainFile.cmake"
#15 23.92   - "."
#15 23.92 Try CMake generator: auto
#15 23.92 Calling CMake (['/usr/sbin/cmake']) in /mesa/_build/meson-private/cmake_lua with:
#15 23.92   - "-DNAME=lua"
#15 23.92   - "-DARCHS="
#15 23.92   - "-DVERSION="
#15 23.92   - "-DCOMPS="
#15 23.92   - "-DSTATIC=OFF"
#15 23.92   - "--trace-expand"
#15 23.92   - "--trace-format=json-v1"
#15 23.92   - "--no-warn-unused-cli"
#15 23.92   - "--trace-redirect=cmake_trace.txt"
#15 23.92   - "-DCMAKE_TOOLCHAIN_FILE=/mesa/_build/meson-private/cmake_lua/CMakeMesonToolchainFile.cmake"
#15 23.92   - "."
#15 23.92 CMake reported that the package lua was not found, even though Meson's preliminary check succeeded.
#15 23.92 Dependency lookup for lua with method 'cmake' failed: Dependency lua not found: PACKAGE_FOUND is false
#15 23.92 Run-time dependency lua found: NO (tried pkgconfig)
#15 23.92 Determining dependency 'libelf' with pkg-config executable '/usr/sbin/pkg-config'
#15 23.92 env[PKG_CONFIG_PATH]: 
#15 23.92 env[PKG_CONFIG]: /usr/sbin/pkg-config
#15 23.92 -----------
#15 23.92 Called: `/usr/sbin/pkg-config --modversion libelf` -> 0
#15 23.92 stdout:
#15 23.92 0.193
#15 23.92 -----------
#15 23.92 env[PKG_CONFIG_PATH]: 
#15 23.92 env[PKG_CONFIG]: /usr/sbin/pkg-config
#15 23.92 -----------
#15 23.92 Called: `/usr/sbin/pkg-config --cflags libelf` -> 0
#15 23.92 env[PKG_CONFIG_ALLOW_SYSTEM_LIBS]: 1
#15 23.92 env[PKG_CONFIG_PATH]: 
#15 23.92 env[PKG_CONFIG]: /usr/sbin/pkg-config
#15 23.92 -----------
#15 23.92 Called: `/usr/sbin/pkg-config --libs libelf` -> 0
#15 23.92 stdout:
#15 23.92 -L/usr/lib -lelf
#15 23.92 -----------
#15 23.92 env[PKG_CONFIG_PATH]: 
#15 23.92 env[PKG_CONFIG]: /usr/sbin/pkg-config
#15 23.92 -----------
#15 23.92 Called: `/usr/sbin/pkg-config --libs libelf` -> 0
#15 23.92 stdout:
#15 23.92 -lelf
#15 23.92 -----------
#15 23.92 Run-time dependency libelf found: YES 0.193
#15 23.92 Dependency valgrind skipped: feature valgrind disabled
#15 23.92 Program bison found: YES (/usr/sbin/bison)
#15 23.92 Running command: /usr/sbin/bison --version
#15 23.92 --- stdout ---
#15 23.92 bison (GNU Bison) 3.8.2
#15 23.92 Written by Robert Corbett and Richard Stallman.
#15 23.92 
#15 23.92 Copyright (C) 2021 Free Software Foundation, Inc.
#15 23.92 This is free software; see the source for copying conditions.  There is NO
#15 23.92 warranty; not even for MERCHANTABILITY or FITNESS FOR A PARTICULAR PURPOSE.
#15 23.92 
#15 23.92 --- stderr ---
#15 23.92 
#15 23.92 
#15 23.92 Program bison found: YES 3.8.2 3.8.2 (/usr/sbin/bison)
#15 23.92 Program flex found: YES (/usr/sbin/flex)
#15 23.92 Determining dependency 'libunwind' with pkg-config executable '/usr/sbin/pkg-config'
#15 23.92 env[PKG_CONFIG_PATH]: 
#15 23.92 env[PKG_CONFIG]: /usr/sbin/pkg-config
#15 23.92 -----------
#15 23.92 Called: `/usr/sbin/pkg-config --modversion libunwind` -> 0
#15 23.92 stdout:
#15 23.92 1.8.2
#15 23.92 -----------
#15 23.92 env[PKG_CONFIG_PATH]: 
#15 23.92 env[PKG_CONFIG]: /usr/sbin/pkg-config
#15 23.92 -----------
#15 23.92 Called: `/usr/sbin/pkg-config --cflags libunwind` -> 0
#15 23.92 env[PKG_CONFIG_ALLOW_SYSTEM_LIBS]: 1
#15 23.92 env[PKG_CONFIG_PATH]: 
#15 23.92 env[PKG_CONFIG]: /usr/sbin/pkg-config
#15 23.92 -----------
#15 23.92 Called: `/usr/sbin/pkg-config --libs libunwind` -> 0
#15 23.92 stdout:
#15 23.92 -L/usr/lib -lunwind
#15 23.92 -----------
#15 23.92 env[PKG_CONFIG_PATH]: 
#15 23.92 env[PKG_CONFIG]: /usr/sbin/pkg-config
#15 23.92 -----------
#15 23.92 Called: `/usr/sbin/pkg-config --libs libunwind` -> 0
#15 23.92 stdout:
#15 23.92 -lunwind
#15 23.92 -----------
#15 23.92 Run-time dependency libunwind found: YES 1.8.2
#15 23.92 Determining dependency 'wayland-scanner' with pkg-config executable '/usr/sbin/pkg-config'
#15 23.92 env[PKG_CONFIG_PATH]: 
#15 23.92 env[PKG_CONFIG]: /usr/sbin/pkg-config
#15 23.92 -----------
#15 23.92 Called: `/usr/sbin/pkg-config --modversion wayland-scanner` -> 0
#15 23.92 stdout:
#15 23.92 1.24.0
#15 23.92 -----------
#15 23.92 env[PKG_CONFIG_PATH]: 
#15 23.92 env[PKG_CONFIG]: /usr/sbin/pkg-config
#15 23.92 -----------
#15 23.92 Called: `/usr/sbin/pkg-config --cflags wayland-scanner` -> 0
#15 23.92 env[PKG_CONFIG_ALLOW_SYSTEM_LIBS]: 1
#15 23.92 env[PKG_CONFIG_PATH]: 
#15 23.92 env[PKG_CONFIG]: /usr/sbin/pkg-config
#15 23.92 -----------
#15 23.92 Called: `/usr/sbin/pkg-config --libs wayland-scanner` -> 0
#15 23.92 env[PKG_CONFIG_PATH]: 
#15 23.92 env[PKG_CONFIG]: /usr/sbin/pkg-config
#15 23.92 -----------
#15 23.92 Called: `/usr/sbin/pkg-config --libs wayland-scanner` -> 0
#15 23.92 Build-time dependency wayland-scanner found: YES 1.24.0
#15 23.92 env[PKG_CONFIG_PATH]: 
#15 23.92 env[PKG_CONFIG]: /usr/sbin/pkg-config
#15 23.92 -----------
#15 23.92 Called: `/usr/sbin/pkg-config --variable=wayland_scanner wayland-scanner` -> 0
#15 23.92 stdout:
#15 23.92 /usr/bin/wayland-scanner
#15 23.92 -----------
#15 23.92 Got pkg-config variable wayland_scanner : /usr/bin/wayland-scanner
#15 23.92 Program /usr/bin/wayland-scanner found: YES (/usr/bin/wayland-scanner)
#15 23.92 Determining dependency 'wayland-protocols' with pkg-config executable '/usr/sbin/pkg-config'
#15 23.92 env[PKG_CONFIG_PATH]: 
#15 23.92 env[PKG_CONFIG]: /usr/sbin/pkg-config
#15 23.92 -----------
#15 23.92 Called: `/usr/sbin/pkg-config --modversion wayland-protocols` -> 0
#15 23.92 stdout:
#15 23.92 1.45
#15 23.92 -----------
#15 23.92 env[PKG_CONFIG_PATH]: 
#15 23.92 env[PKG_CONFIG]: /usr/sbin/pkg-config
#15 23.92 -----------
#15 23.92 Called: `/usr/sbin/pkg-config --cflags wayland-protocols` -> 0
#15 23.92 env[PKG_CONFIG_ALLOW_SYSTEM_LIBS]: 1
#15 23.92 env[PKG_CONFIG_PATH]: 
#15 23.92 env[PKG_CONFIG]: /usr/sbin/pkg-config
#15 23.92 -----------
#15 23.92 Called: `/usr/sbin/pkg-config --libs wayland-protocols` -> 0
#15 23.92 env[PKG_CONFIG_PATH]: 
#15 23.92 env[PKG_CONFIG]: /usr/sbin/pkg-config
#15 23.92 -----------
#15 23.92 Called: `/usr/sbin/pkg-config --libs wayland-protocols` -> 0
#15 23.92 Run-time dependency wayland-protocols found: YES 1.45
#15 23.92 Determining dependency 'wayland-client' with pkg-config executable '/usr/sbin/pkg-config'
#15 23.92 env[PKG_CONFIG_PATH]: 
#15 23.92 env[PKG_CONFIG]: /usr/sbin/pkg-config
#15 23.92 -----------
#15 23.92 Called: `/usr/sbin/pkg-config --modversion wayland-client` -> 0
#15 23.92 stdout:
#15 23.92 1.24.0
#15 23.92 -----------
#15 23.92 env[PKG_CONFIG_PATH]: 
#15 23.92 env[PKG_CONFIG]: /usr/sbin/pkg-config
#15 23.92 -----------
#15 23.92 Called: `/usr/sbin/pkg-config --cflags wayland-client` -> 0
#15 23.92 env[PKG_CONFIG_ALLOW_SYSTEM_LIBS]: 1
#15 23.92 env[PKG_CONFIG_PATH]: 
#15 23.92 env[PKG_CONFIG]: /usr/sbin/pkg-config
#15 23.92 -----------
#15 23.92 Called: `/usr/sbin/pkg-config --libs wayland-client` -> 0
#15 23.92 stdout:
#15 23.92 -L/usr/lib -lwayland-client -lm
#15 23.92 -----------
#15 23.92 env[PKG_CONFIG_PATH]: 
#15 23.92 env[PKG_CONFIG]: /usr/sbin/pkg-config
#15 23.92 -----------
#15 23.92 Called: `/usr/sbin/pkg-config --libs wayland-client` -> 0
#15 23.92 stdout:
#15 23.92 -lwayland-client -lm
#15 23.92 -----------
#15 23.92 Running compile:
#15 23.92 Working directory:  /mesa/_build/meson-private/tmpiffhekm_
#15 23.92 Code:
#15 23.92 int main(void) { return 0; }
#15 23.92 
#15 23.92 -----------
#15 23.92 Command line: `/usr/sbin/clang++ -L/msan/lib -L/libcxx_msan/lib /mesa/_build/meson-private/tmpiffhekm_/testfile.cpp -o /mesa/_build/meson-private/tmpiffhekm_/output.exe -fsanitize=memory -fsanitize-memory-track-origins -fno-omit-frame-pointer -g -std=c++23 -nostdinc++ -isystem /libcxx_msan/include/c++/v1/ -D_FILE_OFFSET_BITS=64 -O0 -fpermissive -Werror=implicit-function-declaration -Wl,--start-group -lm -Wl,--allow-shlib-undefined -Wl,-rpath,/msan/lib -Wl,-rpath,/libcxx_msan/lib -lc++ -lc++abi -Wl,--end-group` -> 0
#15 23.92 Run-time dependency wayland-client found: YES 1.24.0
#15 23.92 Determining dependency 'wayland-server' with pkg-config executable '/usr/sbin/pkg-config'
#15 23.92 env[PKG_CONFIG_PATH]: 
#15 23.92 env[PKG_CONFIG]: /usr/sbin/pkg-config
#15 23.92 -----------
#15 23.92 Called: `/usr/sbin/pkg-config --modversion wayland-server` -> 0
#15 23.92 stdout:
#15 23.92 1.24.0
#15 23.92 -----------
#15 23.92 env[PKG_CONFIG_PATH]: 
#15 23.92 env[PKG_CONFIG]: /usr/sbin/pkg-config
#15 23.92 -----------
#15 23.92 Called: `/usr/sbin/pkg-config --cflags wayland-server` -> 0
#15 23.92 env[PKG_CONFIG_ALLOW_SYSTEM_LIBS]: 1
#15 23.92 env[PKG_CONFIG_PATH]: 
#15 23.92 env[PKG_CONFIG]: /usr/sbin/pkg-config
#15 23.92 -----------
#15 23.92 Called: `/usr/sbin/pkg-config --libs wayland-server` -> 0
#15 23.92 stdout:
#15 23.92 -L/usr/lib -lwayland-server -lm
#15 23.92 -----------
#15 23.92 env[PKG_CONFIG_PATH]: 
#15 23.92 env[PKG_CONFIG]: /usr/sbin/pkg-config
#15 23.92 -----------
#15 23.92 Called: `/usr/sbin/pkg-config --libs wayland-server` -> 0
#15 23.92 stdout:
#15 23.92 -lwayland-server -lm
#15 23.92 -----------
#15 23.92 Run-time dependency wayland-server found: YES 1.24.0
#15 23.92 Determining dependency 'wayland-egl-backend' with pkg-config executable '/usr/sbin/pkg-config'
#15 23.92 env[PKG_CONFIG_PATH]: 
#15 23.92 env[PKG_CONFIG]: /usr/sbin/pkg-config
#15 23.92 -----------
#15 23.92 Called: `/usr/sbin/pkg-config --modversion wayland-egl-backend` -> 0
#15 23.92 stdout:
#15 23.92 3
#15 23.92 -----------
#15 23.92 env[PKG_CONFIG_PATH]: 
#15 23.92 env[PKG_CONFIG]: /usr/sbin/pkg-config
#15 23.92 -----------
#15 23.92 Called: `/usr/sbin/pkg-config --cflags wayland-egl-backend` -> 0
#15 23.92 env[PKG_CONFIG_ALLOW_SYSTEM_LIBS]: 1
#15 23.92 env[PKG_CONFIG_PATH]: 
#15 23.92 env[PKG_CONFIG]: /usr/sbin/pkg-config
#15 23.92 -----------
#15 23.92 Called: `/usr/sbin/pkg-config --libs wayland-egl-backend` -> 0
#15 23.92 env[PKG_CONFIG_PATH]: 
#15 23.92 env[PKG_CONFIG]: /usr/sbin/pkg-config
#15 23.92 -----------
#15 23.92 Called: `/usr/sbin/pkg-config --libs wayland-egl-backend` -> 0
#15 23.92 Run-time dependency wayland-egl-backend found: YES 3
#15 23.92 Running compile:
#15 23.92 Working directory:  /mesa/_build/meson-private/tmpe0q0qo2z
#15 23.92 Code:
#15 23.92 #include <wayland-client.h>
#15 23.92 #include <limits.h>
#15 23.92 
#15 23.92         #if defined __stub_wl_display_dispatch_queue_timeout || defined __stub___wl_display_dispatch_queue_timeout
#15 23.92         fail fail fail this function is not going to work
#15 23.92         #endif
#15 23.92         
#15 23.92 int main(void) {
#15 23.92             void *a = (void*) &wl_display_dispatch_queue_timeout;
#15 23.92             long long b = (long long) a;
#15 23.92             return (int) b;
#15 23.92         }
#15 23.92 -----------
#15 23.92 Command line: `/usr/sbin/clang -L/msan/lib -L/libcxx_msan/lib /mesa/_build/meson-private/tmpe0q0qo2z/testfile.c -o /mesa/_build/meson-private/tmpe0q0qo2z/output.exe -fsanitize=memory -fsanitize-memory-track-origins -fno-omit-frame-pointer -g -D_FILE_OFFSET_BITS=64 -O0 -Werror=implicit-function-declaration -std=c11 -Wl,--start-group /usr/lib/libwayland-client.so -lm -Wl,-rpath,/msan/lib -Wl,-rpath,/libcxx_msan/lib -lc++ -lc++abi -Wl,--end-group` -> 0
#15 23.92 Checking for function "wl_display_dispatch_queue_timeout" with dependency wayland-client: YES 
#15 23.92 Running compile:
#15 23.92 Working directory:  /mesa/_build/meson-private/tmp8ysadchq
#15 23.92 Code:
#15 23.92 #include <wayland-client.h>
#15 23.92 #include <limits.h>
#15 23.92 
#15 23.92         #if defined __stub_wl_display_create_queue_with_name || defined __stub___wl_display_create_queue_with_name
#15 23.92         fail fail fail this function is not going to work
#15 23.92         #endif
#15 23.92         
#15 23.92 int main(void) {
#15 23.92             void *a = (void*) &wl_display_create_queue_with_name;
#15 23.92             long long b = (long long) a;
#15 23.92             return (int) b;
#15 23.92         }
#15 23.92 -----------
#15 23.92 Command line: `/usr/sbin/clang -L/msan/lib -L/libcxx_msan/lib /mesa/_build/meson-private/tmp8ysadchq/testfile.c -o /mesa/_build/meson-private/tmp8ysadchq/output.exe -fsanitize=memory -fsanitize-memory-track-origins -fno-omit-frame-pointer -g -D_FILE_OFFSET_BITS=64 -O0 -Werror=implicit-function-declaration -std=c11 -Wl,--start-group /usr/lib/libwayland-client.so -lm -Wl,-rpath,/msan/lib -Wl,-rpath,/libcxx_msan/lib -lc++ -lc++abi -Wl,--end-group` -> 0
#15 23.92 Checking for function "wl_display_create_queue_with_name" with dependency wayland-client: YES 
#15 23.92 Determining dependency 'xcb' with pkg-config executable '/usr/sbin/pkg-config'
#15 23.92 env[PKG_CONFIG_PATH]: 
#15 23.92 env[PKG_CONFIG]: /usr/sbin/pkg-config
#15 23.92 -----------
#15 23.92 Called: `/usr/sbin/pkg-config --modversion xcb` -> 0
#15 23.92 stdout:
#15 23.92 1.17.0
#15 23.92 -----------
#15 23.92 env[PKG_CONFIG_PATH]: 
#15 23.92 env[PKG_CONFIG]: /usr/sbin/pkg-config
#15 23.92 -----------
#15 23.92 Called: `/usr/sbin/pkg-config --cflags xcb` -> 0
#15 23.92 env[PKG_CONFIG_ALLOW_SYSTEM_LIBS]: 1
#15 23.92 env[PKG_CONFIG_PATH]: 
#15 23.92 env[PKG_CONFIG]: /usr/sbin/pkg-config
#15 23.92 -----------
#15 23.92 Called: `/usr/sbin/pkg-config --libs xcb` -> 0
#15 23.92 stdout:
#15 23.92 -L/usr/lib -lxcb
#15 23.92 -----------
#15 23.92 env[PKG_CONFIG_PATH]: 
#15 23.92 env[PKG_CONFIG]: /usr/sbin/pkg-config
#15 23.92 -----------
#15 23.92 Called: `/usr/sbin/pkg-config --libs xcb` -> 0
#15 23.92 stdout:
#15 23.92 -lxcb
#15 23.92 -----------
#15 23.92 Run-time dependency xcb found: YES 1.17.0
#15 23.92 Determining dependency 'xcb-randr' with pkg-config executable '/usr/sbin/pkg-config'
#15 23.92 env[PKG_CONFIG_PATH]: 
#15 23.92 env[PKG_CONFIG]: /usr/sbin/pkg-config
#15 23.92 -----------
#15 23.92 Called: `/usr/sbin/pkg-config --modversion xcb-randr` -> 0
#15 23.92 stdout:
#15 23.92 1.17.0
#15 23.92 -----------
#15 23.92 env[PKG_CONFIG_PATH]: 
#15 23.92 env[PKG_CONFIG]: /usr/sbin/pkg-config
#15 23.92 -----------
#15 23.92 Called: `/usr/sbin/pkg-config --cflags xcb-randr` -> 0
#15 23.92 env[PKG_CONFIG_ALLOW_SYSTEM_LIBS]: 1
#15 23.92 env[PKG_CONFIG_PATH]: 
#15 23.92 env[PKG_CONFIG]: /usr/sbin/pkg-config
#15 23.92 -----------
#15 23.92 Called: `/usr/sbin/pkg-config --libs xcb-randr` -> 0
#15 23.92 stdout:
#15 23.92 -L/usr/lib -lxcb-randr
#15 23.92 -----------
#15 23.92 env[PKG_CONFIG_PATH]: 
#15 23.92 env[PKG_CONFIG]: /usr/sbin/pkg-config
#15 23.92 -----------
#15 23.92 Called: `/usr/sbin/pkg-config --libs xcb-randr` -> 0
#15 23.92 stdout:
#15 23.92 -lxcb-randr
#15 23.92 -----------
#15 23.92 Run-time dependency xcb-randr found: YES 1.17.0
#15 23.92 Determining dependency 'x11' with pkg-config executable '/usr/sbin/pkg-config'
#15 23.92 env[PKG_CONFIG_PATH]: 
#15 23.92 env[PKG_CONFIG]: /usr/sbin/pkg-config
#15 23.92 -----------
#15 23.92 Called: `/usr/sbin/pkg-config --modversion x11` -> 0
#15 23.92 stdout:
#15 23.92 1.8.12
#15 23.92 -----------
#15 23.92 env[PKG_CONFIG_PATH]: 
#15 23.92 env[PKG_CONFIG]: /usr/sbin/pkg-config
#15 23.92 -----------
#15 23.92 Called: `/usr/sbin/pkg-config --cflags x11` -> 0
#15 23.92 env[PKG_CONFIG_ALLOW_SYSTEM_LIBS]: 1
#15 23.92 env[PKG_CONFIG_PATH]: 
#15 23.92 env[PKG_CONFIG]: /usr/sbin/pkg-config
#15 23.92 -----------
#15 23.92 Called: `/usr/sbin/pkg-config --libs x11` -> 0
#15 23.92 stdout:
#15 23.92 -L/usr/lib -lX11
#15 23.92 -----------
#15 23.92 env[PKG_CONFIG_PATH]: 
#15 23.92 env[PKG_CONFIG]: /usr/sbin/pkg-config
#15 23.92 -----------
#15 23.92 Called: `/usr/sbin/pkg-config --libs x11` -> 0
#15 23.92 stdout:
#15 23.92 -lX11
#15 23.92 -----------
#15 23.92 Run-time dependency x11 found: YES 1.8.12
#15 23.92 Determining dependency 'xext' with pkg-config executable '/usr/sbin/pkg-config'
#15 23.92 env[PKG_CONFIG_PATH]: 
#15 23.92 env[PKG_CONFIG]: /usr/sbin/pkg-config
#15 23.92 -----------
#15 23.92 Called: `/usr/sbin/pkg-config --modversion xext` -> 0
#15 23.92 stdout:
#15 23.92 1.3.6
#15 23.92 -----------
#15 23.92 env[PKG_CONFIG_PATH]: 
#15 23.92 env[PKG_CONFIG]: /usr/sbin/pkg-config
#15 23.92 -----------
#15 23.92 Called: `/usr/sbin/pkg-config --cflags xext` -> 0
#15 23.92 env[PKG_CONFIG_ALLOW_SYSTEM_LIBS]: 1
#15 23.92 env[PKG_CONFIG_PATH]: 
#15 23.92 env[PKG_CONFIG]: /usr/sbin/pkg-config
#15 23.92 -----------
#15 23.92 Called: `/usr/sbin/pkg-config --libs xext` -> 0
#15 23.92 stdout:
#15 23.92 -L/usr/lib -lXext
#15 23.92 -----------
#15 23.92 env[PKG_CONFIG_PATH]: 
#15 23.92 env[PKG_CONFIG]: /usr/sbin/pkg-config
#15 23.92 -----------
#15 23.92 Called: `/usr/sbin/pkg-config --libs xext` -> 0
#15 23.92 stdout:
#15 23.92 -lXext
#15 23.92 -----------
#15 23.92 Run-time dependency xext found: YES 1.3.6
#15 23.92 Determining dependency 'xcb-glx' with pkg-config executable '/usr/sbin/pkg-config'
#15 23.92 env[PKG_CONFIG_PATH]: 
#15 23.92 env[PKG_CONFIG]: /usr/sbin/pkg-config
#15 23.92 -----------
#15 23.92 Called: `/usr/sbin/pkg-config --modversion xcb-glx` -> 0
#15 23.92 stdout:
#15 23.92 1.17.0
#15 23.92 -----------
#15 23.92 env[PKG_CONFIG_PATH]: 
#15 23.92 env[PKG_CONFIG]: /usr/sbin/pkg-config
#15 23.92 -----------
#15 23.92 Called: `/usr/sbin/pkg-config --cflags xcb-glx` -> 0
#15 23.92 env[PKG_CONFIG_ALLOW_SYSTEM_LIBS]: 1
#15 23.92 env[PKG_CONFIG_PATH]: 
#15 23.92 env[PKG_CONFIG]: /usr/sbin/pkg-config
#15 23.92 -----------
#15 23.92 Called: `/usr/sbin/pkg-config --libs xcb-glx` -> 0
#15 23.92 stdout:
#15 23.92 -L/usr/lib -lxcb-glx
#15 23.92 -----------
#15 23.92 env[PKG_CONFIG_PATH]: 
#15 23.92 env[PKG_CONFIG]: /usr/sbin/pkg-config
#15 23.92 -----------
#15 23.92 Called: `/usr/sbin/pkg-config --libs xcb-glx` -> 0
#15 23.92 stdout:
#15 23.92 -lxcb-glx
#15 23.92 -----------
#15 23.92 Run-time dependency xcb-glx found: YES 1.17.0
#15 23.92 Determining dependency 'xcb-shm' with pkg-config executable '/usr/sbin/pkg-config'
#15 23.92 env[PKG_CONFIG_PATH]: 
#15 23.92 env[PKG_CONFIG]: /usr/sbin/pkg-config
#15 23.92 -----------
#15 23.92 Called: `/usr/sbin/pkg-config --modversion xcb-shm` -> 0
#15 23.92 stdout:
#15 23.92 1.17.0
#15 23.92 -----------
#15 23.92 env[PKG_CONFIG_PATH]: 
#15 23.92 env[PKG_CONFIG]: /usr/sbin/pkg-config
#15 23.92 -----------
#15 23.92 Called: `/usr/sbin/pkg-config --cflags xcb-shm` -> 0
#15 23.92 env[PKG_CONFIG_ALLOW_SYSTEM_LIBS]: 1
#15 23.92 env[PKG_CONFIG_PATH]: 
#15 23.92 env[PKG_CONFIG]: /usr/sbin/pkg-config
#15 23.92 -----------
#15 23.92 Called: `/usr/sbin/pkg-config --libs xcb-shm` -> 0
#15 23.92 stdout:
#15 23.92 -L/usr/lib -lxcb-shm
#15 23.92 -----------
#15 23.92 env[PKG_CONFIG_PATH]: 
#15 23.92 env[PKG_CONFIG]: /usr/sbin/pkg-config
#15 23.92 -----------
#15 23.92 Called: `/usr/sbin/pkg-config --libs xcb-shm` -> 0
#15 23.92 stdout:
#15 23.92 -lxcb-shm
#15 23.92 -----------
#15 23.92 Run-time dependency xcb-shm found: YES 1.17.0
#15 23.92 Dependency xcb found: YES 1.17.0 (cached)
#15 23.92 Determining dependency 'xcb-keysyms' with pkg-config executable '/usr/sbin/pkg-config'
#15 23.92 env[PKG_CONFIG_PATH]: 
#15 23.92 env[PKG_CONFIG]: /usr/sbin/pkg-config
#15 23.92 -----------
#15 23.92 Called: `/usr/sbin/pkg-config --modversion xcb-keysyms` -> 0
#15 23.92 stdout:
#15 23.92 0.4.1
#15 23.92 -----------
#15 23.92 env[PKG_CONFIG_PATH]: 
#15 23.92 env[PKG_CONFIG]: /usr/sbin/pkg-config
#15 23.92 -----------
#15 23.92 Called: `/usr/sbin/pkg-config --cflags xcb-keysyms` -> 0
#15 23.92 env[PKG_CONFIG_ALLOW_SYSTEM_LIBS]: 1
#15 23.92 env[PKG_CONFIG_PATH]: 
#15 23.92 env[PKG_CONFIG]: /usr/sbin/pkg-config
#15 23.92 -----------
#15 23.92 Called: `/usr/sbin/pkg-config --libs xcb-keysyms` -> 0
#15 23.92 stdout:
#15 23.92 -L/usr/lib -lxcb-keysyms -lxcb
#15 23.92 -----------
#15 23.92 env[PKG_CONFIG_PATH]: 
#15 23.92 env[PKG_CONFIG]: /usr/sbin/pkg-config
#15 23.92 -----------
#15 23.92 Called: `/usr/sbin/pkg-config --libs xcb-keysyms` -> 0
#15 23.92 stdout:
#15 23.92 -lxcb-keysyms -lxcb
#15 23.92 -----------
#15 23.92 Run-time dependency xcb-keysyms found: YES 0.4.1
#15 23.92 Determining dependency 'x11-xcb' with pkg-config executable '/usr/sbin/pkg-config'
#15 23.92 env[PKG_CONFIG_PATH]: 
#15 23.92 env[PKG_CONFIG]: /usr/sbin/pkg-config
#15 23.92 -----------
#15 23.92 Called: `/usr/sbin/pkg-config --modversion x11-xcb` -> 0
#15 23.92 stdout:
#15 23.92 1.8.12
#15 23.92 -----------
#15 23.92 env[PKG_CONFIG_PATH]: 
#15 23.92 env[PKG_CONFIG]: /usr/sbin/pkg-config
#15 23.92 -----------
#15 23.92 Called: `/usr/sbin/pkg-config --cflags x11-xcb` -> 0
#15 23.92 env[PKG_CONFIG_ALLOW_SYSTEM_LIBS]: 1
#15 23.92 env[PKG_CONFIG_PATH]: 
#15 23.92 env[PKG_CONFIG]: /usr/sbin/pkg-config
#15 23.92 -----------
#15 23.92 Called: `/usr/sbin/pkg-config --libs x11-xcb` -> 0
#15 23.92 stdout:
#15 23.92 -L/usr/lib -lX11-xcb -lX11 -lxcb
#15 23.92 -----------
#15 23.92 env[PKG_CONFIG_PATH]: 
#15 23.92 env[PKG_CONFIG]: /usr/sbin/pkg-config
#15 23.92 -----------
#15 23.92 Called: `/usr/sbin/pkg-config --libs x11-xcb` -> 0
#15 23.92 stdout:
#15 23.92 -lX11-xcb -lX11 -lxcb
#15 23.92 -----------
#15 23.92 Run-time dependency x11-xcb found: YES 1.8.12
#15 23.92 Determining dependency 'xcb-dri3' with pkg-config executable '/usr/sbin/pkg-config'
#15 23.92 env[PKG_CONFIG_PATH]: 
#15 23.92 env[PKG_CONFIG]: /usr/sbin/pkg-config
#15 23.92 -----------
#15 23.92 Called: `/usr/sbin/pkg-config --modversion xcb-dri3` -> 0
#15 23.92 stdout:
#15 23.92 1.17.0
#15 23.92 -----------
#15 23.92 env[PKG_CONFIG_PATH]: 
#15 23.92 env[PKG_CONFIG]: /usr/sbin/pkg-config
#15 23.92 -----------
#15 23.92 Called: `/usr/sbin/pkg-config --cflags xcb-dri3` -> 0
#15 23.92 env[PKG_CONFIG_ALLOW_SYSTEM_LIBS]: 1
#15 23.92 env[PKG_CONFIG_PATH]: 
#15 23.92 env[PKG_CONFIG]: /usr/sbin/pkg-config
#15 23.92 -----------
#15 23.92 Called: `/usr/sbin/pkg-config --libs xcb-dri3` -> 0
#15 23.92 stdout:
#15 23.92 -L/usr/lib -lxcb-dri3
#15 23.92 -----------
#15 23.92 env[PKG_CONFIG_PATH]: 
#15 23.92 env[PKG_CONFIG]: /usr/sbin/pkg-config
#15 23.92 -----------
#15 23.92 Called: `/usr/sbin/pkg-config --libs xcb-dri3` -> 0
#15 23.92 stdout:
#15 23.92 -lxcb-dri3
#15 23.92 -----------
#15 23.92 Run-time dependency xcb-dri3 found: YES 1.17.0
#15 23.92 Determining dependency 'xcb-present' with pkg-config executable '/usr/sbin/pkg-config'
#15 23.92 env[PKG_CONFIG_PATH]: 
#15 23.92 env[PKG_CONFIG]: /usr/sbin/pkg-config
#15 23.92 -----------
#15 23.92 Called: `/usr/sbin/pkg-config --modversion xcb-present` -> 0
#15 23.92 stdout:
#15 23.92 1.17.0
#15 23.92 -----------
#15 23.92 env[PKG_CONFIG_PATH]: 
#15 23.92 env[PKG_CONFIG]: /usr/sbin/pkg-config
#15 23.92 -----------
#15 23.92 Called: `/usr/sbin/pkg-config --cflags xcb-present` -> 0
#15 23.92 env[PKG_CONFIG_ALLOW_SYSTEM_LIBS]: 1
#15 23.92 env[PKG_CONFIG_PATH]: 
#15 23.92 env[PKG_CONFIG]: /usr/sbin/pkg-config
#15 23.92 -----------
#15 23.92 Called: `/usr/sbin/pkg-config --libs xcb-present` -> 0
#15 23.92 stdout:
#15 23.92 -L/usr/lib -lxcb-present
#15 23.92 -----------
#15 23.92 env[PKG_CONFIG_PATH]: 
#15 23.92 env[PKG_CONFIG]: /usr/sbin/pkg-config
#15 23.92 -----------
#15 23.92 Called: `/usr/sbin/pkg-config --libs xcb-present` -> 0
#15 23.92 stdout:
#15 23.92 -lxcb-present
#15 23.92 -----------
#15 23.92 Run-time dependency xcb-present found: YES 1.17.0
#15 23.92 Dependency xcb-shm found: YES 1.17.0 (cached)
#15 23.92 Determining dependency 'xcb-sync' with pkg-config executable '/usr/sbin/pkg-config'
#15 23.92 env[PKG_CONFIG_PATH]: 
#15 23.92 env[PKG_CONFIG]: /usr/sbin/pkg-config
#15 23.92 -----------
#15 23.92 Called: `/usr/sbin/pkg-config --modversion xcb-sync` -> 0
#15 23.92 stdout:
#15 23.92 1.17.0
#15 23.92 -----------
#15 23.92 env[PKG_CONFIG_PATH]: 
#15 23.92 env[PKG_CONFIG]: /usr/sbin/pkg-config
#15 23.92 -----------
#15 23.92 Called: `/usr/sbin/pkg-config --cflags xcb-sync` -> 0
#15 23.92 env[PKG_CONFIG_ALLOW_SYSTEM_LIBS]: 1
#15 23.92 env[PKG_CONFIG_PATH]: 
#15 23.92 env[PKG_CONFIG]: /usr/sbin/pkg-config
#15 23.92 -----------
#15 23.92 Called: `/usr/sbin/pkg-config --libs xcb-sync` -> 0
#15 23.92 stdout:
#15 23.92 -L/usr/lib -lxcb-sync
#15 23.92 -----------
#15 23.92 env[PKG_CONFIG_PATH]: 
#15 23.92 env[PKG_CONFIG]: /usr/sbin/pkg-config
#15 23.92 -----------
#15 23.92 Called: `/usr/sbin/pkg-config --libs xcb-sync` -> 0
#15 23.92 stdout:
#15 23.92 -lxcb-sync
#15 23.92 -----------
#15 23.92 Run-time dependency xcb-sync found: YES 1.17.0
#15 23.92 Determining dependency 'xshmfence' with pkg-config executable '/usr/sbin/pkg-config'
#15 23.92 env[PKG_CONFIG_PATH]: 
#15 23.92 env[PKG_CONFIG]: /usr/sbin/pkg-config
#15 23.92 -----------
#15 23.92 Called: `/usr/sbin/pkg-config --modversion xshmfence` -> 0
#15 23.92 stdout:
#15 23.92 1.3.3
#15 23.92 -----------
#15 23.92 env[PKG_CONFIG_PATH]: 
#15 23.92 env[PKG_CONFIG]: /usr/sbin/pkg-config
#15 23.92 -----------
#15 23.92 Called: `/usr/sbin/pkg-config --cflags xshmfence` -> 0
#15 23.92 env[PKG_CONFIG_ALLOW_SYSTEM_LIBS]: 1
#15 23.92 env[PKG_CONFIG_PATH]: 
#15 23.92 env[PKG_CONFIG]: /usr/sbin/pkg-config
#15 23.92 -----------
#15 23.92 Called: `/usr/sbin/pkg-config --libs xshmfence` -> 0
#15 23.92 stdout:
#15 23.92 -L/usr/lib -lxshmfence
#15 23.92 -----------
#15 23.92 env[PKG_CONFIG_PATH]: 
#15 23.92 env[PKG_CONFIG]: /usr/sbin/pkg-config
#15 23.92 -----------
#15 23.92 Called: `/usr/sbin/pkg-config --libs xshmfence` -> 0
#15 23.92 stdout:
#15 23.92 -lxshmfence
#15 23.92 -----------
#15 23.92 Run-time dependency xshmfence found: YES 1.3.3
#15 23.92 Determining dependency 'glproto' with pkg-config executable '/usr/sbin/pkg-config'
#15 23.92 env[PKG_CONFIG_PATH]: 
#15 23.92 env[PKG_CONFIG]: /usr/sbin/pkg-config
#15 23.92 -----------
#15 23.92 Called: `/usr/sbin/pkg-config --modversion glproto` -> 0
#15 23.92 stdout:
#15 23.92 1.4.17
#15 23.92 -----------
#15 23.92 env[PKG_CONFIG_PATH]: 
#15 23.92 env[PKG_CONFIG]: /usr/sbin/pkg-config
#15 23.92 -----------
#15 23.92 Called: `/usr/sbin/pkg-config --cflags glproto` -> 0
#15 23.92 env[PKG_CONFIG_ALLOW_SYSTEM_LIBS]: 1
#15 23.92 env[PKG_CONFIG_PATH]: 
#15 23.92 env[PKG_CONFIG]: /usr/sbin/pkg-config
#15 23.92 -----------
#15 23.92 Called: `/usr/sbin/pkg-config --libs glproto` -> 0
#15 23.92 env[PKG_CONFIG_PATH]: 
#15 23.92 env[PKG_CONFIG]: /usr/sbin/pkg-config
#15 23.92 -----------
#15 23.92 Called: `/usr/sbin/pkg-config --libs glproto` -> 0
#15 23.92 Run-time dependency glproto found: YES 1.4.17
#15 23.92 Determining dependency 'xxf86vm' with pkg-config executable '/usr/sbin/pkg-config'
#15 23.92 env[PKG_CONFIG_PATH]: 
#15 23.92 env[PKG_CONFIG]: /usr/sbin/pkg-config
#15 23.92 -----------
#15 23.92 Called: `/usr/sbin/pkg-config --modversion xxf86vm` -> 0
#15 23.92 stdout:
#15 23.92 1.1.6
#15 23.92 -----------
#15 23.92 env[PKG_CONFIG_PATH]: 
#15 23.92 env[PKG_CONFIG]: /usr/sbin/pkg-config
#15 23.92 -----------
#15 23.92 Called: `/usr/sbin/pkg-config --cflags xxf86vm` -> 0
#15 23.92 env[PKG_CONFIG_ALLOW_SYSTEM_LIBS]: 1
#15 23.92 env[PKG_CONFIG_PATH]: 
#15 23.92 env[PKG_CONFIG]: /usr/sbin/pkg-config
#15 23.92 -----------
#15 23.92 Called: `/usr/sbin/pkg-config --libs xxf86vm` -> 0
#15 23.92 stdout:
#15 23.92 -L/usr/lib -lXxf86vm
#15 23.92 -----------
#15 23.92 env[PKG_CONFIG_PATH]: 
#15 23.92 env[PKG_CONFIG]: /usr/sbin/pkg-config
#15 23.92 -----------
#15 23.92 Called: `/usr/sbin/pkg-config --libs xxf86vm` -> 0
#15 23.92 stdout:
#15 23.92 -lXxf86vm
#15 23.92 -----------
#15 23.92 Run-time dependency xxf86vm found: YES 1.1.6
#15 23.92 Determining dependency 'xcb-xfixes' with pkg-config executable '/usr/sbin/pkg-config'
#15 23.92 env[PKG_CONFIG_PATH]: 
#15 23.92 env[PKG_CONFIG]: /usr/sbin/pkg-config
#15 23.92 -----------
#15 23.92 Called: `/usr/sbin/pkg-config --modversion xcb-xfixes` -> 0
#15 23.92 stdout:
#15 23.92 1.17.0
#15 23.92 -----------
#15 23.92 env[PKG_CONFIG_PATH]: 
#15 23.92 env[PKG_CONFIG]: /usr/sbin/pkg-config
#15 23.92 -----------
#15 23.92 Called: `/usr/sbin/pkg-config --cflags xcb-xfixes` -> 0
#15 23.92 env[PKG_CONFIG_ALLOW_SYSTEM_LIBS]: 1
#15 23.92 env[PKG_CONFIG_PATH]: 
#15 23.92 env[PKG_CONFIG]: /usr/sbin/pkg-config
#15 23.92 -----------
#15 23.92 Called: `/usr/sbin/pkg-config --libs xcb-xfixes` -> 0
#15 23.92 stdout:
#15 23.92 -L/usr/lib -lxcb-xfixes
#15 23.92 -----------
#15 23.92 env[PKG_CONFIG_PATH]: 
#15 23.92 env[PKG_CONFIG]: /usr/sbin/pkg-config
#15 23.92 -----------
#15 23.92 Called: `/usr/sbin/pkg-config --libs xcb-xfixes` -> 0
#15 23.92 stdout:
#15 23.92 -lxcb-xfixes
#15 23.92 -----------
#15 23.92 Run-time dependency xcb-xfixes found: YES 1.17.0
#15 23.92 Dependency xcb-dri3 found: YES 1.17.0 (cached)
#15 23.92 Dependency xcb-present found: YES 1.17.0 (cached)
#15 23.92 Dependency xcb-shm found: YES 1.17.0 (cached)
#15 23.92 Dependency xshmfence found: YES 1.3.3 (cached)
#15 23.92 Dependency xcb-randr found: YES 1.17.0 (cached)
#15 23.92 Determining dependency 'xrandr' with pkg-config executable '/usr/sbin/pkg-config'
#15 23.92 env[PKG_CONFIG_PATH]: 
#15 23.92 env[PKG_CONFIG]: /usr/sbin/pkg-config
#15 23.92 -----------
#15 23.92 Called: `/usr/sbin/pkg-config --modversion xrandr` -> 0
#15 23.92 stdout:
#15 23.92 1.5.4
#15 23.92 -----------
#15 23.92 env[PKG_CONFIG_PATH]: 
#15 23.92 env[PKG_CONFIG]: /usr/sbin/pkg-config
#15 23.92 -----------
#15 23.92 Called: `/usr/sbin/pkg-config --cflags xrandr` -> 0
#15 23.92 env[PKG_CONFIG_ALLOW_SYSTEM_LIBS]: 1
#15 23.92 env[PKG_CONFIG_PATH]: 
#15 23.92 env[PKG_CONFIG]: /usr/sbin/pkg-config
#15 23.92 -----------
#15 23.92 Called: `/usr/sbin/pkg-config --libs xrandr` -> 0
#15 23.92 stdout:
#15 23.92 -L/usr/lib -lXrandr
#15 23.92 -----------
#15 23.92 env[PKG_CONFIG_PATH]: 
#15 23.92 env[PKG_CONFIG]: /usr/sbin/pkg-config
#15 23.92 -----------
#15 23.92 Called: `/usr/sbin/pkg-config --libs xrandr` -> 0
#15 23.92 stdout:
#15 23.92 -lXrandr
#15 23.92 -----------
#15 23.92 Run-time dependency xrandr found: YES 1.5.4
#15 23.92 Library sensors skipped: feature lmsensors disabled
#15 23.92 Program nm found: YES (/usr/sbin/nm)
#15 23.92 Program symbols-check.py found: YES (/usr/bin/python /mesa/bin/symbols-check.py)
#15 23.92 Program install_megadrivers.py found: YES (/usr/bin/python /mesa/bin/install_megadrivers.py)
#15 23.92 Running compile:
#15 23.92 Working directory:  /mesa/_build/meson-private/tmpxxotbydj
#15 23.92 Code:
#15 23.92 
#15 23.92         #include<stddef.h>
#15 23.92         #include<stdio.h>
#15 23.92         int main(void) {
#15 23.92             printf("%ld\n", (long)(sizeof(void *)));
#15 23.92             return 0;
#15 23.92         }
#15 23.92 -----------
#15 23.92 Command line: `/usr/sbin/clang -L/msan/lib -L/libcxx_msan/lib /mesa/_build/meson-private/tmpxxotbydj/testfile.c -o /mesa/_build/meson-private/tmpxxotbydj/output.exe -fsanitize=memory -fsanitize-memory-track-origins -fno-omit-frame-pointer -g -D_FILE_OFFSET_BITS=64 -O0 -Werror=implicit-function-declaration -std=c11 -Wl,-rpath,/msan/lib -Wl,-rpath,/libcxx_msan/lib -Wl,--start-group -lc++ -lc++abi -Wl,--end-group` -> 0
#15 23.92 Program stdout:
#15 23.92 
#15 23.92 8
#15 23.92 
#15 23.92 Program stderr:
#15 23.92 
#15 23.92 
#15 23.92 Checking for size of "void *" : 8 
#15 23.92 env[PKG_CONFIG_PATH]: 
#15 23.92 env[PKG_CONFIG]: /usr/sbin/pkg-config
#15 23.92 -----------
#15 23.92 Called: `/usr/sbin/pkg-config --variable=pkgdatadir wayland-protocols` -> 0
#15 23.92 stdout:
#15 23.92 //usr/share/wayland-protocols
#15 23.92 -----------
#15 23.92 Got pkg-config variable pkgdatadir : //usr/share/wayland-protocols
#15 23.92 env[PKG_CONFIG_PATH]: 
#15 23.92 env[PKG_CONFIG]: /usr/sbin/pkg-config
#15 23.92 -----------
#15 23.92 Called: `/usr/sbin/pkg-config --variable=libexecdir libclc` -> 0
#15 23.92 stdout:
#15 23.92 /usr/share/clc
#15 23.92 -----------
#15 23.92 Got pkg-config variable libexecdir : /usr/share/clc
#15 23.92 Running compile:
#15 23.92 Working directory:  /mesa/_build/meson-private/tmpo8c969qp
#15 23.92 Code:
#15 23.92 
#15 23.92         #define mmap meson_disable_define_of_mmap
#15 23.92         
#15 23.92         #include <limits.h>
#15 23.92         #undef mmap
#15 23.92         
#15 23.92         #ifdef __cplusplus
#15 23.92         extern "C"
#15 23.92         #endif
#15 23.92         char mmap (void);
#15 23.92         
#15 23.92         #if defined __stub_mmap || defined __stub___mmap
#15 23.92         fail fail fail this function is not going to work
#15 23.92         #endif
#15 23.92         
#15 23.92         int main(void) {
#15 23.92           return mmap ();
#15 23.92         }
#15 23.92 -----------
#15 23.92 Command line: `/usr/sbin/clang -L/msan/lib -L/libcxx_msan/lib /mesa/_build/meson-private/tmpo8c969qp/testfile.c -o /mesa/_build/meson-private/tmpo8c969qp/output.exe -fsanitize=memory -fsanitize-memory-track-origins -fno-omit-frame-pointer -g -D_FILE_OFFSET_BITS=64 -O0 -Werror=implicit-function-declaration -std=c11 -Wl,-rpath,/msan/lib -Wl,-rpath,/libcxx_msan/lib -Wl,--start-group -lc++ -lc++abi -Wl,--end-group` -> 0
#15 23.92 Checking for function "mmap" : YES 
#15 23.92 Running compile:
#15 23.92 Working directory:  /mesa/_build/meson-private/tmptn3a19z3
#15 23.92 Code:
#15 23.92 #include <spirv-tools/linker.hpp>
#15 23.92         void bar(void) {
#15 23.92             spvtools::LinkerOptions foo;
#15 23.92             (void) ( foo.SetAllowPtrTypeMismatch(true) );
#15 23.92 
#15 23.92             (void) foo;
#15 23.92         }
#15 23.92 -----------
#15 23.92 Command line: `/usr/sbin/clang++ /mesa/_build/meson-private/tmptn3a19z3/testfile.cpp -o /mesa/_build/meson-private/tmptn3a19z3/output.obj -c -fsanitize=memory -fsanitize-memory-track-origins -fno-omit-frame-pointer -g -std=c++23 -nostdinc++ -isystem /libcxx_msan/include/c++/v1/ -D_FILE_OFFSET_BITS=64 -O0 -fpermissive -Werror=implicit-function-declaration -Werror=unknown-warning-option -Werror=unused-command-line-argument -Werror=ignored-optimization-argument -std=c++17` -> 0
#15 23.92 Checking whether type "spvtools::LinkerOptions" has member "SetAllowPtrTypeMismatch(true)" with dependency SPIRV-Tools: YES 
#15 23.92 Running compile:
#15 23.92 Working directory:  /mesa/_build/meson-private/tmppodmw7at
#15 23.92 Code:
#15 23.92 int main(void) { return 0; }
#15 23.92 
#15 23.92 -----------
#15 23.92 Command line: `/usr/sbin/clang -L/msan/lib -L/libcxx_msan/lib /mesa/_build/meson-private/tmppodmw7at/testfile.c -o /mesa/_build/meson-private/tmppodmw7at/output.exe -fsanitize=memory -fsanitize-memory-track-origins -fno-omit-frame-pointer -g -D_FILE_OFFSET_BITS=64 -O0 -Werror=implicit-function-declaration -Wl,--fatal-warnings -fPIC -Wl,-rpath,/msan/lib -Wl,-rpath,/libcxx_msan/lib -Wl,--start-group -lc++ -lc++abi -Wl,--end-group` -> 0
#15 23.92 Compiler for C supports link arguments -fPIC: YES 
#15 23.92 Program decode.py found: YES (/mesa/src/compiler/isaspec/decode.py)
#15 23.92 Program encode.py found: YES (/mesa/src/compiler/isaspec/encode.py)
#15 23.92 Program bindgen found: YES (/usr/sbin/bindgen)
#15 23.92 Looking for a fallback subproject for the dependency syn because:
#15 23.92 Use of fallback dependencies is forced.
#15 23.92 Downloading syn source from https://crates.io/api/v1/crates/syn/2.0.87/download
#15 23.92 
#15 23.92 Executing subproject syn 
#15 23.92 
#15 23.92 Project name: syn
#15 23.92 Project version: 2.0.87
#15 23.92 Rust compiler for the host machine: rustc -C linker=/usr/sbin/clang (rustc 1.90.0 "1.90.0")
#15 23.92 Rust linker for the host machine: rustc -C linker=/usr/sbin/clang ld.bfd 2.45.0
#15 23.92 Rust compiler for the build machine: rustc -C linker=/usr/sbin/clang (rustc 1.90.0 "1.90.0")
#15 23.92 Rust linker for the build machine: rustc -C linker=/usr/sbin/clang ld.bfd 2.45.0
#15 23.92 Downloading unicode-ident source from https://crates.io/api/v1/crates/unicode-ident/1.0.12/download
#15 23.92 
#15 23.92 Executing subproject syn:unicode-ident 
#15 23.92 
#15 23.92 Project name: unicode-ident
#15 23.92 Project version: 1.0.12
#15 23.92 Rust compiler for the host machine: rustc -C linker=/usr/sbin/clang (rustc 1.90.0 "1.90.0")
#15 23.92 Rust linker for the host machine: rustc -C linker=/usr/sbin/clang ld.bfd 2.45.0
#15 23.92 Rust compiler for the build machine: rustc -C linker=/usr/sbin/clang (rustc 1.90.0 "1.90.0")
#15 23.92 Rust linker for the build machine: rustc -C linker=/usr/sbin/clang ld.bfd 2.45.0
#15 23.92 subprojects/unicode-ident-1.0.12/meson.build:8: WARNING: Project does not target a minimum version but uses feature introduced in '1.3.0': rust_abi arg in static_library.
#15 23.92 Build targets in project: 104
#15 23.92 WARNING: Project specifies no minimum version but uses features which were added in versions:
#15 23.92  * 1.3.0: {'rust_abi arg in static_library'}
#15 23.92 Subproject unicode-ident finished.
#15 23.92 
#15 23.92 Downloading quote source from https://crates.io/api/v1/crates/quote/1.0.35/download
#15 23.92 
#15 23.92 Executing subproject syn:quote 
#15 23.92 
#15 23.92 Project name: quote
#15 23.92 Project version: 1.0.35
#15 23.92 Rust compiler for the host machine: rustc -C linker=/usr/sbin/clang (rustc 1.90.0 "1.90.0")
#15 23.92 Rust linker for the host machine: rustc -C linker=/usr/sbin/clang ld.bfd 2.45.0
#15 23.92 Rust compiler for the build machine: rustc -C linker=/usr/sbin/clang (rustc 1.90.0 "1.90.0")
#15 23.92 Rust linker for the build machine: rustc -C linker=/usr/sbin/clang ld.bfd 2.45.0
#15 23.92 Downloading proc-macro2 source from https://crates.io/api/v1/crates/proc-macro2/1.0.86/download
#15 23.92 
#15 23.92 Executing subproject syn:quote:proc-macro2 
#15 23.92 
#15 23.92 Project name: proc-macro2
#15 23.92 Project version: 1.0.86
#15 23.92 Rust compiler for the host machine: rustc -C linker=/usr/sbin/clang (rustc 1.90.0 "1.90.0")
#15 23.92 Rust linker for the host machine: rustc -C linker=/usr/sbin/clang ld.bfd 2.45.0
#15 23.92 Rust compiler for the build machine: rustc -C linker=/usr/sbin/clang (rustc 1.90.0 "1.90.0")
#15 23.92 Rust linker for the build machine: rustc -C linker=/usr/sbin/clang ld.bfd 2.45.0
#15 23.92 subprojects/proc-macro2-1.0.86/meson.build:56: WARNING: Project does not target a minimum version but uses feature introduced in '1.3.0': rust_abi arg in static_library.
#15 23.92 Build targets in project: 105
#15 23.92 WARNING: Project specifies no minimum version but uses features which were added in versions:
#15 23.92  * 1.3.0: {'rust_abi arg in static_library'}
#15 23.92 Subproject proc-macro2 finished.
#15 23.92 
#15 23.92 subprojects/quote-1.0.35/meson.build:24: WARNING: Project does not target a minimum version but uses feature introduced in '1.3.0': rust_abi arg in static_library.
#15 23.92 Build targets in project: 106
#15 23.92 WARNING: Project specifies no minimum version but uses features which were added in versions:
#15 23.92  * 1.3.0: {'rust_abi arg in static_library'}
#15 23.92 Subproject quote finished.
#15 23.92 
#15 23.92 subprojects/syn-2.0.87/meson.build:40: WARNING: Project does not target a minimum version but uses feature introduced in '1.3.0': rust_abi arg in static_library.
#15 23.92 Build targets in project: 107
#15 23.92 WARNING: Project specifies no minimum version but uses features which were added in versions:
#15 23.92  * 1.3.0: {'rust_abi arg in static_library'}
#15 23.92 Subproject syn finished.
#15 23.92 
#15 23.92 Dependency syn from subproject subprojects/syn-2.0.87 found: YES 2.0.87
#15 23.92 Running compile:
#15 23.92 Working directory:  /mesa/_build/meson-private/tmpzsoocmzt
#15 23.92 Code:
#15 23.92 int main(void) { return 0; }
#15 23.92 
#15 23.92 -----------
#15 23.92 Command line: `/usr/sbin/clang -L/msan/lib -L/libcxx_msan/lib /mesa/_build/meson-private/tmpzsoocmzt/testfile.c -o /mesa/_build/meson-private/tmpzsoocmzt/output.exe -fsanitize=memory -fsanitize-memory-track-origins -fno-omit-frame-pointer -g -D_FILE_OFFSET_BITS=64 -O0 -Werror=implicit-function-declaration -Wl,--fatal-warnings -Wl,-Bsymbolic-functions -Wl,-rpath,/msan/lib -Wl,-rpath,/libcxx_msan/lib -Wl,--start-group -lc++ -lc++abi -Wl,--end-group` -> 0
#15 23.92 Compiler for C supports link arguments -Wl,-Bsymbolic-functions: YES 
#15 23.92 Running compile:
#15 23.92 Working directory:  /mesa/_build/meson-private/tmp0irwxk6f
#15 23.92 Code:
#15 23.92 int main(void) { return 0; }
#15 23.92 
#15 23.92 -----------
#15 23.92 Command line: `/usr/sbin/clang -L/msan/lib -L/libcxx_msan/lib /mesa/_build/meson-private/tmp0irwxk6f/testfile.c -o /mesa/_build/meson-private/tmp0irwxk6f/output.exe -fsanitize=memory -fsanitize-memory-track-origins -fno-omit-frame-pointer -g -D_FILE_OFFSET_BITS=64 -O0 -Werror=implicit-function-declaration -Wl,--fatal-warnings -Wl,-z,relro -Wl,-rpath,/msan/lib -Wl,-rpath,/libcxx_msan/lib -Wl,--start-group -lc++ -lc++abi -Wl,--end-group` -> 0
#15 23.92 Compiler for C supports link arguments -Wl,-z,relro: YES 
#15 23.92 Configuring VkLayer_MESA_overlay.json using configuration
#15 23.92 Configuring VkLayer_MESA_overlay.json.in_dev.json using configuration
#15 23.92 Using cached compile:
#15 23.92 Cached command line:  /usr/sbin/clang -L/msan/lib -L/libcxx_msan/lib /mesa/_build/meson-private/tmpzsoocmzt/testfile.c -o /mesa/_build/meson-private/tmpzsoocmzt/output.exe -fsanitize=memory -fsanitize-memory-track-origins -fno-omit-frame-pointer -g -D_FILE_OFFSET_BITS=64 -O0 -Werror=implicit-function-declaration -Wl,--fatal-warnings -Wl,-Bsymbolic-functions -Wl,-rpath,/msan/lib -Wl,-rpath,/libcxx_msan/lib -Wl,--start-group -lc++ -lc++abi -Wl,--end-group 
#15 23.92 
#15 23.92 Code:
#15 23.92  int main(void) { return 0; }
#15 23.92 
#15 23.92 Cached compiler stdout:
#15 23.92  
#15 23.92 Cached compiler stderr:
#15 23.92  
#15 23.92 Compiler for C supports link arguments -Wl,-Bsymbolic-functions: YES (cached)
#15 23.92 Using cached compile:
#15 23.92 Cached command line:  /usr/sbin/clang -L/msan/lib -L/libcxx_msan/lib /mesa/_build/meson-private/tmp0irwxk6f/testfile.c -o /mesa/_build/meson-private/tmp0irwxk6f/output.exe -fsanitize=memory -fsanitize-memory-track-origins -fno-omit-frame-pointer -g -D_FILE_OFFSET_BITS=64 -O0 -Werror=implicit-function-declaration -Wl,--fatal-warnings -Wl,-z,relro -Wl,-rpath,/msan/lib -Wl,-rpath,/libcxx_msan/lib -Wl,--start-group -lc++ -lc++abi -Wl,--end-group 
#15 23.92 
#15 23.92 Code:
#15 23.92  int main(void) { return 0; }
#15 23.92 
#15 23.92 Cached compiler stdout:
#15 23.92  
#15 23.92 Cached compiler stderr:
#15 23.92  
#15 23.92 Compiler for C supports link arguments -Wl,-z,relro: YES (cached)
#15 23.92 Configuring VkLayer_MESA_device_select.json using configuration
#15 23.92 Configuring VkLayer_MESA_device_select.json.in_dev.json using configuration
#15 23.92 Adding test "genxml sort gen40.xml"
#15 23.92 Adding test "genxml sort gen45.xml"
#15 23.92 Adding test "genxml sort gen50.xml"
#15 23.92 Adding test "genxml sort gen60.xml"
#15 23.92 Adding test "genxml sort gen70.xml"
#15 23.92 Adding test "genxml sort gen75.xml"
#15 23.92 Adding test "genxml sort gen80.xml"
#15 23.92 Adding test "genxml sort gen90.xml"
#15 23.92 Adding test "genxml sort gen110.xml"
#15 23.92 Adding test "genxml sort gen120.xml"
#15 23.92 Adding test "genxml sort gen125.xml"
#15 23.92 Adding test "genxml sort gen200.xml"
#15 23.92 Adding test "genxml sort gen300.xml"
#15 23.92 Adding test "genxml sort gen125_rt.xml"
#15 23.92 Adding test "genxml sort gen200_rt.xml"
#15 23.92 Adding test "genxml sort gen300_rt.xml"
#15 23.92 Using cached compile:
#15 23.92 Cached command line:  /usr/sbin/clang -L/msan/lib -L/libcxx_msan/lib /mesa/_build/meson-private/tmpzsoocmzt/testfile.c -o /mesa/_build/meson-private/tmpzsoocmzt/output.exe -fsanitize=memory -fsanitize-memory-track-origins -fno-omit-frame-pointer -g -D_FILE_OFFSET_BITS=64 -O0 -Werror=implicit-function-declaration -Wl,--fatal-warnings -Wl,-Bsymbolic-functions -Wl,-rpath,/msan/lib -Wl,-rpath,/libcxx_msan/lib -Wl,--start-group -lc++ -lc++abi -Wl,--end-group 
#15 23.92 
#15 23.92 Code:
#15 23.92  int main(void) { return 0; }
#15 23.92 
#15 23.92 Cached compiler stdout:
#15 23.92  
#15 23.92 Cached compiler stderr:
#15 23.92  
#15 23.92 Compiler for C supports link arguments -Wl,-Bsymbolic-functions: YES (cached)
#15 23.92 Using cached compile:
#15 23.92 Cached command line:  /usr/sbin/clang -L/msan/lib -L/libcxx_msan/lib /mesa/_build/meson-private/tmp0irwxk6f/testfile.c -o /mesa/_build/meson-private/tmp0irwxk6f/output.exe -fsanitize=memory -fsanitize-memory-track-origins -fno-omit-frame-pointer -g -D_FILE_OFFSET_BITS=64 -O0 -Werror=implicit-function-declaration -Wl,--fatal-warnings -Wl,-z,relro -Wl,-rpath,/msan/lib -Wl,-rpath,/libcxx_msan/lib -Wl,--start-group -lc++ -lc++abi -Wl,--end-group 
#15 23.92 
#15 23.92 Code:
#15 23.92  int main(void) { return 0; }
#15 23.92 
#15 23.92 Cached compiler stdout:
#15 23.92  
#15 23.92 Cached compiler stderr:
#15 23.92  
#15 23.92 Compiler for C supports link arguments -Wl,-z,relro: YES (cached)
#15 23.92 Configuring VkLayer_INTEL_nullhw.json using configuration
#15 23.92 Configuring VkLayer_INTEL_nullhw.json.in_dev.json using configuration
#15 23.92 Running compile:
#15 23.92 Working directory:  /mesa/_build/meson-private/tmppssoga5v
#15 23.92 Code:
#15 23.92 extern int i;
#15 23.92 int i;
#15 23.92 
#15 23.92 -----------
#15 23.92 Command line: `/usr/sbin/clang /mesa/_build/meson-private/tmppssoga5v/testfile.c -o /mesa/_build/meson-private/tmppssoga5v/output.obj -c -fsanitize=memory -fsanitize-memory-track-origins -fno-omit-frame-pointer -g -D_FILE_OFFSET_BITS=64 -O0 -Werror=implicit-function-declaration -Werror=unknown-warning-option -Werror=unused-command-line-argument -Werror=ignored-optimization-argument -Werror=switch` -> 0
#15 23.92 Compiler for C supports arguments -Werror=switch: YES 
#15 23.92 Using cached compile:
#15 23.92 Cached command line:  /usr/sbin/clang++ /mesa/_build/meson-private/tmpd1v1bm8n/testfile.cpp -o /mesa/_build/meson-private/tmpd1v1bm8n/output.obj -c -fsanitize=memory -fsanitize-memory-track-origins -fno-omit-frame-pointer -g -std=c++23 -nostdinc++ -isystem /libcxx_msan/include/c++/v1/ -D_FILE_OFFSET_BITS=64 -O0 -fpermissive -Werror=implicit-function-declaration -Werror=unknown-warning-option -Werror=unused-command-line-argument -Werror=ignored-optimization-argument -Wunused-variable -Wno-unused-variable 
#15 23.92 
#15 23.92 Code:
#15 23.92  extern int i;
#15 23.92 int i;
#15 23.92 
#15 23.92 Cached compiler stdout:
#15 23.92  
#15 23.92 Cached compiler stderr:
#15 23.92  
#15 23.92 Compiler for C++ supports arguments -Wno-unused-variable: YES (cached)
#15 23.92 Running compile:
#15 23.92 Working directory:  /mesa/_build/meson-private/tmp3apd3w_b
#15 23.92 Code:
#15 23.92 extern int i;
#15 23.92 int i;
#15 23.92 
#15 23.92 -----------
#15 23.92 Command line: `/usr/sbin/clang++ /mesa/_build/meson-private/tmp3apd3w_b/testfile.cpp -o /mesa/_build/meson-private/tmp3apd3w_b/output.obj -c -fsanitize=memory -fsanitize-memory-track-origins -fno-omit-frame-pointer -g -std=c++23 -nostdinc++ -isystem /libcxx_msan/include/c++/v1/ -D_FILE_OFFSET_BITS=64 -O0 -fpermissive -Werror=implicit-function-declaration -Werror=unknown-warning-option -Werror=unused-command-line-argument -Werror=ignored-optimization-argument -Wunused-local-typedefs -Wno-unused-local-typedefs` -> 0
#15 23.92 Compiler for C++ supports arguments -Wno-unused-local-typedefs: YES 
#15 23.92 Using cached compile:
#15 23.92 Cached command line:  /usr/sbin/clang++ /mesa/_build/meson-private/tmpd2xtwqan/testfile.cpp -o /mesa/_build/meson-private/tmpd2xtwqan/output.obj -c -fsanitize=memory -fsanitize-memory-track-origins -fno-omit-frame-pointer -g -std=c++23 -nostdinc++ -isystem /libcxx_msan/include/c++/v1/ -D_FILE_OFFSET_BITS=64 -O0 -fpermissive -Werror=implicit-function-declaration -Werror=unknown-warning-option -Werror=unused-command-line-argument -Werror=ignored-optimization-argument -Wunused-but-set-variable -Wno-unused-but-set-variable 
#15 23.92 
#15 23.92 Code:
#15 23.92  extern int i;
#15 23.92 int i;
#15 23.92 
#15 23.92 Cached compiler stdout:
#15 23.92  
#15 23.92 Cached compiler stderr:
#15 23.92  
#15 23.92 Compiler for C++ supports arguments -Wno-unused-but-set-variable: YES (cached)
#15 23.92 Running compile:
#15 23.92 Working directory:  /mesa/_build/meson-private/tmpujrjiz32
#15 23.92 Code:
#15 23.92 extern int i;
#15 23.92 int i;
#15 23.92 
#15 23.92 -----------
#15 23.92 Command line: `/usr/sbin/clang++ /mesa/_build/meson-private/tmpujrjiz32/testfile.cpp -o /mesa/_build/meson-private/tmpujrjiz32/output.obj -c -fsanitize=memory -fsanitize-memory-track-origins -fno-omit-frame-pointer -g -std=c++23 -nostdinc++ -isystem /libcxx_msan/include/c++/v1/ -D_FILE_OFFSET_BITS=64 -O0 -fpermissive -Werror=implicit-function-declaration -Werror=unknown-warning-option -Werror=unused-command-line-argument -Werror=ignored-optimization-argument -Wmaybe-uninitialized -Wno-maybe-uninitialized` -> 1
#15 23.92 stderr:
#15 23.92 error: unknown warning option '-Wmaybe-uninitialized'; did you mean '-Wuninitialized'? [-Werror,-Wunknown-warning-option]
#15 23.92 error: unknown warning option '-Wno-maybe-uninitialized'; did you mean '-Wno-uninitialized'? [-Werror,-Wunknown-warning-option]
#15 23.92 -----------
#15 23.92 Compiler for C++ supports arguments -Wno-maybe-uninitialized: NO 
#15 23.92 Running compile:
#15 23.92 Working directory:  /mesa/_build/meson-private/tmp20pgufhk
#15 23.92 Code:
#15 23.92 extern int i;
#15 23.92 int i;
#15 23.92 
#15 23.92 -----------
#15 23.92 Command line: `/usr/sbin/clang++ /mesa/_build/meson-private/tmp20pgufhk/testfile.cpp -o /mesa/_build/meson-private/tmp20pgufhk/output.obj -c -fsanitize=memory -fsanitize-memory-track-origins -fno-omit-frame-pointer -g -std=c++23 -nostdinc++ -isystem /libcxx_msan/include/c++/v1/ -D_FILE_OFFSET_BITS=64 -O0 -fpermissive -Werror=implicit-function-declaration -Werror=unknown-warning-option -Werror=unused-command-line-argument -Werror=ignored-optimization-argument -Wself-assign -Wno-self-assign` -> 0
#15 23.92 Compiler for C++ supports arguments -Wno-self-assign: YES 
#15 23.92 Using cached compile:
#15 23.92 Cached command line:  /usr/sbin/clang++ /mesa/_build/meson-private/tmpo3wt2y6r/testfile.cpp -o /mesa/_build/meson-private/tmpo3wt2y6r/output.obj -c -fsanitize=memory -fsanitize-memory-track-origins -fno-omit-frame-pointer -g -std=c++23 -nostdinc++ -isystem /libcxx_msan/include/c++/v1/ -D_FILE_OFFSET_BITS=64 -O0 -fpermissive -Werror=implicit-function-declaration -Werror=unknown-warning-option -Werror=unused-command-line-argument -Werror=ignored-optimization-argument /wd4189 
#15 23.92 
#15 23.92 Code:
#15 23.92  extern int i;
#15 23.92 int i;
#15 23.92 
#15 23.92 Cached compiler stdout:
#15 23.92  
#15 23.92 Cached compiler stderr:
#15 23.92  clang++: error: no such file or directory: '/wd4189'
#15 23.92 
#15 23.92 Compiler for C++ supports arguments /wd4189: NO (cached)
#15 23.92 Running compile:
#15 23.92 Working directory:  /mesa/_build/meson-private/tmp_rrz43nm
#15 23.92 Code:
#15 23.92 extern int i;
#15 23.92 int i;
#15 23.92 
#15 23.92 -----------
#15 23.92 Command line: `/usr/sbin/clang++ /mesa/_build/meson-private/tmp_rrz43nm/testfile.cpp -o /mesa/_build/meson-private/tmp_rrz43nm/output.obj -c -fsanitize=memory -fsanitize-memory-track-origins -fno-omit-frame-pointer -g -std=c++23 -nostdinc++ -isystem /libcxx_msan/include/c++/v1/ -D_FILE_OFFSET_BITS=64 -O0 -fpermissive -Werror=implicit-function-declaration -Werror=unknown-warning-option -Werror=unused-command-line-argument -Werror=ignored-optimization-argument -Wuninitialized -Wno-uninitialized` -> 0
#15 23.92 Compiler for C++ supports arguments -Wno-uninitialized: YES 
#15 23.92 Running compile:
#15 23.92 Working directory:  /mesa/_build/meson-private/tmpn8jqtvof
#15 23.92 Code:
#15 23.92 extern int i;
#15 23.92 int i;
#15 23.92 
#15 23.92 -----------
#15 23.92 Command line: `/usr/sbin/clang++ /mesa/_build/meson-private/tmpn8jqtvof/testfile.cpp -o /mesa/_build/meson-private/tmpn8jqtvof/output.obj -c -fsanitize=memory -fsanitize-memory-track-origins -fno-omit-frame-pointer -g -std=c++23 -nostdinc++ -isystem /libcxx_msan/include/c++/v1/ -D_FILE_OFFSET_BITS=64 -O0 -fpermissive -Werror=implicit-function-declaration -Werror=unknown-warning-option -Werror=unused-command-line-argument -Werror=ignored-optimization-argument -fno-exceptions` -> 0
#15 23.92 Compiler for C++ supports arguments -fno-exceptions: YES 
#15 23.92 Running compile:
#15 23.92 Working directory:  /mesa/_build/meson-private/tmpfbdztojw
#15 23.92 Code:
#15 23.92 extern int i;
#15 23.92 int i;
#15 23.92 
#15 23.92 -----------
#15 23.92 Command line: `/usr/sbin/clang++ /mesa/_build/meson-private/tmpfbdztojw/testfile.cpp -o /mesa/_build/meson-private/tmpfbdztojw/output.obj -c -fsanitize=memory -fsanitize-memory-track-origins -fno-omit-frame-pointer -g -std=c++23 -nostdinc++ -isystem /libcxx_msan/include/c++/v1/ -D_FILE_OFFSET_BITS=64 -O0 -fpermissive -Werror=implicit-function-declaration -Werror=unknown-warning-option -Werror=unused-command-line-argument -Werror=ignored-optimization-argument -fno-rtti` -> 0
#15 23.92 Compiler for C++ supports arguments -fno-rtti: YES 
#15 23.92 Running compile:
#15 23.92 Working directory:  /mesa/_build/meson-private/tmplkiho9mm
#15 23.92 Code:
#15 23.92 extern int i;
#15 23.92 int i;
#15 23.92 
#15 23.92 -----------
#15 23.92 Command line: `/usr/sbin/clang++ /mesa/_build/meson-private/tmplkiho9mm/testfile.cpp -o /mesa/_build/meson-private/tmplkiho9mm/output.obj -c -fsanitize=memory -fsanitize-memory-track-origins -fno-omit-frame-pointer -g -std=c++23 -nostdinc++ -isystem /libcxx_msan/include/c++/v1/ -D_FILE_OFFSET_BITS=64 -O0 -fpermissive -Werror=implicit-function-declaration -Werror=unknown-warning-option -Werror=unused-command-line-argument -Werror=ignored-optimization-argument -Wimplicit-fallthrough` -> 0
#15 23.92 Compiler for C++ supports arguments -Wimplicit-fallthrough: YES 
#15 23.92 Running compile:
#15 23.92 Working directory:  /mesa/_build/meson-private/tmptz_yaueh
#15 23.92 Code:
#15 23.92 extern int i;
#15 23.92 int i;
#15 23.92 
#15 23.92 -----------
#15 23.92 Command line: `/usr/sbin/clang++ /mesa/_build/meson-private/tmptz_yaueh/testfile.cpp -o /mesa/_build/meson-private/tmptz_yaueh/output.obj -c -fsanitize=memory -fsanitize-memory-track-origins -fno-omit-frame-pointer -g -std=c++23 -nostdinc++ -isystem /libcxx_msan/include/c++/v1/ -D_FILE_OFFSET_BITS=64 -O0 -fpermissive -Werror=implicit-function-declaration -Werror=unknown-warning-option -Werror=unused-command-line-argument -Werror=ignored-optimization-argument -Wshadow` -> 0
#15 23.92 Compiler for C++ supports arguments -Wshadow: YES 
#15 23.92 Using cached compile:
#15 23.92 Cached command line:  /usr/sbin/clang /mesa/_build/meson-private/tmpeo3vz4le/testfile.c -o /mesa/_build/meson-private/tmpeo3vz4le/output.obj -c -fsanitize=memory -fsanitize-memory-track-origins -fno-omit-frame-pointer -g -D_FILE_OFFSET_BITS=64 -O0 -Werror=implicit-function-declaration -Werror=unknown-warning-option -Werror=unused-command-line-argument -Werror=ignored-optimization-argument -Wimplicit-fallthrough 
#15 23.92 
#15 23.92 Code:
#15 23.92  extern int i;
#15 23.92 int i;
#15 23.92 
#15 23.92 Cached compiler stdout:
#15 23.92  
#15 23.92 Cached compiler stderr:
#15 23.92  
#15 23.92 Compiler for C supports arguments -Wimplicit-fallthrough: YES (cached)
#15 23.92 Running compile:
#15 23.92 Working directory:  /mesa/_build/meson-private/tmpycfftn60
#15 23.92 Code:
#15 23.92 extern int i;
#15 23.92 int i;
#15 23.92 
#15 23.92 -----------
#15 23.92 Command line: `/usr/sbin/clang /mesa/_build/meson-private/tmpycfftn60/testfile.c -o /mesa/_build/meson-private/tmpycfftn60/output.obj -c -fsanitize=memory -fsanitize-memory-track-origins -fno-omit-frame-pointer -g -D_FILE_OFFSET_BITS=64 -O0 -Werror=implicit-function-declaration -Werror=unknown-warning-option -Werror=unused-command-line-argument -Werror=ignored-optimization-argument -Wshadow` -> 0
#15 23.92 Compiler for C supports arguments -Wshadow: YES 
#15 23.92 Running compile:
#15 23.92 Working directory:  /mesa/_build/meson-private/tmp3oam1qjv
#15 23.92 Code:
#15 23.92 extern int i;
#15 23.92 int i;
#15 23.92 
#15 23.92 -----------
#15 23.92 Command line: `/usr/sbin/clang /mesa/_build/meson-private/tmp3oam1qjv/testfile.c -o /mesa/_build/meson-private/tmp3oam1qjv/output.obj -c -fsanitize=memory -fsanitize-memory-track-origins -fno-omit-frame-pointer -g -D_FILE_OFFSET_BITS=64 -O0 -Werror=implicit-function-declaration -Werror=unknown-warning-option -Werror=unused-command-line-argument -Werror=ignored-optimization-argument -Wall` -> 0
#15 23.92 Compiler for C supports arguments -Wall: YES 
#15 23.92 Running compile:
#15 23.92 Working directory:  /mesa/_build/meson-private/tmp91tf02sz
#15 23.92 Code:
#15 23.92 extern int i;
#15 23.92 int i;
#15 23.92 
#15 23.92 -----------
#15 23.92 Command line: `/usr/sbin/clang /mesa/_build/meson-private/tmp91tf02sz/testfile.c -o /mesa/_build/meson-private/tmp91tf02sz/output.obj -c -fsanitize=memory -fsanitize-memory-track-origins -fno-omit-frame-pointer -g -D_FILE_OFFSET_BITS=64 -O0 -Werror=implicit-function-declaration -Werror=unknown-warning-option -Werror=unused-command-line-argument -Werror=ignored-optimization-argument -Wextra` -> 0
#15 23.92 Compiler for C supports arguments -Wextra: YES 
#15 23.92 Running compile:
#15 23.92 Working directory:  /mesa/_build/meson-private/tmpunm77bco
#15 23.92 Code:
#15 23.92 extern int i;
#15 23.92 int i;
#15 23.92 
#15 23.92 -----------
#15 23.92 Command line: `/usr/sbin/clang /mesa/_build/meson-private/tmpunm77bco/testfile.c -o /mesa/_build/meson-private/tmpunm77bco/output.obj -c -fsanitize=memory -fsanitize-memory-track-origins -fno-omit-frame-pointer -g -D_FILE_OFFSET_BITS=64 -O0 -Werror=implicit-function-declaration -Werror=unknown-warning-option -Werror=unused-command-line-argument -Werror=ignored-optimization-argument -Wunused -Wno-unused` -> 0
#15 23.92 Compiler for C supports arguments -Wno-unused: YES 
#15 23.92 Running compile:
#15 23.92 Working directory:  /mesa/_build/meson-private/tmph15a56nf
#15 23.92 Code:
#15 23.92 extern int i;
#15 23.92 int i;
#15 23.92 
#15 23.92 -----------
#15 23.92 Command line: `/usr/sbin/clang /mesa/_build/meson-private/tmph15a56nf/testfile.c -o /mesa/_build/meson-private/tmph15a56nf/output.obj -c -fsanitize=memory -fsanitize-memory-track-origins -fno-omit-frame-pointer -g -D_FILE_OFFSET_BITS=64 -O0 -Werror=implicit-function-declaration -Werror=unknown-warning-option -Werror=unused-command-line-argument -Werror=ignored-optimization-argument -Wunused-parameter -Wno-unused-parameter` -> 0
#15 23.92 Compiler for C supports arguments -Wno-unused-parameter: YES 
#15 23.92 Running compile:
#15 23.92 Working directory:  /mesa/_build/meson-private/tmp8gxilpj6
#15 23.92 Code:
#15 23.92 extern int i;
#15 23.92 int i;
#15 23.92 
#15 23.92 -----------
#15 23.92 Command line: `/usr/sbin/clang /mesa/_build/meson-private/tmp8gxilpj6/testfile.c -o /mesa/_build/meson-private/tmp8gxilpj6/output.obj -c -fsanitize=memory -fsanitize-memory-track-origins -fno-omit-frame-pointer -g -D_FILE_OFFSET_BITS=64 -O0 -Werror=implicit-function-declaration -Werror=unknown-warning-option -Werror=unused-command-line-argument -Werror=ignored-optimization-argument -Wunused-command-line-argument -Wno-unused-command-line-argument` -> 0
#15 23.92 Compiler for C supports arguments -Wno-unused-command-line-argument: YES 
#15 23.92 Running compile:
#15 23.92 Working directory:  /mesa/_build/meson-private/tmp249k0sez
#15 23.92 Code:
#15 23.92 extern int i;
#15 23.92 int i;
#15 23.92 
#15 23.92 -----------
#15 23.92 Command line: `/usr/sbin/clang /mesa/_build/meson-private/tmp249k0sez/testfile.c -o /mesa/_build/meson-private/tmp249k0sez/output.obj -c -fsanitize=memory -fsanitize-memory-track-origins -fno-omit-frame-pointer -g -D_FILE_OFFSET_BITS=64 -O0 -Werror=implicit-function-declaration -Werror=unknown-warning-option -Werror=unused-command-line-argument -Werror=ignored-optimization-argument -Wignored-qualifiers -Wno-ignored-qualifiers` -> 0
#15 23.92 Compiler for C supports arguments -Wno-ignored-qualifiers: YES 
#15 23.92 Using cached compile:
#15 23.92 Cached command line:  /usr/sbin/clang /mesa/_build/meson-private/tmpt3h_bab2/testfile.c -o /mesa/_build/meson-private/tmpt3h_bab2/output.obj -c -fsanitize=memory -fsanitize-memory-track-origins -fno-omit-frame-pointer -g -D_FILE_OFFSET_BITS=64 -O0 -Werror=implicit-function-declaration -Werror=unknown-warning-option -Werror=unused-command-line-argument -Werror=ignored-optimization-argument -Wmissing-field-initializers -Wno-missing-field-initializers 
#15 23.92 
#15 23.92 Code:
#15 23.92  extern int i;
#15 23.92 int i;
#15 23.92 
#15 23.92 Cached compiler stdout:
#15 23.92  
#15 23.92 Cached compiler stderr:
#15 23.92  
#15 23.92 Compiler for C supports arguments -Wno-missing-field-initializers: YES (cached)
#15 23.92 Running compile:
#15 23.92 Working directory:  /mesa/_build/meson-private/tmpvhyprnz2
#15 23.92 Code:
#15 23.92 extern int i;
#15 23.92 int i;
#15 23.92 
#15 23.92 -----------
#15 23.92 Command line: `/usr/sbin/clang /mesa/_build/meson-private/tmpvhyprnz2/testfile.c -o /mesa/_build/meson-private/tmpvhyprnz2/output.obj -c -fsanitize=memory -fsanitize-memory-track-origins -fno-omit-frame-pointer -g -D_FILE_OFFSET_BITS=64 -O0 -Werror=implicit-function-declaration -Werror=unknown-warning-option -Werror=unused-command-line-argument -Werror=ignored-optimization-argument -Wself-assign -Wno-self-assign` -> 0
#15 23.92 Compiler for C supports arguments -Wno-self-assign: YES 
#15 23.92 Running compile:
#15 23.92 Working directory:  /mesa/_build/meson-private/tmpvw39ggz4
#15 23.92 Code:
#15 23.92 extern int i;
#15 23.92 int i;
#15 23.92 
#15 23.92 -----------
#15 23.92 Command line: `/usr/sbin/clang /mesa/_build/meson-private/tmpvw39ggz4/testfile.c -o /mesa/_build/meson-private/tmpvw39ggz4/output.obj -c -fsanitize=memory -fsanitize-memory-track-origins -fno-omit-frame-pointer -g -D_FILE_OFFSET_BITS=64 -O0 -Werror=implicit-function-declaration -Werror=unknown-warning-option -Werror=unused-command-line-argument -Werror=ignored-optimization-argument -Wimplicit-fallthrough -Wno-implicit-fallthrough` -> 0
#15 23.92 Compiler for C supports arguments -Wno-implicit-fallthrough: YES 
#15 23.92 Running compile:
#15 23.92 Working directory:  /mesa/_build/meson-private/tmpx0gimbfy
#15 23.92 Code:
#15 23.92 extern int i;
#15 23.92 int i;
#15 23.92 
#15 23.92 -----------
#15 23.92 Command line: `/usr/sbin/clang /mesa/_build/meson-private/tmpx0gimbfy/testfile.c -o /mesa/_build/meson-private/tmpx0gimbfy/output.obj -c -fsanitize=memory -fsanitize-memory-track-origins -fno-omit-frame-pointer -g -D_FILE_OFFSET_BITS=64 -O0 -Werror=implicit-function-declaration -Werror=unknown-warning-option -Werror=unused-command-line-argument -Werror=ignored-optimization-argument -Werror=comment` -> 0
#15 23.92 Compiler for C supports arguments -Werror=comment: YES 
#15 23.92 Running compile:
#15 23.92 Working directory:  /mesa/_build/meson-private/tmpogzvm4zf
#15 23.92 Code:
#15 23.92 extern int i;
#15 23.92 int i;
#15 23.92 
#15 23.92 -----------
#15 23.92 Command line: `/usr/sbin/clang /mesa/_build/meson-private/tmpogzvm4zf/testfile.c -o /mesa/_build/meson-private/tmpogzvm4zf/output.obj -c -fsanitize=memory -fsanitize-memory-track-origins -fno-omit-frame-pointer -g -D_FILE_OFFSET_BITS=64 -O0 -Werror=implicit-function-declaration -Werror=unknown-warning-option -Werror=unused-command-line-argument -Werror=ignored-optimization-argument -Werror=missing-braces` -> 0
#15 23.92 Compiler for C supports arguments -Werror=missing-braces: YES 
#15 23.92 Running compile:
#15 23.92 Working directory:  /mesa/_build/meson-private/tmpzrlngkto
#15 23.92 Code:
#15 23.92 extern int i;
#15 23.92 int i;
#15 23.92 
#15 23.92 -----------
#15 23.92 Command line: `/usr/sbin/clang /mesa/_build/meson-private/tmpzrlngkto/testfile.c -o /mesa/_build/meson-private/tmpzrlngkto/output.obj -c -fsanitize=memory -fsanitize-memory-track-origins -fno-omit-frame-pointer -g -D_FILE_OFFSET_BITS=64 -O0 -Werror=implicit-function-declaration -Werror=unknown-warning-option -Werror=unused-command-line-argument -Werror=ignored-optimization-argument -Werror=override-init` -> 0
#15 23.92 Compiler for C supports arguments -Werror=override-init: YES 
#15 23.92 Running compile:
#15 23.92 Working directory:  /mesa/_build/meson-private/tmp0rsnrjom
#15 23.92 Code:
#15 23.92 extern int i;
#15 23.92 int i;
#15 23.92 
#15 23.92 -----------
#15 23.92 Command line: `/usr/sbin/clang /mesa/_build/meson-private/tmp0rsnrjom/testfile.c -o /mesa/_build/meson-private/tmp0rsnrjom/output.obj -c -fsanitize=memory -fsanitize-memory-track-origins -fno-omit-frame-pointer -g -D_FILE_OFFSET_BITS=64 -O0 -Werror=implicit-function-declaration -Werror=unknown-warning-option -Werror=unused-command-line-argument -Werror=ignored-optimization-argument -Werror=enum-conversion` -> 0
#15 23.92 Compiler for C supports arguments -Werror=enum-conversion: YES 
#15 23.92 Running compile:
#15 23.92 Working directory:  /mesa/_build/meson-private/tmpy7uoqsow
#15 23.92 Code:
#15 23.92 extern int i;
#15 23.92 int i;
#15 23.92 
#15 23.92 -----------
#15 23.92 Command line: `/usr/sbin/clang /mesa/_build/meson-private/tmpy7uoqsow/testfile.c -o /mesa/_build/meson-private/tmpy7uoqsow/output.obj -c -fsanitize=memory -fsanitize-memory-track-origins -fno-omit-frame-pointer -g -D_FILE_OFFSET_BITS=64 -O0 -Werror=implicit-function-declaration -Werror=unknown-warning-option -Werror=unused-command-line-argument -Werror=ignored-optimization-argument -Werror=enum-compare` -> 0
#15 23.92 Compiler for C supports arguments -Werror=enum-compare: YES 
#15 23.92 Running compile:
#15 23.92 Working directory:  /mesa/_build/meson-private/tmprhrha6wn
#15 23.92 Code:
#15 23.92 extern int i;
#15 23.92 int i;
#15 23.92 
#15 23.92 -----------
#15 23.92 Command line: `/usr/sbin/clang /mesa/_build/meson-private/tmprhrha6wn/testfile.c -o /mesa/_build/meson-private/tmprhrha6wn/output.obj -c -fsanitize=memory -fsanitize-memory-track-origins -fno-omit-frame-pointer -g -D_FILE_OFFSET_BITS=64 -O0 -Werror=implicit-function-declaration -Werror=unknown-warning-option -Werror=unused-command-line-argument -Werror=ignored-optimization-argument -Werror=maybe-uninitialized` -> 1
#15 23.92 stderr:
#15 23.92 error: unknown warning option '-Werror=maybe-uninitialized'; did you mean '-Werror=uninitialized'? [-Werror,-Wunknown-warning-option]
#15 23.92 -----------
#15 23.92 Compiler for C supports arguments -Werror=maybe-uninitialized: NO 
#15 23.92 Running compile:
#15 23.92 Working directory:  /mesa/_build/meson-private/tmp63ec0s00
#15 23.92 Code:
#15 23.92 extern int i;
#15 23.92 int i;
#15 23.92 
#15 23.92 -----------
#15 23.92 Command line: `/usr/sbin/clang /mesa/_build/meson-private/tmp63ec0s00/testfile.c -o /mesa/_build/meson-private/tmp63ec0s00/output.obj -c -fsanitize=memory -fsanitize-memory-track-origins -fno-omit-frame-pointer -g -D_FILE_OFFSET_BITS=64 -O0 -Werror=implicit-function-declaration -Werror=unknown-warning-option -Werror=unused-command-line-argument -Werror=ignored-optimization-argument -Werror=parentheses` -> 0
#15 23.92 Compiler for C supports arguments -Werror=parentheses: YES 
#15 23.92 Using cached compile:
#15 23.92 Cached command line:  /usr/sbin/clang /mesa/_build/meson-private/tmp3oam1qjv/testfile.c -o /mesa/_build/meson-private/tmp3oam1qjv/output.obj -c -fsanitize=memory -fsanitize-memory-track-origins -fno-omit-frame-pointer -g -D_FILE_OFFSET_BITS=64 -O0 -Werror=implicit-function-declaration -Werror=unknown-warning-option -Werror=unused-command-line-argument -Werror=ignored-optimization-argument -Wall 
#15 23.92 
#15 23.92 Code:
#15 23.92  extern int i;
#15 23.92 int i;
#15 23.92 
#15 23.92 Cached compiler stdout:
#15 23.92  
#15 23.92 Cached compiler stderr:
#15 23.92  
#15 23.92 Compiler for C supports arguments -Wall: YES (cached)
#15 23.92 Using cached compile:
#15 23.92 Cached command line:  /usr/sbin/clang /mesa/_build/meson-private/tmp91tf02sz/testfile.c -o /mesa/_build/meson-private/tmp91tf02sz/output.obj -c -fsanitize=memory -fsanitize-memory-track-origins -fno-omit-frame-pointer -g -D_FILE_OFFSET_BITS=64 -O0 -Werror=implicit-function-declaration -Werror=unknown-warning-option -Werror=unused-command-line-argument -Werror=ignored-optimization-argument -Wextra 
#15 23.92 
#15 23.92 Code:
#15 23.92  extern int i;
#15 23.92 int i;
#15 23.92 
#15 23.92 Cached compiler stdout:
#15 23.92  
#15 23.92 Cached compiler stderr:
#15 23.92  
#15 23.92 Compiler for C supports arguments -Wextra: YES (cached)
#15 23.92 Using cached compile:
#15 23.92 Cached command line:  /usr/sbin/clang /mesa/_build/meson-private/tmpunm77bco/testfile.c -o /mesa/_build/meson-private/tmpunm77bco/output.obj -c -fsanitize=memory -fsanitize-memory-track-origins -fno-omit-frame-pointer -g -D_FILE_OFFSET_BITS=64 -O0 -Werror=implicit-function-declaration -Werror=unknown-warning-option -Werror=unused-command-line-argument -Werror=ignored-optimization-argument -Wunused -Wno-unused 
#15 23.92 
#15 23.92 Code:
#15 23.92  extern int i;
#15 23.92 int i;
#15 23.92 
#15 23.92 Cached compiler stdout:
#15 23.92  
#15 23.92 Cached compiler stderr:
#15 23.92  
#15 23.92 Compiler for C supports arguments -Wno-unused: YES (cached)
#15 23.92 Using cached compile:
#15 23.92 Cached command line:  /usr/sbin/clang /mesa/_build/meson-private/tmph15a56nf/testfile.c -o /mesa/_build/meson-private/tmph15a56nf/output.obj -c -fsanitize=memory -fsanitize-memory-track-origins -fno-omit-frame-pointer -g -D_FILE_OFFSET_BITS=64 -O0 -Werror=implicit-function-declaration -Werror=unknown-warning-option -Werror=unused-command-line-argument -Werror=ignored-optimization-argument -Wunused-parameter -Wno-unused-parameter 
#15 23.92 
#15 23.92 Code:
#15 23.92  extern int i;
#15 23.92 int i;
#15 23.92 
#15 23.92 Cached compiler stdout:
#15 23.92  
#15 23.92 Cached compiler stderr:
#15 23.92  
#15 23.92 Compiler for C supports arguments -Wno-unused-parameter: YES (cached)
#15 23.92 Using cached compile:
#15 23.92 Cached command line:  /usr/sbin/clang /mesa/_build/meson-private/tmp8gxilpj6/testfile.c -o /mesa/_build/meson-private/tmp8gxilpj6/output.obj -c -fsanitize=memory -fsanitize-memory-track-origins -fno-omit-frame-pointer -g -D_FILE_OFFSET_BITS=64 -O0 -Werror=implicit-function-declaration -Werror=unknown-warning-option -Werror=unused-command-line-argument -Werror=ignored-optimization-argument -Wunused-command-line-argument -Wno-unused-command-line-argument 
#15 23.92 
#15 23.92 Code:
#15 23.92  extern int i;
#15 23.92 int i;
#15 23.92 
#15 23.92 Cached compiler stdout:
#15 23.92  
#15 23.92 Cached compiler stderr:
#15 23.92  
#15 23.92 Compiler for C supports arguments -Wno-unused-command-line-argument: YES (cached)
#15 23.92 Using cached compile:
#15 23.92 Cached command line:  /usr/sbin/clang /mesa/_build/meson-private/tmp249k0sez/testfile.c -o /mesa/_build/meson-private/tmp249k0sez/output.obj -c -fsanitize=memory -fsanitize-memory-track-origins -fno-omit-frame-pointer -g -D_FILE_OFFSET_BITS=64 -O0 -Werror=implicit-function-declaration -Werror=unknown-warning-option -Werror=unused-command-line-argument -Werror=ignored-optimization-argument -Wignored-qualifiers -Wno-ignored-qualifiers 
#15 23.92 
#15 23.92 Code:
#15 23.92  extern int i;
#15 23.92 int i;
#15 23.92 
#15 23.92 Cached compiler stdout:
#15 23.92  
#15 23.92 Cached compiler stderr:
#15 23.92  
#15 23.92 Compiler for C supports arguments -Wno-ignored-qualifiers: YES (cached)
#15 23.92 Using cached compile:
#15 23.92 Cached command line:  /usr/sbin/clang /mesa/_build/meson-private/tmpt3h_bab2/testfile.c -o /mesa/_build/meson-private/tmpt3h_bab2/output.obj -c -fsanitize=memory -fsanitize-memory-track-origins -fno-omit-frame-pointer -g -D_FILE_OFFSET_BITS=64 -O0 -Werror=implicit-function-declaration -Werror=unknown-warning-option -Werror=unused-command-line-argument -Werror=ignored-optimization-argument -Wmissing-field-initializers -Wno-missing-field-initializers 
#15 23.92 
#15 23.92 Code:
#15 23.92  extern int i;
#15 23.92 int i;
#15 23.92 
#15 23.92 Cached compiler stdout:
#15 23.92  
#15 23.92 Cached compiler stderr:
#15 23.92  
#15 23.92 Compiler for C supports arguments -Wno-missing-field-initializers: YES (cached)
#15 23.92 Using cached compile:
#15 23.92 Cached command line:  /usr/sbin/clang /mesa/_build/meson-private/tmpvhyprnz2/testfile.c -o /mesa/_build/meson-private/tmpvhyprnz2/output.obj -c -fsanitize=memory -fsanitize-memory-track-origins -fno-omit-frame-pointer -g -D_FILE_OFFSET_BITS=64 -O0 -Werror=implicit-function-declaration -Werror=unknown-warning-option -Werror=unused-command-line-argument -Werror=ignored-optimization-argument -Wself-assign -Wno-self-assign 
#15 23.92 
#15 23.92 Code:
#15 23.92  extern int i;
#15 23.92 int i;
#15 23.92 
#15 23.92 Cached compiler stdout:
#15 23.92  
#15 23.92 Cached compiler stderr:
#15 23.92  
#15 23.92 Compiler for C supports arguments -Wno-self-assign: YES (cached)
#15 23.92 Using cached compile:
#15 23.92 Cached command line:  /usr/sbin/clang /mesa/_build/meson-private/tmpvw39ggz4/testfile.c -o /mesa/_build/meson-private/tmpvw39ggz4/output.obj -c -fsanitize=memory -fsanitize-memory-track-origins -fno-omit-frame-pointer -g -D_FILE_OFFSET_BITS=64 -O0 -Werror=implicit-function-declaration -Werror=unknown-warning-option -Werror=unused-command-line-argument -Werror=ignored-optimization-argument -Wimplicit-fallthrough -Wno-implicit-fallthrough 
#15 23.92 
#15 23.92 Code:
#15 23.92  extern int i;
#15 23.92 int i;
#15 23.92 
#15 23.92 Cached compiler stdout:
#15 23.92  
#15 23.92 Cached compiler stderr:
#15 23.92  
#15 23.92 Compiler for C supports arguments -Wno-implicit-fallthrough: YES (cached)
#15 23.92 Using cached compile:
#15 23.92 Cached command line:  /usr/sbin/clang /mesa/_build/meson-private/tmpx0gimbfy/testfile.c -o /mesa/_build/meson-private/tmpx0gimbfy/output.obj -c -fsanitize=memory -fsanitize-memory-track-origins -fno-omit-frame-pointer -g -D_FILE_OFFSET_BITS=64 -O0 -Werror=implicit-function-declaration -Werror=unknown-warning-option -Werror=unused-command-line-argument -Werror=ignored-optimization-argument -Werror=comment 
#15 23.92 
#15 23.92 Code:
#15 23.92  extern int i;
#15 23.92 int i;
#15 23.92 
#15 23.92 Cached compiler stdout:
#15 23.92  
#15 23.92 Cached compiler stderr:
#15 23.92  
#15 23.92 Compiler for C supports arguments -Werror=comment: YES (cached)
#15 23.92 Using cached compile:
#15 23.92 Cached command line:  /usr/sbin/clang /mesa/_build/meson-private/tmpogzvm4zf/testfile.c -o /mesa/_build/meson-private/tmpogzvm4zf/output.obj -c -fsanitize=memory -fsanitize-memory-track-origins -fno-omit-frame-pointer -g -D_FILE_OFFSET_BITS=64 -O0 -Werror=implicit-function-declaration -Werror=unknown-warning-option -Werror=unused-command-line-argument -Werror=ignored-optimization-argument -Werror=missing-braces 
#15 23.92 
#15 23.92 Code:
#15 23.92  extern int i;
#15 23.92 int i;
#15 23.92 
#15 23.92 Cached compiler stdout:
#15 23.92  
#15 23.92 Cached compiler stderr:
#15 23.92  
#15 23.92 Compiler for C supports arguments -Werror=missing-braces: YES (cached)
#15 23.92 Using cached compile:
#15 23.92 Cached command line:  /usr/sbin/clang /mesa/_build/meson-private/tmpzrlngkto/testfile.c -o /mesa/_build/meson-private/tmpzrlngkto/output.obj -c -fsanitize=memory -fsanitize-memory-track-origins -fno-omit-frame-pointer -g -D_FILE_OFFSET_BITS=64 -O0 -Werror=implicit-function-declaration -Werror=unknown-warning-option -Werror=unused-command-line-argument -Werror=ignored-optimization-argument -Werror=override-init 
#15 23.92 
#15 23.92 Code:
#15 23.92  extern int i;
#15 23.92 int i;
#15 23.92 
#15 23.92 Cached compiler stdout:
#15 23.92  
#15 23.92 Cached compiler stderr:
#15 23.92  
#15 23.92 Compiler for C supports arguments -Werror=override-init: YES (cached)
#15 23.92 Using cached compile:
#15 23.92 Cached command line:  /usr/sbin/clang /mesa/_build/meson-private/tmp0rsnrjom/testfile.c -o /mesa/_build/meson-private/tmp0rsnrjom/output.obj -c -fsanitize=memory -fsanitize-memory-track-origins -fno-omit-frame-pointer -g -D_FILE_OFFSET_BITS=64 -O0 -Werror=implicit-function-declaration -Werror=unknown-warning-option -Werror=unused-command-line-argument -Werror=ignored-optimization-argument -Werror=enum-conversion 
#15 23.92 
#15 23.92 Code:
#15 23.92  extern int i;
#15 23.92 int i;
#15 23.92 
#15 23.92 Cached compiler stdout:
#15 23.92  
#15 23.92 Cached compiler stderr:
#15 23.92  
#15 23.92 Compiler for C supports arguments -Werror=enum-conversion: YES (cached)
#15 23.92 Using cached compile:
#15 23.92 Cached command line:  /usr/sbin/clang /mesa/_build/meson-private/tmpy7uoqsow/testfile.c -o /mesa/_build/meson-private/tmpy7uoqsow/output.obj -c -fsanitize=memory -fsanitize-memory-track-origins -fno-omit-frame-pointer -g -D_FILE_OFFSET_BITS=64 -O0 -Werror=implicit-function-declaration -Werror=unknown-warning-option -Werror=unused-command-line-argument -Werror=ignored-optimization-argument -Werror=enum-compare 
#15 23.92 
#15 23.92 Code:
#15 23.92  extern int i;
#15 23.92 int i;
#15 23.92 
#15 23.92 Cached compiler stdout:
#15 23.92  
#15 23.92 Cached compiler stderr:
#15 23.92  
#15 23.92 Compiler for C supports arguments -Werror=enum-compare: YES (cached)
#15 23.92 Using cached compile:
#15 23.92 Cached command line:  /usr/sbin/clang /mesa/_build/meson-private/tmprhrha6wn/testfile.c -o /mesa/_build/meson-private/tmprhrha6wn/output.obj -c -fsanitize=memory -fsanitize-memory-track-origins -fno-omit-frame-pointer -g -D_FILE_OFFSET_BITS=64 -O0 -Werror=implicit-function-declaration -Werror=unknown-warning-option -Werror=unused-command-line-argument -Werror=ignored-optimization-argument -Werror=maybe-uninitialized 
#15 23.92 
#15 23.92 Code:
#15 23.92  extern int i;
#15 23.92 int i;
#15 23.92 
#15 23.92 Cached compiler stdout:
#15 23.92  
#15 23.92 Cached compiler stderr:
#15 23.92  error: unknown warning option '-Werror=maybe-uninitialized'; did you mean '-Werror=uninitialized'? [-Werror,-Wunknown-warning-option]
#15 23.92 
#15 23.92 Compiler for C supports arguments -Werror=maybe-uninitialized: NO (cached)
#15 23.92 Using cached compile:
#15 23.92 Cached command line:  /usr/sbin/clang /mesa/_build/meson-private/tmp3oam1qjv/testfile.c -o /mesa/_build/meson-private/tmp3oam1qjv/output.obj -c -fsanitize=memory -fsanitize-memory-track-origins -fno-omit-frame-pointer -g -D_FILE_OFFSET_BITS=64 -O0 -Werror=implicit-function-declaration -Werror=unknown-warning-option -Werror=unused-command-line-argument -Werror=ignored-optimization-argument -Wall 
#15 23.92 
#15 23.92 Code:
#15 23.92  extern int i;
#15 23.92 int i;
#15 23.92 
#15 23.92 Cached compiler stdout:
#15 23.92  
#15 23.92 Cached compiler stderr:
#15 23.92  
#15 23.92 Compiler for C supports arguments -Wall: YES (cached)
#15 23.92 Using cached compile:
#15 23.92 Cached command line:  /usr/sbin/clang /mesa/_build/meson-private/tmp91tf02sz/testfile.c -o /mesa/_build/meson-private/tmp91tf02sz/output.obj -c -fsanitize=memory -fsanitize-memory-track-origins -fno-omit-frame-pointer -g -D_FILE_OFFSET_BITS=64 -O0 -Werror=implicit-function-declaration -Werror=unknown-warning-option -Werror=unused-command-line-argument -Werror=ignored-optimization-argument -Wextra 
#15 23.92 
#15 23.92 Code:
#15 23.92  extern int i;
#15 23.92 int i;
#15 23.92 
#15 23.92 Cached compiler stdout:
#15 23.92  
#15 23.92 Cached compiler stderr:
#15 23.92  
#15 23.92 Compiler for C supports arguments -Wextra: YES (cached)
#15 23.92 Using cached compile:
#15 23.92 Cached command line:  /usr/sbin/clang /mesa/_build/meson-private/tmpunm77bco/testfile.c -o /mesa/_build/meson-private/tmpunm77bco/output.obj -c -fsanitize=memory -fsanitize-memory-track-origins -fno-omit-frame-pointer -g -D_FILE_OFFSET_BITS=64 -O0 -Werror=implicit-function-declaration -Werror=unknown-warning-option -Werror=unused-command-line-argument -Werror=ignored-optimization-argument -Wunused -Wno-unused 
#15 23.92 
#15 23.92 Code:
#15 23.92  extern int i;
#15 23.92 int i;
#15 23.92 
#15 23.92 Cached compiler stdout:
#15 23.92  
#15 23.92 Cached compiler stderr:
#15 23.92  
#15 23.92 Compiler for C supports arguments -Wno-unused: YES (cached)
#15 23.92 Using cached compile:
#15 23.92 Cached command line:  /usr/sbin/clang /mesa/_build/meson-private/tmph15a56nf/testfile.c -o /mesa/_build/meson-private/tmph15a56nf/output.obj -c -fsanitize=memory -fsanitize-memory-track-origins -fno-omit-frame-pointer -g -D_FILE_OFFSET_BITS=64 -O0 -Werror=implicit-function-declaration -Werror=unknown-warning-option -Werror=unused-command-line-argument -Werror=ignored-optimization-argument -Wunused-parameter -Wno-unused-parameter 
#15 23.92 
#15 23.92 Code:
#15 23.92  extern int i;
#15 23.92 int i;
#15 23.92 
#15 23.92 Cached compiler stdout:
#15 23.92  
#15 23.92 Cached compiler stderr:
#15 23.92  
#15 23.92 Compiler for C supports arguments -Wno-unused-parameter: YES (cached)
#15 23.92 Using cached compile:
#15 23.92 Cached command line:  /usr/sbin/clang /mesa/_build/meson-private/tmp8gxilpj6/testfile.c -o /mesa/_build/meson-private/tmp8gxilpj6/output.obj -c -fsanitize=memory -fsanitize-memory-track-origins -fno-omit-frame-pointer -g -D_FILE_OFFSET_BITS=64 -O0 -Werror=implicit-function-declaration -Werror=unknown-warning-option -Werror=unused-command-line-argument -Werror=ignored-optimization-argument -Wunused-command-line-argument -Wno-unused-command-line-argument 
#15 23.92 
#15 23.92 Code:
#15 23.92  extern int i;
#15 23.92 int i;
#15 23.92 
#15 23.92 Cached compiler stdout:
#15 23.92  
#15 23.92 Cached compiler stderr:
#15 23.92  
#15 23.92 Compiler for C supports arguments -Wno-unused-command-line-argument: YES (cached)
#15 23.92 Using cached compile:
#15 23.92 Cached command line:  /usr/sbin/clang /mesa/_build/meson-private/tmp249k0sez/testfile.c -o /mesa/_build/meson-private/tmp249k0sez/output.obj -c -fsanitize=memory -fsanitize-memory-track-origins -fno-omit-frame-pointer -g -D_FILE_OFFSET_BITS=64 -O0 -Werror=implicit-function-declaration -Werror=unknown-warning-option -Werror=unused-command-line-argument -Werror=ignored-optimization-argument -Wignored-qualifiers -Wno-ignored-qualifiers 
#15 23.92 
#15 23.92 Code:
#15 23.92  extern int i;
#15 23.92 int i;
#15 23.92 
#15 23.92 Cached compiler stdout:
#15 23.92  
#15 23.92 Cached compiler stderr:
#15 23.92  
#15 23.92 Compiler for C supports arguments -Wno-ignored-qualifiers: YES (cached)
#15 23.92 Using cached compile:
#15 23.92 Cached command line:  /usr/sbin/clang /mesa/_build/meson-private/tmpt3h_bab2/testfile.c -o /mesa/_build/meson-private/tmpt3h_bab2/output.obj -c -fsanitize=memory -fsanitize-memory-track-origins -fno-omit-frame-pointer -g -D_FILE_OFFSET_BITS=64 -O0 -Werror=implicit-function-declaration -Werror=unknown-warning-option -Werror=unused-command-line-argument -Werror=ignored-optimization-argument -Wmissing-field-initializers -Wno-missing-field-initializers 
#15 23.92 
#15 23.92 Code:
#15 23.92  extern int i;
#15 23.92 int i;
#15 23.92 
#15 23.92 Cached compiler stdout:
#15 23.92  
#15 23.92 Cached compiler stderr:
#15 23.92  
#15 23.92 Compiler for C supports arguments -Wno-missing-field-initializers: YES (cached)
#15 23.92 Using cached compile:
#15 23.92 Cached command line:  /usr/sbin/clang /mesa/_build/meson-private/tmpvhyprnz2/testfile.c -o /mesa/_build/meson-private/tmpvhyprnz2/output.obj -c -fsanitize=memory -fsanitize-memory-track-origins -fno-omit-frame-pointer -g -D_FILE_OFFSET_BITS=64 -O0 -Werror=implicit-function-declaration -Werror=unknown-warning-option -Werror=unused-command-line-argument -Werror=ignored-optimization-argument -Wself-assign -Wno-self-assign 
#15 23.92 
#15 23.92 Code:
#15 23.92  extern int i;
#15 23.92 int i;
#15 23.92 
#15 23.92 Cached compiler stdout:
#15 23.92  
#15 23.92 Cached compiler stderr:
#15 23.92  
#15 23.92 Compiler for C supports arguments -Wno-self-assign: YES (cached)
#15 23.92 Using cached compile:
#15 23.92 Cached command line:  /usr/sbin/clang /mesa/_build/meson-private/tmpvw39ggz4/testfile.c -o /mesa/_build/meson-private/tmpvw39ggz4/output.obj -c -fsanitize=memory -fsanitize-memory-track-origins -fno-omit-frame-pointer -g -D_FILE_OFFSET_BITS=64 -O0 -Werror=implicit-function-declaration -Werror=unknown-warning-option -Werror=unused-command-line-argument -Werror=ignored-optimization-argument -Wimplicit-fallthrough -Wno-implicit-fallthrough 
#15 23.92 
#15 23.92 Code:
#15 23.92  extern int i;
#15 23.92 int i;
#15 23.92 
#15 23.92 Cached compiler stdout:
#15 23.92  
#15 23.92 Cached compiler stderr:
#15 23.92  
#15 23.92 Compiler for C supports arguments -Wno-implicit-fallthrough: YES (cached)
#15 23.92 Using cached compile:
#15 23.92 Cached command line:  /usr/sbin/clang /mesa/_build/meson-private/tmpx0gimbfy/testfile.c -o /mesa/_build/meson-private/tmpx0gimbfy/output.obj -c -fsanitize=memory -fsanitize-memory-track-origins -fno-omit-frame-pointer -g -D_FILE_OFFSET_BITS=64 -O0 -Werror=implicit-function-declaration -Werror=unknown-warning-option -Werror=unused-command-line-argument -Werror=ignored-optimization-argument -Werror=comment 
#15 23.92 
#15 23.92 Code:
#15 23.92  extern int i;
#15 23.92 int i;
#15 23.92 
#15 23.92 Cached compiler stdout:
#15 23.92  
#15 23.92 Cached compiler stderr:
#15 23.92  
#15 23.92 Compiler for C supports arguments -Werror=comment: YES (cached)
#15 23.92 Using cached compile:
#15 23.92 Cached command line:  /usr/sbin/clang /mesa/_build/meson-private/tmpogzvm4zf/testfile.c -o /mesa/_build/meson-private/tmpogzvm4zf/output.obj -c -fsanitize=memory -fsanitize-memory-track-origins -fno-omit-frame-pointer -g -D_FILE_OFFSET_BITS=64 -O0 -Werror=implicit-function-declaration -Werror=unknown-warning-option -Werror=unused-command-line-argument -Werror=ignored-optimization-argument -Werror=missing-braces 
#15 23.92 
#15 23.92 Code:
#15 23.92  extern int i;
#15 23.92 int i;
#15 23.92 
#15 23.92 Cached compiler stdout:
#15 23.92  
#15 23.92 Cached compiler stderr:
#15 23.92  
#15 23.92 Compiler for C supports arguments -Werror=missing-braces: YES (cached)
#15 23.92 Using cached compile:
#15 23.92 Cached command line:  /usr/sbin/clang /mesa/_build/meson-private/tmpzrlngkto/testfile.c -o /mesa/_build/meson-private/tmpzrlngkto/output.obj -c -fsanitize=memory -fsanitize-memory-track-origins -fno-omit-frame-pointer -g -D_FILE_OFFSET_BITS=64 -O0 -Werror=implicit-function-declaration -Werror=unknown-warning-option -Werror=unused-command-line-argument -Werror=ignored-optimization-argument -Werror=override-init 
#15 23.92 
#15 23.92 Code:
#15 23.92  extern int i;
#15 23.92 int i;
#15 23.92 
#15 23.92 Cached compiler stdout:
#15 23.92  
#15 23.92 Cached compiler stderr:
#15 23.92  
#15 23.92 Compiler for C supports arguments -Werror=override-init: YES (cached)
#15 23.92 Using cached compile:
#15 23.92 Cached command line:  /usr/sbin/clang /mesa/_build/meson-private/tmp0rsnrjom/testfile.c -o /mesa/_build/meson-private/tmp0rsnrjom/output.obj -c -fsanitize=memory -fsanitize-memory-track-origins -fno-omit-frame-pointer -g -D_FILE_OFFSET_BITS=64 -O0 -Werror=implicit-function-declaration -Werror=unknown-warning-option -Werror=unused-command-line-argument -Werror=ignored-optimization-argument -Werror=enum-conversion 
#15 23.92 
#15 23.92 Code:
#15 23.92  extern int i;
#15 23.92 int i;
#15 23.92 
#15 23.92 Cached compiler stdout:
#15 23.92  
#15 23.92 Cached compiler stderr:
#15 23.92  
#15 23.92 Compiler for C supports arguments -Werror=enum-conversion: YES (cached)
#15 23.92 Using cached compile:
#15 23.92 Cached command line:  /usr/sbin/clang /mesa/_build/meson-private/tmpy7uoqsow/testfile.c -o /mesa/_build/meson-private/tmpy7uoqsow/output.obj -c -fsanitize=memory -fsanitize-memory-track-origins -fno-omit-frame-pointer -g -D_FILE_OFFSET_BITS=64 -O0 -Werror=implicit-function-declaration -Werror=unknown-warning-option -Werror=unused-command-line-argument -Werror=ignored-optimization-argument -Werror=enum-compare 
#15 23.92 
#15 23.92 Code:
#15 23.92  extern int i;
#15 23.92 int i;
#15 23.92 
#15 23.92 Cached compiler stdout:
#15 23.92  
#15 23.92 Cached compiler stderr:
#15 23.92  
#15 23.92 Compiler for C supports arguments -Werror=enum-compare: YES (cached)
#15 23.92 Using cached compile:
#15 23.92 Cached command line:  /usr/sbin/clang /mesa/_build/meson-private/tmprhrha6wn/testfile.c -o /mesa/_build/meson-private/tmprhrha6wn/output.obj -c -fsanitize=memory -fsanitize-memory-track-origins -fno-omit-frame-pointer -g -D_FILE_OFFSET_BITS=64 -O0 -Werror=implicit-function-declaration -Werror=unknown-warning-option -Werror=unused-command-line-argument -Werror=ignored-optimization-argument -Werror=maybe-uninitialized 
#15 23.92 
#15 23.92 Code:
#15 23.92  extern int i;
#15 23.92 int i;
#15 23.92 
#15 23.92 Cached compiler stdout:
#15 23.92  
#15 23.92 Cached compiler stderr:
#15 23.92  error: unknown warning option '-Werror=maybe-uninitialized'; did you mean '-Werror=uninitialized'? [-Werror,-Wunknown-warning-option]
#15 23.92 
#15 23.92 Compiler for C supports arguments -Werror=maybe-uninitialized: NO (cached)
#15 23.92 Running compile:
#15 23.92 Working directory:  /mesa/_build/meson-private/tmpjtid09z_
#15 23.92 Code:
#15 23.92 extern int i;
#15 23.92 int i;
#15 23.92 
#15 23.92 -----------
#15 23.92 Command line: `/usr/sbin/clang /mesa/_build/meson-private/tmpjtid09z_/testfile.c -o /mesa/_build/meson-private/tmpjtid09z_/output.obj -c -fsanitize=memory -fsanitize-memory-track-origins -fno-omit-frame-pointer -g -D_FILE_OFFSET_BITS=64 -O0 -Werror=implicit-function-declaration -Werror=unknown-warning-option -Werror=unused-command-line-argument -Werror=ignored-optimization-argument -Wgnu-variable-sized-type-not-at-end -Wno-gnu-variable-sized-type-not-at-end` -> 0
#15 23.92 Compiler for C supports arguments -Wno-gnu-variable-sized-type-not-at-end: YES 
#15 23.92 Running command: /usr/sbin/cbindgen --version
#15 23.92 --- stdout ---
#15 23.92 cbindgen 0.29.0
#15 23.92 
#15 23.92 --- stderr ---
#15 23.92 
#15 23.92 
#15 23.92 Program cbindgen found: YES 0.29.0 0.29.0 (/usr/sbin/cbindgen)
#15 23.92 Looking for a fallback subproject for the dependency paste because:
#15 23.92 Use of fallback dependencies is forced.
#15 23.92 Downloading paste source from https://crates.io/api/v1/crates/paste/1.0.14/download
#15 23.92 
#15 23.92 Executing subproject paste 
#15 23.92 
#15 23.92 Project name: paste
#15 23.92 Project version: 1.0.14
#15 23.92 Rust compiler for the host machine: rustc -C linker=/usr/sbin/clang (rustc 1.90.0 "1.90.0")
#15 23.92 Rust linker for the host machine: rustc -C linker=/usr/sbin/clang ld.bfd 2.45.0
#15 23.92 Rust compiler for the build machine: rustc -C linker=/usr/sbin/clang (rustc 1.90.0 "1.90.0")
#15 23.92 Rust linker for the build machine: rustc -C linker=/usr/sbin/clang ld.bfd 2.45.0
#15 23.92 subprojects/paste-1.0.14/meson.build:10: WARNING: Project does not target a minimum version but uses feature introduced in '1.3.0': rust.proc_macro.
#15 23.92 Build targets in project: 455
#15 23.92 WARNING: Project specifies no minimum version but uses features which were added in versions:
#15 23.92  * 1.3.0: {'rust.proc_macro'}
#15 23.92 Subproject paste finished.
#15 23.92 
#15 23.92 Dependency paste from subproject subprojects/paste-1.0.14 found: YES 1.0.14
#15 23.92 Dependency paste found: YES 1.0.14 (cached)
#15 23.92 Looking for a fallback subproject for the dependency rustc-hash because:
#15 23.92 Use of fallback dependencies is forced.
#15 23.92 Downloading rustc-hash source from https://crates.io/api/v1/crates/rustc-hash/2.1.1/download
#15 23.92 
#15 23.92 Executing subproject rustc-hash 
#15 23.92 
#15 23.92 Project name: rustc_hash
#15 23.92 Project version: 2.1.1
#15 23.92 Rust compiler for the host machine: rustc -C linker=/usr/sbin/clang (rustc 1.90.0 "1.90.0")
#15 23.92 Rust linker for the host machine: rustc -C linker=/usr/sbin/clang ld.bfd 2.45.0
#15 23.92 Rust compiler for the build machine: rustc -C linker=/usr/sbin/clang (rustc 1.90.0 "1.90.0")
#15 23.92 Rust linker for the build machine: rustc -C linker=/usr/sbin/clang ld.bfd 2.45.0
#15 23.92 subprojects/rustc-hash-2.1.1/meson.build:12: WARNING: Project does not target a minimum version but uses feature introduced in '1.3.0': rust_abi arg in static_library.
#15 23.92 Build targets in project: 462
#15 23.92 WARNING: Project specifies no minimum version but uses features which were added in versions:
#15 23.92  * 1.3.0: {'rust_abi arg in static_library'}
#15 23.92 Subproject rustc-hash finished.
#15 23.92 
#15 23.92 Dependency rustc-hash from subproject subprojects/rustc-hash-2.1.1 found: YES 2.1.1
#15 23.92 Running compile:
#15 23.92 Working directory:  /mesa/_build/meson-private/tmp0b94w6e8
#15 23.92 Code:
#15 23.92 #include <memory_resource>
#15 23.92         void bar(void) {
#15 23.92             (void) sizeof(std::pmr::monotonic_buffer_resource);
#15 23.92         }
#15 23.92 -----------
#15 23.92 Command line: `/usr/sbin/clang++ /mesa/_build/meson-private/tmp0b94w6e8/testfile.cpp -o /mesa/_build/meson-private/tmp0b94w6e8/output.obj -c -fsanitize=memory -fsanitize-memory-track-origins -fno-omit-frame-pointer -g -std=c++23 -nostdinc++ -isystem /libcxx_msan/include/c++/v1/ -D_FILE_OFFSET_BITS=64 -O0 -fpermissive -Werror=implicit-function-declaration -Werror=unknown-warning-option -Werror=unused-command-line-argument -Werror=ignored-optimization-argument -std=c++17` -> 0
#15 23.92 Checking for type "std::pmr::monotonic_buffer_resource" : YES 
#15 23.92 Using cached compile:
#15 23.92 Cached command line:  /usr/sbin/clang /mesa/_build/meson-private/tmpjtid09z_/testfile.c -o /mesa/_build/meson-private/tmpjtid09z_/output.obj -c -fsanitize=memory -fsanitize-memory-track-origins -fno-omit-frame-pointer -g -D_FILE_OFFSET_BITS=64 -O0 -Werror=implicit-function-declaration -Werror=unknown-warning-option -Werror=unused-command-line-argument -Werror=ignored-optimization-argument -Wgnu-variable-sized-type-not-at-end -Wno-gnu-variable-sized-type-not-at-end 
#15 23.92 
#15 23.92 Code:
#15 23.92  extern int i;
#15 23.92 int i;
#15 23.92 
#15 23.92 Cached compiler stdout:
#15 23.92  
#15 23.92 Cached compiler stderr:
#15 23.92  
#15 23.92 Compiler for C supports arguments -Wno-gnu-variable-sized-type-not-at-end: YES (cached)
#15 23.92 Running compile:
#15 23.92 Working directory:  /mesa/_build/meson-private/tmpkt0swyg4
#15 23.92 Code:
#15 23.92 extern int i;
#15 23.92 int i;
#15 23.92 
#15 23.92 -----------
#15 23.92 Command line: `/usr/sbin/clang /mesa/_build/meson-private/tmpkt0swyg4/testfile.c -o /mesa/_build/meson-private/tmpkt0swyg4/output.obj -c -fsanitize=memory -fsanitize-memory-track-origins -fno-omit-frame-pointer -g -D_FILE_OFFSET_BITS=64 -O0 -Werror=implicit-function-declaration -Werror=unknown-warning-option -Werror=unused-command-line-argument -Werror=ignored-optimization-argument -Wmissing-prototypes -Wno-missing-prototypes` -> 0
#15 23.92 Compiler for C supports arguments -Wno-missing-prototypes: YES 
#15 23.92 Configuring rusticl.icd using configuration
#15 23.92 Running compile:
#15 23.92 Working directory:  /mesa/_build/meson-private/tmpm_cbm8o3
#15 23.92 Code:
#15 23.92 int main(void) { return 0; }
#15 23.92 
#15 23.92 -----------
#15 23.92 Command line: `/usr/sbin/clang -L/msan/lib -L/libcxx_msan/lib /mesa/_build/meson-private/tmpm_cbm8o3/testfile.c -o /mesa/_build/meson-private/tmpm_cbm8o3/output.exe -fsanitize=memory -fsanitize-memory-track-origins -fno-omit-frame-pointer -g -D_FILE_OFFSET_BITS=64 -O0 -Werror=implicit-function-declaration -Wl,--fatal-warnings -Wl,--default-symver -Wl,-rpath,/msan/lib -Wl,-rpath,/libcxx_msan/lib -Wl,--start-group -lc++ -lc++abi -Wl,--end-group` -> 0
#15 23.92 Compiler for C supports link arguments -Wl,--default-symver: YES 
#15 23.92 Configuring dri.sym using configuration
#15 23.92 Running compile:
#15 23.92 Working directory:  /mesa/_build/meson-private/tmpz95osfrb
#15 23.92 Code:
#15 23.92 
#15 23.92         #define mincore meson_disable_define_of_mincore
#15 23.92         
#15 23.92         #include <limits.h>
#15 23.92         #undef mincore
#15 23.92         
#15 23.92         #ifdef __cplusplus
#15 23.92         extern "C"
#15 23.92         #endif
#15 23.92         char mincore (void);
#15 23.92         
#15 23.92         #if defined __stub_mincore || defined __stub___mincore
#15 23.92         fail fail fail this function is not going to work
#15 23.92         #endif
#15 23.92         
#15 23.92         int main(void) {
#15 23.92           return mincore ();
#15 23.92         }
#15 23.92 -----------
#15 23.92 Command line: `/usr/sbin/clang -L/msan/lib -L/libcxx_msan/lib /mesa/_build/meson-private/tmpz95osfrb/testfile.c -o /mesa/_build/meson-private/tmpz95osfrb/output.exe -fsanitize=memory -fsanitize-memory-track-origins -fno-omit-frame-pointer -g -D_FILE_OFFSET_BITS=64 -O0 -Werror=implicit-function-declaration -std=c11 -Wl,-rpath,/msan/lib -Wl,-rpath,/libcxx_msan/lib -Wl,--start-group -lc++ -lc++abi -Wl,--end-group` -> 0
#15 23.92 Checking for function "mincore" : YES 
#15 23.92 Configuring 50_mesa.json using configuration
#15 23.92 Configuring devenv_glvnd_egl.json using configuration
#15 23.92 Configuring dri.sym using configuration
#15 23.92 Program ln found: YES (/usr/sbin/ln)
#15 23.92 Program sphinx-build skipped: feature html-docs disabled
#15 23.92 Build targets in project: 595
#15 23.92 
#15 23.92 mesa 25.2.4
#15 23.92 
#15 23.92   Directories
#15 23.92     prefix              : /usr
#15 23.92     libdir              : lib
#15 23.92     includedir          : include
#15 23.92 
#15 23.92   Common C and C++ arguments
#15 23.92     c_cpp_args          : -mtls-dialect=gnu2
#15 23.92 
#15 23.92   OpenGL
#15 23.92     OpenGL              : YES
#15 23.92     ES1                 : NO
#15 23.92     ES2                 : YES
#15 23.92     GLVND               : YES
#15 23.92 
#15 23.92   DRI
#15 23.92     Platform            : drm
#15 23.92     Driver dir          : /usr/lib/dri
#15 23.92 
#15 23.92   GLX
#15 23.92     Enabled             : YES
#15 23.92     Provider            : dri
#15 23.92 
#15 23.92   EGL
#15 23.92     Enabled             : YES
#15 23.92     Drivers             : builtin:egl_dri2 builtin:egl_dri3
#15 23.92     Platforms           : x11 wayland surfaceless drm xcb
#15 23.92 
#15 23.92   GBM
#15 23.92     Enabled             : YES
#15 23.92     External libgbm     : NO
#15 23.92     Backends path       : /usr/lib/gbm
#15 23.92 
#15 23.92   Vulkan
#15 23.92     Drivers             : amd intel intel_hasvk swrast virtio nouveau
#15 23.92     Platforms           : x11 wayland surfaceless drm xcb
#15 23.92     ICD dir             : share/vulkan/icd.d
#15 23.92     Layers              : device-select intel-nullhw overlay
#15 23.92     Intel Ray tracing   : YES
#15 23.92 
#15 23.92   Video
#15 23.92     Codecs              : vc1dec h264dec h264enc h265dec h265enc av1dec av1enc
#15 23.92                           vp9dec
#15 23.92     APIs                : va vulkan
#15 23.92 
#15 23.92   LLVM
#15 23.92     Required            : enabled
#15 23.92     Version             : 20.1.8
#15 23.92 
#15 23.92   Gallium
#15 23.92     Enabled             : YES
#15 23.92     Drivers             : r300 r600 radeonsi nouveau virgl svga softpipe
#15 23.92                           llvmpipe i915 iris crocus zink
#15 23.92     Platforms           : x11 wayland surfaceless drm xcb
#15 23.92     Frontends           : mesa va rusticl
#15 23.92     HUD lm-sensors      : NO
#15 23.92 
#15 23.92   Perfetto
#15 23.92     Enabled             : NO
#15 23.92 
#15 23.92   Teflon (TensorFlow Lite delegate)
#15 23.92     Enabled             : NO
#15 23.92 
#15 23.92   Subprojects
#15 23.92     paste               : YES 2 warnings
#15 23.92     proc-macro2         : YES 2 warnings (from syn => quote)
#15 23.92     quote               : YES 2 warnings (from syn)
#15 23.92     rustc-hash          : YES 2 warnings
#15 23.92     syn                 : YES 2 warnings
#15 23.92     unicode-ident       : YES 2 warnings (from syn)
#15 23.92 
#15 23.92   User defined options
#15 23.92     android-libbacktrace: disabled
#15 23.92     b_lto               : false
#15 23.92     b_ndebug            : true
#15 23.92     buildtype           : plain
#15 23.92     egl                 : enabled
#15 23.92     force_fallback_for  : syn,paste,rustc-hash
#15 23.92     gallium-drivers     : r300,r600,radeonsi,nouveau,virgl,svga,softpipe,llvmpipe,i915,iris,crocus,zink
#15 23.92     gallium-extra-hud   : true
#15 23.92     gallium-rusticl     : true
#15 23.92     gallium-va          : enabled
#15 23.92     gbm                 : enabled
#15 23.92     gles1               : disabled
#15 23.92     gles2               : enabled
#15 23.92     glvnd               : enabled
#15 23.92     glx                 : dri
#15 23.92     legacy-x11          : dri2
#15 23.92     libunwind           : enabled
#15 23.92     llvm                : enabled
#15 23.92     lmsensors           : disabled
#15 23.92     microsoft-clc       : disabled
#15 23.92     platforms           : x11,wayland
#15 23.92     prefix              : /usr
#15 23.92     split-debug         : disabled
#15 23.92     sysconfdir          : /etc
#15 23.92     tools               : []
#15 23.92     valgrind            : disabled
#15 23.92     video-codecs        : all
#15 23.92     vulkan-drivers      : amd,intel,intel_hasvk,swrast,virtio,nouveau
#15 23.92     vulkan-layers       : device-select,intel-nullhw,overlay
#15 23.92     wrap_mode           : nofallback
#15 23.92     zstd                : enabled
#15 23.92 
#15 23.92 Found ninja-1.12.1 at /usr/sbin/ninja
#15 23.92 -----------
#15 23.92 Called: `rustc -C linker=/usr/sbin/clang --print target-libdir` -> 0
#15 23.92 stdout:
#15 23.92 /usr/lib/rustlib/x86_64-unknown-linux-gnu/lib
#15 23.92 -----------
#15 23.92 Running compile:
#15 23.92 Working directory:  /mesa/_build/meson-private/tmpdhvy8rvg
#15 23.92 Code:
#15 23.92 
#15 23.92         #ifdef __has_include
#15 23.92          #if !__has_include("version")
#15 23.92           #error "Header 'version' could not be found"
#15 23.92          #endif
#15 23.92         #else
#15 23.92          #include <version>
#15 23.92         #endif
#15 23.92 -----------
#15 23.92 Command line: `/usr/sbin/clang++ /mesa/_build/meson-private/tmpdhvy8rvg/testfile.cpp -E -P -fsanitize=memory -fsanitize-memory-track-origins -fno-omit-frame-pointer -g -std=c++23 -nostdinc++ -isystem /libcxx_msan/include/c++/v1/ -D_FILE_OFFSET_BITS=64 -P -O0 -fpermissive -Werror=implicit-function-declaration` -> 0
#15 23.92 Running compile:
#15 23.92 Working directory:  /mesa/_build/meson-private/tmpqryjb5_c
#15 23.92 Code:
#15 23.92 
#15 23.92         #include <version>
#15 23.92         int main(void) {
#15 23.92             /* If it's not defined as a macro, try to use as a symbol */
#15 23.92             #ifndef _LIBCPP_VERSION
#15 23.92                 _LIBCPP_VERSION;
#15 23.92             #endif
#15 23.92             return 0;
#15 23.92         }
#15 23.92 -----------
#15 23.92 Command line: `/usr/sbin/clang++ /mesa/_build/meson-private/tmpqryjb5_c/testfile.cpp -o /mesa/_build/meson-private/tmpqryjb5_c/output.obj -c -fsanitize=memory -fsanitize-memory-track-origins -fno-omit-frame-pointer -g -std=c++23 -nostdinc++ -isystem /libcxx_msan/include/c++/v1/ -D_FILE_OFFSET_BITS=64 -O0 -fpermissive -Werror=implicit-function-declaration -Werror=unknown-warning-option -Werror=unused-command-line-argument -Werror=ignored-optimization-argument` -> 0
#15 23.92 Running compile:
#15 23.92 Working directory:  /mesa/_build/meson-private/tmpg7dpat3u
#15 23.92 Code:
#15 23.92 int main(void) { return 0; }
#15 23.92 
#15 23.92 -----------
#15 23.92 Command line: `/usr/sbin/clang++ -L/msan/lib -L/libcxx_msan/lib /mesa/_build/meson-private/tmpg7dpat3u/testfile.cpp -o /mesa/_build/meson-private/tmpg7dpat3u/output.exe -fsanitize=memory -fsanitize-memory-track-origins -fno-omit-frame-pointer -g -std=c++23 -nostdinc++ -isystem /libcxx_msan/include/c++/v1/ -D_FILE_OFFSET_BITS=64 -O0 -fpermissive -Werror=implicit-function-declaration -Wl,--start-group -lc++ -Wl,--allow-shlib-undefined -Wl,-rpath,/msan/lib -Wl,-rpath,/libcxx_msan/lib -lc++abi -Wl,--end-group` -> 0
#15 23.92 -----------
#15 23.92 Called: `rustc -C linker=/usr/sbin/clang --print target-libdir` -> 0
#15 23.92 stdout:
#15 23.92 /usr/lib/rustlib/x86_64-unknown-linux-gnu/lib
#15 23.92 -----------
#15 23.92 -----------
#15 23.92 Called: `rustc -C linker=/usr/sbin/clang --print sysroot` -> 0
#15 23.92 stdout:
#15 23.92 /usr
#15 23.92 -----------
#15 ERROR: process "/bin/sh -c cd mesa/ && mkdir _build && export CXX=$(which clang++) && export CC=$(which clang) && export CXXFLAGS=\"        -fsanitize=memory         -fsanitize-memory-track-origins         -fno-omit-frame-pointer         -g         -std=c++23         -nostdinc++         -isystem /libcxx_msan/include/c++/v1/\"&& export CFLAGS=\"        -fsanitize=memory         -fsanitize-memory-track-origins         -fno-omit-frame-pointer         -g\" && export LDFLAGS=\"    -fsanitize=memory     -fsanitize-memory-track-origins     -g     -L/msan/lib -Wl,-rpath,/msan/lib     -L/libcxx_msan/lib -Wl,-rpath,/libcxx_msan/lib     -lc++     -lc++abi\" && meson setup ./ _build      -D android-libbacktrace=disabled     -D split-debug=disabled     -D b_ndebug=true     -D b_lto=false     -D egl=enabled     -D gallium-drivers=r300,r600,radeonsi,nouveau,virgl,svga,softpipe,llvmpipe,i915,iris,crocus,zink     -D gallium-extra-hud=true     -D gallium-rusticl=true     -D gallium-va=enabled     -D gbm=enabled     -D gles1=disabled     -D gles2=enabled     -D glvnd=enabled     -D glx=dri     -D libunwind=enabled     -D llvm=enabled     -D lmsensors=disabled     -D microsoft-clc=disabled     -D platforms=x11,wayland     -D valgrind=disabled     -D video-codecs=all     -D vulkan-drivers=amd,intel,intel_hasvk,swrast,virtio,nouveau     -D vulkan-layers=device-select,intel-nullhw,overlay     -D tools=[]     -D zstd=enabled     -D buildtype=plain     -D prefix=/usr     -D sysconfdir=/etc     -D legacy-x11=dri2     --wrap-mode=nofallback     --force-fallback-for=syn,paste,rustc-hash ; cat /mesa/_build/meson-logs/meson-log.txt && exit 1 && meson configure --no-pager _build && ninja -C _build" did not complete successfully: exit code: 1
------
 > [12/12] RUN cd mesa/ && mkdir _build && export CXX=$(which clang++) && export CC=$(which clang) && export CXXFLAGS="        -fsanitize=memory         -fsanitize-memory-track-origins         -fno-omit-frame-pointer         -g         -std=c++23         -nostdinc++         -isystem /libcxx_msan/include/c++/v1/"&& export CFLAGS="        -fsanitize=memory         -fsanitize-memory-track-origins         -fno-omit-frame-pointer         -g" && export LDFLAGS="    -fsanitize=memory     -fsanitize-memory-track-origins     -g     -L/msan/lib -Wl,-rpath,/msan/lib     -L/libcxx_msan/lib -Wl,-rpath,/libcxx_msan/lib     -lc++     -lc++abi" && meson setup ./ _build      -D android-libbacktrace=disabled     -D split-debug=disabled     -D b_ndebug=true     -D b_lto=false     -D egl=enabled     -D gallium-drivers=r300,r600,radeonsi,nouveau,virgl,svga,softpipe,llvmpipe,i915,iris,crocus,zink     -D gallium-extra-hud=true     -D gallium-rusticl=true     -D gallium-va=enabled     -D gbm=enabled     -D gles1=disabled     -D gles2=enabled     -D glvnd=enabled     -D glx=dri     -D libunwind=enabled     -D llvm=enabled     -D lmsensors=disabled     -D microsoft-clc=disabled     -D platforms=x11,wayland     -D valgrind=disabled     -D video-codecs=all     -D vulkan-drivers=amd,intel,intel_hasvk,swrast,virtio,nouveau     -D vulkan-layers=device-select,intel-nullhw,overlay     -D tools=[]     -D zstd=enabled     -D buildtype=plain     -D prefix=/usr     -D sysconfdir=/etc     -D legacy-x11=dri2     --wrap-mode=nofallback     --force-fallback-for=syn,paste,rustc-hash ; cat /mesa/_build/meson-logs/meson-log.txt && exit 1 && meson configure --no-pager _build && ninja -C _build:
23.92 -----------
23.92 Called: `rustc -C linker=/usr/sbin/clang --print target-libdir` -> 0
23.92 stdout:
23.92 /usr/lib/rustlib/x86_64-unknown-linux-gnu/lib
23.92 -----------
23.92 -----------
23.92 Called: `rustc -C linker=/usr/sbin/clang --print sysroot` -> 0
23.92 stdout:
23.92 /usr
23.92 -----------
------
Dockerfile:240
--------------------
 239 |     
 240 | >>> RUN \
 241 | >>> cd mesa/ \
 242 | >>> && mkdir _build \
 243 | >>> && export CXX=$(which clang++) \
 244 | >>> && export CC=$(which clang) \
 245 | >>> && export CXXFLAGS="\
 246 | >>>         -fsanitize=memory \
 247 | >>>         -fsanitize-memory-track-origins \
 248 | >>>         -fno-omit-frame-pointer \
 249 | >>>         -g \
 250 | >>>         -std=c++23 \
 251 | >>>         -nostdinc++ \
 252 | >>>         -isystem /libcxx_msan/include/c++/v1/"\
 253 | >>> && export CFLAGS="\
 254 | >>>         -fsanitize=memory \
 255 | >>>         -fsanitize-memory-track-origins \
 256 | >>>         -fno-omit-frame-pointer \
 257 | >>>         -g" \
 258 | >>> && export LDFLAGS="\
 259 | >>>     -fsanitize=memory \
 260 | >>>     -fsanitize-memory-track-origins \
 261 | >>>     -g \
 262 | >>>     -L/msan/lib -Wl,-rpath,/msan/lib \
 263 | >>>     -L/libcxx_msan/lib -Wl,-rpath,/libcxx_msan/lib \
 264 | >>>     -lc++ \
 265 | >>>     -lc++abi" \
 266 | >>> && meson setup ./ _build  \
 267 | >>>     -D android-libbacktrace=disabled \
 268 | >>>     -D split-debug=disabled \
 269 | >>>     -D b_ndebug=true \
 270 | >>>     -D b_lto=false \
 271 | >>>     -D egl=enabled \
 272 | >>>     -D gallium-drivers=r300,r600,radeonsi,nouveau,virgl,svga,softpipe,llvmpipe,i915,iris,crocus,zink \
 273 | >>>     -D gallium-extra-hud=true \
 274 | >>>     -D gallium-rusticl=true \
 275 | >>>     -D gallium-va=enabled \
 276 | >>>     -D gbm=enabled \
 277 | >>>     -D gles1=disabled \
 278 | >>>     -D gles2=enabled \
 279 | >>>     -D glvnd=enabled \
 280 | >>>     -D glx=dri \
 281 | >>>     -D libunwind=enabled \
 282 | >>>     -D llvm=enabled \
 283 | >>>     -D lmsensors=disabled \
 284 | >>>     -D microsoft-clc=disabled \
 285 | >>>     -D platforms=x11,wayland \
 286 | >>>     -D valgrind=disabled \
 287 | >>>     -D video-codecs=all \
 288 | >>>     -D vulkan-drivers=amd,intel,intel_hasvk,swrast,virtio,nouveau \
 289 | >>>     -D vulkan-layers=device-select,intel-nullhw,overlay \
 290 | >>>     -D tools=[] \
 291 | >>>     -D zstd=enabled \
 292 | >>>     -D buildtype=plain \
 293 | >>>     -D prefix=/usr \
 294 | >>>     -D sysconfdir=/etc \
 295 | >>>     -D legacy-x11=dri2 \
 296 | >>>     --wrap-mode=nofallback \
 297 | >>>     --force-fallback-for=syn,paste,rustc-hash ; cat /mesa/_build/meson-logs/meson-log.txt && exit 1 \
 298 | >>> && meson configure --no-pager _build \
 299 | >>> && ninja -C _build
 300 |     
--------------------
ERROR: failed to build: failed to solve: process "/bin/sh -c cd mesa/ && mkdir _build && export CXX=$(which clang++) && export CC=$(which clang) && export CXXFLAGS=\"        -fsanitize=memory         -fsanitize-memory-track-origins         -fno-omit-frame-pointer         -g         -std=c++23         -nostdinc++         -isystem /libcxx_msan/include/c++/v1/\"&& export CFLAGS=\"        -fsanitize=memory         -fsanitize-memory-track-origins         -fno-omit-frame-pointer         -g\" && export LDFLAGS=\"    -fsanitize=memory     -fsanitize-memory-track-origins     -g     -L/msan/lib -Wl,-rpath,/msan/lib     -L/libcxx_msan/lib -Wl,-rpath,/libcxx_msan/lib     -lc++     -lc++abi\" && meson setup ./ _build      -D android-libbacktrace=disabled     -D split-debug=disabled     -D b_ndebug=true     -D b_lto=false     -D egl=enabled     -D gallium-drivers=r300,r600,radeonsi,nouveau,virgl,svga,softpipe,llvmpipe,i915,iris,crocus,zink     -D gallium-extra-hud=true     -D gallium-rusticl=true     -D gallium-va=enabled     -D gbm=enabled     -D gles1=disabled     -D gles2=enabled     -D glvnd=enabled     -D glx=dri     -D libunwind=enabled     -D llvm=enabled     -D lmsensors=disabled     -D microsoft-clc=disabled     -D platforms=x11,wayland     -D valgrind=disabled     -D video-codecs=all     -D vulkan-drivers=amd,intel,intel_hasvk,swrast,virtio,nouveau     -D vulkan-layers=device-select,intel-nullhw,overlay     -D tools=[]     -D zstd=enabled     -D buildtype=plain     -D prefix=/usr     -D sysconfdir=/etc     -D legacy-x11=dri2     --wrap-mode=nofallback     --force-fallback-for=syn,paste,rustc-hash ; cat /mesa/_build/meson-logs/meson-log.txt && exit 1 && meson configure --no-pager _build && ninja -C _build" did not complete successfully: exit code: 1
